2026-05-08 04:58:29: ◇ injected env (2) from .env // tip: ◈ encrypted .env [www.dotenvx.com]
2026-05-08 04:58:30: Server running on port 5000
2026-05-08 04:58:33: ◇ injected env (2) from .env // tip: ⌘ multiple files { path: ['.env.local', '.env'] }
2026-05-08 04:58:33: Server running on port 5000
2026-05-08 04:58:36: ◇ injected env (2) from .env // tip: ⌘ suppress logs { quiet: true }
2026-05-08 04:58:37: Server running on port 5000
2026-05-08 04:58:39: ◇ injected env (2) from .env // tip: ⌘ override existing { override: true }
2026-05-08 04:58:40: Server running on port 5000
2026-05-08 04:58:43: ◇ injected env (2) from .env // tip: ⌘ multiple files { path: ['.env.local', '.env'] }
2026-05-08 04:58:43: Server running on port 5000
2026-05-08 04:58:46: ◇ injected env (2) from .env // tip: ⌘ suppress logs { quiet: true }
2026-05-08 04:58:46: Server running on port 5000
2026-05-08 04:58:49: ◇ injected env (2) from .env // tip: ⌘ enable debugging { debug: true }
2026-05-08 04:58:50: Server running on port 5000
2026-05-08 04:58:52: ◇ injected env (2) from .env // tip: ⌘ multiple files { path: ['.env.local', '.env'] }
2026-05-08 04:58:53: Server running on port 5000
2026-05-08 04:58:56: ◇ injected env (2) from .env // tip: ⌁ auth for agents [www.vestauth.com]
2026-05-08 04:58:56: Server running on port 5000
2026-05-08 04:58:59: ◇ injected env (2) from .env // tip: ⌘ enable debugging { debug: true }
2026-05-08 04:59:00: Server running on port 5000
2026-05-08 04:59:02: ◇ injected env (2) from .env // tip: ⌘ multiple files { path: ['.env.local', '.env'] }
2026-05-08 04:59:03: Server running on port 5000
2026-05-08 04:59:06: ◇ injected env (2) from .env // tip: ⌘ override existing { override: true }
2026-05-08 04:59:06: Server running on port 5000
2026-05-08 05:03:02: ◇ injected env (3) from .env // tip: ◈ secrets for agents [www.dotenvx.com]
2026-05-08 05:03:03: Server running on port 5000
2026-05-08 16:02:47: ◇ injected env (3) from .env // tip: ◈ encrypted .env [www.dotenvx.com]
2026-05-08 16:02:49: Server running on port 5000
2026-05-08 19:18:58: ◇ injected env (3) from .env // tip: ⌘ override existing { override: true }
2026-05-08 19:18:59: Server running on port 5000
2026-05-08 19:19:27: ◇ injected env (3) from .env // tip: ⌘ enable debugging { debug: true }
2026-05-08 19:19:28: Server running on port 5000
2026-05-09 02:46:30: ◇ injected env (3) from .env // tip: ⌘ suppress logs { quiet: true }
2026-05-09 02:46:32: ◇ injected env (3) from .env // tip: ⌘ override existing { override: true }
2026-05-09 02:46:33: ◇ injected env (3) from .env // tip: ⌘ custom filepath { path: '/custom/path/.env' }
2026-05-09 02:46:34: ◇ injected env (3) from .env // tip: ⌘ suppress logs { quiet: true }
2026-05-09 02:46:35: ◇ injected env (3) from .env // tip: ⌘ override existing { override: true }
2026-05-09 02:46:36: ◇ injected env (3) from .env // tip: ⌘ multiple files { path: ['.env.local', '.env'] }
2026-05-09 02:46:36: ◇ injected env (3) from .env // tip: ⌘ override existing { override: true }
2026-05-09 02:46:37: ◇ injected env (3) from .env // tip: ◈ encrypted .env [www.dotenvx.com]
2026-05-09 02:46:38: ◇ injected env (3) from .env // tip: ⌘ custom filepath { path: '/custom/path/.env' }
2026-05-09 02:46:38: ◇ injected env (3) from .env // tip: ⌘ custom filepath { path: '/custom/path/.env' }
2026-05-09 02:46:39: ◇ injected env (3) from .env // tip: ⌘ enable debugging { debug: true }
2026-05-09 02:46:40: ◇ injected env (3) from .env // tip: ⌁ auth for agents [www.vestauth.com]
2026-05-09 02:46:41: ◇ injected env (3) from .env // tip: ◈ encrypted .env [www.dotenvx.com]
2026-05-09 02:46:41: ◇ injected env (3) from .env // tip: ⌘ suppress logs { quiet: true }
2026-05-09 02:46:42: ◇ injected env (3) from .env // tip: ⌘ enable debugging { debug: true }
2026-05-09 02:46:43: ◇ injected env (3) from .env // tip: ⌘ override existing { override: true }
2026-05-09 02:46:43: ◇ injected env (3) from .env // tip: ⌘ override existing { override: true }
2026-05-09 02:46:44: ◇ injected env (3) from .env // tip: ◈ secrets for agents [www.dotenvx.com]
2026-05-09 02:46:45: ◇ injected env (3) from .env // tip: ⌘ custom filepath { path: '/custom/path/.env' }
2026-05-09 02:46:46: ◇ injected env (3) from .env // tip: ◈ secrets for agents [www.dotenvx.com]
2026-05-09 02:46:47: ◇ injected env (3) from .env // tip: ⌘ multiple files { path: ['.env.local', '.env'] }
2026-05-09 02:46:47: ◇ injected env (3) from .env // tip: ◈ encrypted .env [www.dotenvx.com]
2026-05-09 02:46:48: ◇ injected env (3) from .env // tip: ⌘ enable debugging { debug: true }
2026-05-09 02:46:49: ◇ injected env (3) from .env // tip: ⌘ custom filepath { path: '/custom/path/.env' }
2026-05-09 02:46:49: ◇ injected env (3) from .env // tip: ⌘ suppress logs { quiet: true }
2026-05-09 02:46:50: ◇ injected env (3) from .env // tip: ⌘ suppress logs { quiet: true }
2026-05-09 02:46:51: ◇ injected env (3) from .env // tip: ⌘ override existing { override: true }
2026-05-09 02:46:51: ◇ injected env (3) from .env // tip: ⌘ suppress logs { quiet: true }
2026-05-09 02:46:52: ◇ injected env (3) from .env // tip: ⌁ auth for agents [www.vestauth.com]
2026-05-09 02:46:53: ◇ injected env (3) from .env // tip: ⌘ custom filepath { path: '/custom/path/.env' }
2026-05-09 02:46:54: ◇ injected env (3) from .env // tip: ⌘ enable debugging { debug: true }
2026-05-09 02:46:54: ◇ injected env (3) from .env // tip: ⌘ custom filepath { path: '/custom/path/.env' }
2026-05-09 02:46:55: ◇ injected env (3) from .env // tip: ⌘ multiple files { path: ['.env.local', '.env'] }
2026-05-09 02:46:56: ◇ injected env (3) from .env // tip: ⌘ enable debugging { debug: true }
2026-05-09 02:46:56: ◇ injected env (3) from .env // tip: ⌁ auth for agents [www.vestauth.com]
2026-05-09 02:46:57: ◇ injected env (3) from .env // tip: ⌘ override existing { override: true }
2026-05-09 02:46:58: ◇ injected env (3) from .env // tip: ⌘ custom filepath { path: '/custom/path/.env' }
2026-05-09 02:46:59: ◇ injected env (3) from .env // tip: ⌘ override existing { override: true }
2026-05-09 02:46:59: ◇ injected env (3) from .env // tip: ◈ encrypted .env [www.dotenvx.com]
2026-05-09 02:47:00: ◇ injected env (3) from .env // tip: ◈ encrypted .env [www.dotenvx.com]
2026-05-09 02:47:01: ◇ injected env (3) from .env // tip: ⌘ multiple files { path: ['.env.local', '.env'] }
2026-05-09 02:47:02: ◇ injected env (3) from .env // tip: ⌘ enable debugging { debug: true }
2026-05-09 02:47:02: ◇ injected env (3) from .env // tip: ◈ secrets for agents [www.dotenvx.com]
2026-05-09 02:47:03: ◇ injected env (3) from .env // tip: ⌘ suppress logs { quiet: true }
2026-05-09 02:47:04: ◇ injected env (3) from .env // tip: ⌘ multiple files { path: ['.env.local', '.env'] }
2026-05-09 02:47:05: ◇ injected env (3) from .env // tip: ⌁ auth for agents [www.vestauth.com]
2026-05-09 02:47:05: ◇ injected env (3) from .env // tip: ⌘ custom filepath { path: '/custom/path/.env' }
2026-05-09 02:47:06: ◇ injected env (3) from .env // tip: ⌘ suppress logs { quiet: true }
2026-05-09 02:47:07: ◇ injected env (3) from .env // tip: ⌘ custom filepath { path: '/custom/path/.env' }
2026-05-09 02:47:07: ◇ injected env (3) from .env // tip: ⌘ suppress logs { quiet: true }
2026-05-09 02:47:08: ◇ injected env (3) from .env // tip: ⌁ auth for agents [www.vestauth.com]
2026-05-09 02:47:09: ◇ injected env (3) from .env // tip: ⌘ multiple files { path: ['.env.local', '.env'] }
2026-05-09 02:47:10: ◇ injected env (3) from .env // tip: ⌘ custom filepath { path: '/custom/path/.env' }
2026-05-09 02:47:10: ◇ injected env (3) from .env // tip: ◈ encrypted .env [www.dotenvx.com]
2026-05-09 02:47:11: ◇ injected env (3) from .env // tip: ⌘ custom filepath { path: '/custom/path/.env' }
2026-05-09 02:47:12: ◇ injected env (3) from .env // tip: ⌘ override existing { override: true }
2026-05-09 02:47:12: ◇ injected env (3) from .env // tip: ⌁ auth for agents [www.vestauth.com]
2026-05-09 02:47:13: ◇ injected env (3) from .env // tip: ⌘ suppress logs { quiet: true }
2026-05-09 02:47:14: ◇ injected env (3) from .env // tip: ⌁ auth for agents [www.vestauth.com]
2026-05-09 02:47:14: ◇ injected env (3) from .env // tip: ⌘ multiple files { path: ['.env.local', '.env'] }
2026-05-09 02:47:15: ◇ injected env (3) from .env // tip: ⌘ override existing { override: true }
2026-05-09 02:47:16: ◇ injected env (3) from .env // tip: ⌘ custom filepath { path: '/custom/path/.env' }
2026-05-09 02:47:17: ◇ injected env (3) from .env // tip: ◈ encrypted .env [www.dotenvx.com]
2026-05-09 02:47:17: ◇ injected env (3) from .env // tip: ◈ secrets for agents [www.dotenvx.com]
2026-05-09 02:47:18: ◇ injected env (3) from .env // tip: ⌘ custom filepath { path: '/custom/path/.env' }
2026-05-09 02:47:19: ◇ injected env (3) from .env // tip: ◈ secrets for agents [www.dotenvx.com]
2026-05-09 02:47:20: ◇ injected env (3) from .env // tip: ⌘ custom filepath { path: '/custom/path/.env' }
2026-05-09 02:47:20: ◇ injected env (3) from .env // tip: ⌘ multiple files { path: ['.env.local', '.env'] }
2026-05-09 02:47:21: ◇ injected env (3) from .env // tip: ⌁ auth for agents [www.vestauth.com]
2026-05-09 02:47:22: ◇ injected env (3) from .env // tip: ◈ secrets for agents [www.dotenvx.com]
2026-05-09 02:47:22: ◇ injected env (3) from .env // tip: ⌘ suppress logs { quiet: true }
2026-05-09 02:47:23: ◇ injected env (3) from .env // tip: ◈ encrypted .env [www.dotenvx.com]
2026-05-09 02:47:24: ◇ injected env (3) from .env // tip: ◈ secrets for agents [www.dotenvx.com]
2026-05-09 02:47:24: ◇ injected env (3) from .env // tip: ⌘ enable debugging { debug: true }
2026-05-09 02:47:25: ◇ injected env (3) from .env // tip: ⌘ multiple files { path: ['.env.local', '.env'] }
2026-05-09 02:47:26: ◇ injected env (3) from .env // tip: ⌘ custom filepath { path: '/custom/path/.env' }
2026-05-09 02:47:27: ◇ injected env (3) from .env // tip: ⌘ enable debugging { debug: true }
2026-05-09 02:47:27: ◇ injected env (3) from .env // tip: ⌘ override existing { override: true }
2026-05-09 02:47:28: ◇ injected env (3) from .env // tip: ⌘ multiple files { path: ['.env.local', '.env'] }
2026-05-09 02:47:29: ◇ injected env (3) from .env // tip: ⌘ custom filepath { path: '/custom/path/.env' }
2026-05-09 02:47:29: ◇ injected env (3) from .env // tip: ⌘ override existing { override: true }
2026-05-09 02:47:30: ◇ injected env (3) from .env // tip: ⌁ auth for agents [www.vestauth.com]
2026-05-09 02:47:31: ◇ injected env (3) from .env // tip: ⌘ enable debugging { debug: true }
2026-05-09 02:47:32: ◇ injected env (3) from .env // tip: ◈ secrets for agents [www.dotenvx.com]
2026-05-09 02:47:32: ◇ injected env (3) from .env // tip: ⌁ auth for agents [www.vestauth.com]
2026-05-09 02:47:33: ◇ injected env (3) from .env // tip: ◈ secrets for agents [www.dotenvx.com]
2026-05-09 02:47:34: ◇ injected env (3) from .env // tip: ⌘ override existing { override: true }
2026-05-09 02:47:35: ◇ injected env (3) from .env // tip: ⌘ enable debugging { debug: true }
2026-05-09 02:47:35: ◇ injected env (3) from .env // tip: ⌘ enable debugging { debug: true }
2026-05-09 02:47:36: ◇ injected env (3) from .env // tip: ⌘ custom filepath { path: '/custom/path/.env' }
2026-05-09 02:47:37: ◇ injected env (3) from .env // tip: ⌘ suppress logs { quiet: true }
2026-05-09 02:47:38: ◇ injected env (3) from .env // tip: ⌘ custom filepath { path: '/custom/path/.env' }
2026-05-09 02:47:38: ◇ injected env (3) from .env // tip: ⌘ custom filepath { path: '/custom/path/.env' }
2026-05-09 02:47:39: ◇ injected env (3) from .env // tip: ⌘ override existing { override: true }
2026-05-09 02:47:40: ◇ injected env (3) from .env // tip: ◈ encrypted .env [www.dotenvx.com]
2026-05-09 02:47:40: ◇ injected env (3) from .env // tip: ⌘ suppress logs { quiet: true }
2026-05-09 02:47:41: ◇ injected env (3) from .env // tip: ⌘ enable debugging { debug: true }
2026-05-09 02:47:42: ◇ injected env (3) from .env // tip: ◈ secrets for agents [www.dotenvx.com]
2026-05-09 02:47:43: ◇ injected env (3) from .env // tip: ⌘ custom filepath { path: '/custom/path/.env' }
2026-05-09 02:47:43: ◇ injected env (3) from .env // tip: ◈ secrets for agents [www.dotenvx.com]
2026-05-09 02:47:44: ◇ injected env (3) from .env // tip: ◈ secrets for agents [www.dotenvx.com]
2026-05-09 02:47:45: ◇ injected env (3) from .env // tip: ⌁ auth for agents [www.vestauth.com]
2026-05-09 02:47:45: ◇ injected env (3) from .env // tip: ⌁ auth for agents [www.vestauth.com]
2026-05-09 02:47:46: ◇ injected env (3) from .env // tip: ⌘ override existing { override: true }
2026-05-09 02:47:47: ◇ injected env (3) from .env // tip: ◈ secrets for agents [www.dotenvx.com]
2026-05-09 02:47:48: ◇ injected env (3) from .env // tip: ⌘ override existing { override: true }
2026-05-09 02:47:48: ◇ injected env (3) from .env // tip: ◈ encrypted .env [www.dotenvx.com]
2026-05-09 02:47:49: ◇ injected env (3) from .env // tip: ⌘ multiple files { path: ['.env.local', '.env'] }
2026-05-09 02:47:50: ◇ injected env (3) from .env // tip: ⌘ multiple files { path: ['.env.local', '.env'] }
2026-05-09 02:47:50: ◇ injected env (3) from .env // tip: ⌘ multiple files { path: ['.env.local', '.env'] }
2026-05-09 02:47:51: ◇ injected env (3) from .env // tip: ⌘ custom filepath { path: '/custom/path/.env' }
2026-05-09 02:47:52: ◇ injected env (3) from .env // tip: ◈ encrypted .env [www.dotenvx.com]
2026-05-09 02:47:53: ◇ injected env (3) from .env // tip: ⌘ multiple files { path: ['.env.local', '.env'] }
2026-05-09 02:47:53: ◇ injected env (3) from .env // tip: ⌘ enable debugging { debug: true }
2026-05-09 02:47:54: ◇ injected env (3) from .env // tip: ⌘ enable debugging { debug: true }
2026-05-09 02:47:55: ◇ injected env (3) from .env // tip: ⌘ custom filepath { path: '/custom/path/.env' }
2026-05-09 02:47:56: ◇ injected env (3) from .env // tip: ⌘ custom filepath { path: '/custom/path/.env' }
2026-05-09 02:47:56: ◇ injected env (3) from .env // tip: ⌘ suppress logs { quiet: true }
2026-05-09 02:47:57: ◇ injected env (3) from .env // tip: ⌘ override existing { override: true }
2026-05-09 02:47:58: ◇ injected env (3) from .env // tip: ◈ encrypted .env [www.dotenvx.com]
2026-05-09 02:47:58: ◇ injected env (3) from .env // tip: ⌘ enable debugging { debug: true }
2026-05-09 02:47:59: ◇ injected env (3) from .env // tip: ⌘ multiple files { path: ['.env.local', '.env'] }
2026-05-09 02:48:00: ◇ injected env (3) from .env // tip: ⌁ auth for agents [www.vestauth.com]
2026-05-09 02:48:01: ◇ injected env (3) from .env // tip: ◈ encrypted .env [www.dotenvx.com]
2026-05-09 02:48:01: ◇ injected env (3) from .env // tip: ⌘ custom filepath { path: '/custom/path/.env' }
2026-05-09 02:48:02: ◇ injected env (3) from .env // tip: ⌁ auth for agents [www.vestauth.com]
2026-05-09 02:48:03: ◇ injected env (3) from .env // tip: ◈ encrypted .env [www.dotenvx.com]
2026-05-09 02:48:04: ◇ injected env (3) from .env // tip: ⌘ override existing { override: true }
2026-05-09 02:48:04: ◇ injected env (3) from .env // tip: ◈ encrypted .env [www.dotenvx.com]
2026-05-09 02:48:05: ◇ injected env (3) from .env // tip: ⌘ override existing { override: true }
2026-05-09 02:48:06: ◇ injected env (3) from .env // tip: ⌁ auth for agents [www.vestauth.com]
2026-05-09 02:48:06: ◇ injected env (3) from .env // tip: ⌘ suppress logs { quiet: true }
2026-05-09 02:48:07: ◇ injected env (3) from .env // tip: ◈ encrypted .env [www.dotenvx.com]
2026-05-09 02:48:08: ◇ injected env (3) from .env // tip: ⌘ enable debugging { debug: true }
2026-05-09 02:48:09: ◇ injected env (3) from .env // tip: ◈ secrets for agents [www.dotenvx.com]
2026-05-09 02:48:09: ◇ injected env (3) from .env // tip: ◈ secrets for agents [www.dotenvx.com]
2026-05-09 02:48:10: ◇ injected env (3) from .env // tip: ⌘ enable debugging { debug: true }
2026-05-09 02:48:11: ◇ injected env (3) from .env // tip: ⌘ suppress logs { quiet: true }
2026-05-09 02:48:12: ◇ injected env (3) from .env // tip: ⌘ multiple files { path: ['.env.local', '.env'] }
2026-05-09 02:48:12: ◇ injected env (3) from .env // tip: ⌘ suppress logs { quiet: true }
2026-05-09 02:48:13: ◇ injected env (3) from .env // tip: ⌁ auth for agents [www.vestauth.com]
2026-05-09 02:48:14: ◇ injected env (3) from .env // tip: ⌘ enable debugging { debug: true }
2026-05-09 02:48:14: ◇ injected env (3) from .env // tip: ⌘ suppress logs { quiet: true }
2026-05-09 02:48:15: ◇ injected env (3) from .env // tip: ⌘ multiple files { path: ['.env.local', '.env'] }
2026-05-09 02:48:16: ◇ injected env (3) from .env // tip: ⌘ multiple files { path: ['.env.local', '.env'] }
2026-05-09 02:48:17: ◇ injected env (3) from .env // tip: ⌘ override existing { override: true }
2026-05-09 02:48:17: ◇ injected env (3) from .env // tip: ⌘ suppress logs { quiet: true }
2026-05-09 02:48:18: ◇ injected env (3) from .env // tip: ◈ secrets for agents [www.dotenvx.com]
2026-05-09 02:48:19: ◇ injected env (3) from .env // tip: ◈ encrypted .env [www.dotenvx.com]
2026-05-09 02:48:19: ◇ injected env (3) from .env // tip: ⌘ suppress logs { quiet: true }
2026-05-09 02:48:20: ◇ injected env (3) from .env // tip: ◈ encrypted .env [www.dotenvx.com]
2026-05-09 02:48:21: ◇ injected env (3) from .env // tip: ⌘ multiple files { path: ['.env.local', '.env'] }
2026-05-09 02:48:21: ◇ injected env (3) from .env // tip: ⌘ enable debugging { debug: true }
2026-05-09 02:48:22: ◇ injected env (3) from .env // tip: ◈ secrets for agents [www.dotenvx.com]
2026-05-09 02:48:23: ◇ injected env (3) from .env // tip: ⌘ enable debugging { debug: true }
2026-05-09 02:48:24: ◇ injected env (3) from .env // tip: ⌘ suppress logs { quiet: true }
2026-05-09 02:48:24: ◇ injected env (3) from .env // tip: ⌘ multiple files { path: ['.env.local', '.env'] }
2026-05-09 02:48:25: ◇ injected env (3) from .env // tip: ⌘ override existing { override: true }
2026-05-09 02:48:26: ◇ injected env (3) from .env // tip: ⌁ auth for agents [www.vestauth.com]
2026-05-09 02:48:26: ◇ injected env (3) from .env // tip: ◈ secrets for agents [www.dotenvx.com]
2026-05-09 02:48:27: ◇ injected env (3) from .env // tip: ⌁ auth for agents [www.vestauth.com]
2026-05-09 02:48:28: ◇ injected env (3) from .env // tip: ◈ encrypted .env [www.dotenvx.com]
2026-05-09 02:48:29: ◇ injected env (3) from .env // tip: ⌘ enable debugging { debug: true }
2026-05-09 02:48:29: ◇ injected env (3) from .env // tip: ⌘ multiple files { path: ['.env.local', '.env'] }
2026-05-09 02:48:30: ◇ injected env (3) from .env // tip: ⌘ override existing { override: true }
2026-05-09 02:48:31: ◇ injected env (3) from .env // tip: ⌘ enable debugging { debug: true }
2026-05-09 02:48:32: ◇ injected env (3) from .env // tip: ⌘ suppress logs { quiet: true }
2026-05-09 02:48:32: ◇ injected env (3) from .env // tip: ⌘ custom filepath { path: '/custom/path/.env' }
2026-05-09 02:48:33: ◇ injected env (3) from .env // tip: ⌘ multiple files { path: ['.env.local', '.env'] }
2026-05-09 02:48:34: ◇ injected env (3) from .env // tip: ⌘ override existing { override: true }
2026-05-09 02:48:34: ◇ injected env (3) from .env // tip: ⌁ auth for agents [www.vestauth.com]
2026-05-09 02:48:35: ◇ injected env (3) from .env // tip: ⌘ suppress logs { quiet: true }
2026-05-09 02:48:36: ◇ injected env (3) from .env // tip: ⌁ auth for agents [www.vestauth.com]
2026-05-09 02:48:37: ◇ injected env (3) from .env // tip: ⌘ suppress logs { quiet: true }
2026-05-09 02:48:37: ◇ injected env (3) from .env // tip: ⌘ multiple files { path: ['.env.local', '.env'] }
2026-05-09 02:48:38: ◇ injected env (3) from .env // tip: ⌘ custom filepath { path: '/custom/path/.env' }
2026-05-09 02:48:39: ◇ injected env (3) from .env // tip: ◈ encrypted .env [www.dotenvx.com]
2026-05-09 02:48:39: ◇ injected env (3) from .env // tip: ⌘ custom filepath { path: '/custom/path/.env' }
2026-05-09 02:48:40: ◇ injected env (3) from .env // tip: ◈ encrypted .env [www.dotenvx.com]
2026-05-09 02:48:41: ◇ injected env (3) from .env // tip: ⌘ enable debugging { debug: true }
2026-05-09 02:48:42: ◇ injected env (3) from .env // tip: ⌘ override existing { override: true }
2026-05-09 02:48:42: ◇ injected env (3) from .env // tip: ⌘ suppress logs { quiet: true }
2026-05-09 02:48:43: ◇ injected env (3) from .env // tip: ⌘ override existing { override: true }
2026-05-09 02:48:44: ◇ injected env (3) from .env // tip: ◈ encrypted .env [www.dotenvx.com]
2026-05-09 02:48:45: ◇ injected env (3) from .env // tip: ◈ encrypted .env [www.dotenvx.com]
2026-05-09 02:48:45: ◇ injected env (3) from .env // tip: ◈ secrets for agents [www.dotenvx.com]
2026-05-09 02:48:46: ◇ injected env (3) from .env // tip: ⌘ suppress logs { quiet: true }
2026-05-09 02:48:47: ◇ injected env (3) from .env // tip: ⌘ custom filepath { path: '/custom/path/.env' }
2026-05-09 02:48:47: ◇ injected env (3) from .env // tip: ⌘ suppress logs { quiet: true }
2026-05-09 02:48:48: ◇ injected env (3) from .env // tip: ⌘ multiple files { path: ['.env.local', '.env'] }
2026-05-09 02:48:49: ◇ injected env (3) from .env // tip: ⌘ enable debugging { debug: true }
2026-05-09 02:48:49: ◇ injected env (3) from .env // tip: ⌘ enable debugging { debug: true }
2026-05-09 02:48:50: ◇ injected env (3) from .env // tip: ⌁ auth for agents [www.vestauth.com]
2026-05-09 02:48:51: ◇ injected env (3) from .env // tip: ◈ secrets for agents [www.dotenvx.com]
2026-05-09 02:48:52: ◇ injected env (3) from .env // tip: ⌘ enable debugging { debug: true }
2026-05-09 02:48:52: ◇ injected env (3) from .env // tip: ◈ secrets for agents [www.dotenvx.com]
2026-05-09 02:48:53: ◇ injected env (3) from .env // tip: ⌁ auth for agents [www.vestauth.com]
2026-05-09 02:48:54: ◇ injected env (3) from .env // tip: ⌘ override existing { override: true }
2026-05-09 02:48:55: ◇ injected env (3) from .env // tip: ⌘ custom filepath { path: '/custom/path/.env' }
2026-05-09 02:48:56: ◇ injected env (3) from .env // tip: ⌘ multiple files { path: ['.env.local', '.env'] }
2026-05-09 02:48:57: ◇ injected env (3) from .env // tip: ⌘ override existing { override: true }
2026-05-09 02:48:59: ◇ injected env (3) from .env // tip: ◈ encrypted .env [www.dotenvx.com]
2026-05-09 02:49:00: ◇ injected env (3) from .env // tip: ⌘ override existing { override: true }
2026-05-09 02:49:01: ◇ injected env (3) from .env // tip: ◈ secrets for agents [www.dotenvx.com]
2026-05-09 02:49:02: ◇ injected env (3) from .env // tip: ⌘ custom filepath { path: '/custom/path/.env' }
2026-05-09 02:49:03: ◇ injected env (3) from .env // tip: ◈ secrets for agents [www.dotenvx.com]
2026-05-09 02:49:04: ◇ injected env (3) from .env // tip: ⌁ auth for agents [www.vestauth.com]
2026-05-09 02:49:05: ◇ injected env (3) from .env // tip: ◈ encrypted .env [www.dotenvx.com]
2026-05-09 02:49:06: ◇ injected env (3) from .env // tip: ⌁ auth for agents [www.vestauth.com]
2026-05-09 02:49:07: ◇ injected env (3) from .env // tip: ⌘ custom filepath { path: '/custom/path/.env' }
2026-05-09 02:49:08: ◇ injected env (3) from .env // tip: ⌘ suppress logs { quiet: true }
2026-05-09 02:49:09: ◇ injected env (3) from .env // tip: ⌘ multiple files { path: ['.env.local', '.env'] }
2026-05-09 02:49:10: ◇ injected env (3) from .env // tip: ⌘ suppress logs { quiet: true }
2026-05-09 02:49:11: ◇ injected env (3) from .env // tip: ⌘ override existing { override: true }
2026-05-09 02:49:12: ◇ injected env (3) from .env // tip: ⌘ enable debugging { debug: true }
2026-05-09 02:49:13: ◇ injected env (3) from .env // tip: ⌘ custom filepath { path: '/custom/path/.env' }
2026-05-09 02:49:15: ◇ injected env (3) from .env // tip: ⌁ auth for agents [www.vestauth.com]
2026-05-09 02:49:16: ◇ injected env (3) from .env // tip: ⌘ enable debugging { debug: true }
2026-05-09 02:49:17: ◇ injected env (3) from .env // tip: ⌁ auth for agents [www.vestauth.com]
2026-05-09 02:49:18: ◇ injected env (3) from .env // tip: ⌁ auth for agents [www.vestauth.com]
2026-05-09 02:49:19: ◇ injected env (3) from .env // tip: ⌘ suppress logs { quiet: true }
2026-05-09 02:49:20: ◇ injected env (3) from .env // tip: ⌘ suppress logs { quiet: true }
2026-05-09 02:49:21: ◇ injected env (3) from .env // tip: ⌘ multiple files { path: ['.env.local', '.env'] }
2026-05-09 02:49:22: ◇ injected env (3) from .env // tip: ◈ encrypted .env [www.dotenvx.com]
2026-05-09 02:49:23: ◇ injected env (3) from .env // tip: ⌘ enable debugging { debug: true }
2026-05-09 02:49:24: ◇ injected env (3) from .env // tip: ⌘ enable debugging { debug: true }
2026-05-09 02:49:25: ◇ injected env (3) from .env // tip: ◈ encrypted .env [www.dotenvx.com]
2026-05-09 02:49:26: ◇ injected env (3) from .env // tip: ◈ secrets for agents [www.dotenvx.com]
2026-05-09 02:49:27: ◇ injected env (3) from .env // tip: ⌘ enable debugging { debug: true }
2026-05-09 02:49:28: ◇ injected env (3) from .env // tip: ⌘ suppress logs { quiet: true }
2026-05-09 02:49:29: ◇ injected env (3) from .env // tip: ⌘ custom filepath { path: '/custom/path/.env' }
2026-05-09 02:49:30: ◇ injected env (3) from .env // tip: ◈ encrypted .env [www.dotenvx.com]
2026-05-09 02:49:31: ◇ injected env (3) from .env // tip: ⌘ multiple files { path: ['.env.local', '.env'] }
2026-05-09 02:49:32: ◇ injected env (3) from .env // tip: ⌘ override existing { override: true }
2026-05-09 02:49:34: ◇ injected env (3) from .env // tip: ◈ encrypted .env [www.dotenvx.com]
2026-05-09 02:49:35: ◇ injected env (3) from .env // tip: ⌘ suppress logs { quiet: true }
2026-05-09 02:49:36: ◇ injected env (3) from .env // tip: ⌘ override existing { override: true }
2026-05-09 02:49:37: ◇ injected env (3) from .env // tip: ◈ encrypted .env [www.dotenvx.com]
2026-05-09 02:49:38: ◇ injected env (3) from .env // tip: ◈ encrypted .env [www.dotenvx.com]
2026-05-09 02:49:39: ◇ injected env (3) from .env // tip: ⌘ multiple files { path: ['.env.local', '.env'] }
2026-05-09 02:49:40: ◇ injected env (3) from .env // tip: ◈ secrets for agents [www.dotenvx.com]
2026-05-09 02:49:41: ◇ injected env (3) from .env // tip: ⌘ custom filepath { path: '/custom/path/.env' }
2026-05-09 02:49:42: ◇ injected env (3) from .env // tip: ⌘ override existing { override: true }
2026-05-09 02:49:43: ◇ injected env (3) from .env // tip: ⌁ auth for agents [www.vestauth.com]
2026-05-09 02:49:44: ◇ injected env (3) from .env // tip: ◈ secrets for agents [www.dotenvx.com]
2026-05-09 02:49:45: ◇ injected env (3) from .env // tip: ⌁ auth for agents [www.vestauth.com]
2026-05-09 02:49:46: ◇ injected env (3) from .env // tip: ⌘ custom filepath { path: '/custom/path/.env' }
2026-05-09 02:49:47: ◇ injected env (3) from .env // tip: ⌘ multiple files { path: ['.env.local', '.env'] }
2026-05-09 02:49:49: ◇ injected env (3) from .env // tip: ⌘ multiple files { path: ['.env.local', '.env'] }
2026-05-09 02:49:50: ◇ injected env (3) from .env // tip: ◈ secrets for agents [www.dotenvx.com]
2026-05-09 02:49:51: ◇ injected env (3) from .env // tip: ◈ secrets for agents [www.dotenvx.com]
2026-05-09 02:49:52: ◇ injected env (3) from .env // tip: ⌘ override existing { override: true }
2026-05-09 02:49:53: ◇ injected env (3) from .env // tip: ⌘ override existing { override: true }
2026-05-09 02:49:54: ◇ injected env (3) from .env // tip: ⌘ override existing { override: true }
2026-05-09 02:49:55: ◇ injected env (3) from .env // tip: ⌘ enable debugging { debug: true }
2026-05-09 02:49:56: ◇ injected env (3) from .env // tip: ⌘ suppress logs { quiet: true }
2026-05-09 02:49:57: ◇ injected env (3) from .env // tip: ⌘ suppress logs { quiet: true }
2026-05-09 02:49:58: ◇ injected env (3) from .env // tip: ⌘ enable debugging { debug: true }
2026-05-09 02:49:59: ◇ injected env (3) from .env // tip: ⌘ enable debugging { debug: true }
2026-05-09 02:50:00: ◇ injected env (3) from .env // tip: ⌘ override existing { override: true }
2026-05-09 02:50:01: ◇ injected env (3) from .env // tip: ⌘ suppress logs { quiet: true }
2026-05-09 02:50:02: ◇ injected env (3) from .env // tip: ⌁ auth for agents [www.vestauth.com]
2026-05-09 02:50:03: ◇ injected env (3) from .env // tip: ⌘ enable debugging { debug: true }
2026-05-09 02:50:05: ◇ injected env (3) from .env // tip: ◈ encrypted .env [www.dotenvx.com]
2026-05-09 02:50:06: ◇ injected env (3) from .env // tip: ⌘ custom filepath { path: '/custom/path/.env' }
2026-05-09 02:50:07: ◇ injected env (3) from .env // tip: ◈ encrypted .env [www.dotenvx.com]
2026-05-09 02:50:08: ◇ injected env (3) from .env // tip: ◈ secrets for agents [www.dotenvx.com]
2026-05-09 02:50:09: ◇ injected env (3) from .env // tip: ⌘ multiple files { path: ['.env.local', '.env'] }
2026-05-09 02:50:10: ◇ injected env (3) from .env // tip: ◈ secrets for agents [www.dotenvx.com]
2026-05-09 02:50:11: ◇ injected env (3) from .env // tip: ⌘ multiple files { path: ['.env.local', '.env'] }
2026-05-09 02:50:12: ◇ injected env (3) from .env // tip: ⌘ suppress logs { quiet: true }
2026-05-09 02:50:13: ◇ injected env (3) from .env // tip: ⌘ suppress logs { quiet: true }
2026-05-09 02:50:14: ◇ injected env (3) from .env // tip: ⌘ multiple files { path: ['.env.local', '.env'] }
2026-05-09 02:50:15: ◇ injected env (3) from .env // tip: ⌘ custom filepath { path: '/custom/path/.env' }
2026-05-09 02:50:16: ◇ injected env (3) from .env // tip: ◈ encrypted .env [www.dotenvx.com]
2026-05-09 02:50:17: ◇ injected env (3) from .env // tip: ◈ encrypted .env [www.dotenvx.com]
2026-05-09 02:50:18: ◇ injected env (3) from .env // tip: ◈ encrypted .env [www.dotenvx.com]
2026-05-09 02:50:19: ◇ injected env (3) from .env // tip: ◈ secrets for agents [www.dotenvx.com]
2026-05-09 02:50:20: ◇ injected env (3) from .env // tip: ⌘ enable debugging { debug: true }
2026-05-09 02:50:21: ◇ injected env (3) from .env // tip: ⌘ custom filepath { path: '/custom/path/.env' }
2026-05-09 02:50:22: ◇ injected env (3) from .env // tip: ◈ secrets for agents [www.dotenvx.com]
2026-05-09 02:50:23: ◇ injected env (3) from .env // tip: ⌘ multiple files { path: ['.env.local', '.env'] }
2026-05-09 02:50:24: ◇ injected env (3) from .env // tip: ⌘ multiple files { path: ['.env.local', '.env'] }
2026-05-09 02:50:26: ◇ injected env (3) from .env // tip: ⌘ enable debugging { debug: true }
2026-05-09 02:50:27: ◇ injected env (3) from .env // tip: ⌘ suppress logs { quiet: true }
2026-05-09 02:50:28: ◇ injected env (3) from .env // tip: ◈ encrypted .env [www.dotenvx.com]
2026-05-09 02:50:29: ◇ injected env (3) from .env // tip: ⌘ multiple files { path: ['.env.local', '.env'] }
2026-05-09 02:50:30: ◇ injected env (3) from .env // tip: ⌘ override existing { override: true }
2026-05-09 02:50:31: ◇ injected env (3) from .env // tip: ⌘ override existing { override: true }
2026-05-09 02:50:32: ◇ injected env (3) from .env // tip: ⌘ multiple files { path: ['.env.local', '.env'] }
2026-05-09 02:50:33: ◇ injected env (3) from .env // tip: ⌘ override existing { override: true }
2026-05-09 02:50:34: ◇ injected env (3) from .env // tip: ⌁ auth for agents [www.vestauth.com]
2026-05-09 02:50:35: ◇ injected env (3) from .env // tip: ⌘ enable debugging { debug: true }
2026-05-09 02:50:36: ◇ injected env (3) from .env // tip: ⌘ enable debugging { debug: true }
2026-05-09 02:50:37: ◇ injected env (3) from .env // tip: ⌘ enable debugging { debug: true }
2026-05-09 02:50:38: ◇ injected env (3) from .env // tip: ⌘ suppress logs { quiet: true }
2026-05-09 02:50:39: ◇ injected env (3) from .env // tip: ⌘ custom filepath { path: '/custom/path/.env' }
2026-05-09 02:50:40: ◇ injected env (3) from .env // tip: ⌘ override existing { override: true }
2026-05-09 02:50:42: ◇ injected env (3) from .env // tip: ⌘ suppress logs { quiet: true }
2026-05-09 02:50:43: ◇ injected env (3) from .env // tip: ⌘ enable debugging { debug: true }
2026-05-09 02:50:44: ◇ injected env (3) from .env // tip: ◈ encrypted .env [www.dotenvx.com]
2026-05-09 02:50:45: ◇ injected env (3) from .env // tip: ◈ encrypted .env [www.dotenvx.com]
2026-05-09 02:50:46: ◇ injected env (3) from .env // tip: ⌘ enable debugging { debug: true }
2026-05-09 02:50:47: ◇ injected env (3) from .env // tip: ⌘ custom filepath { path: '/custom/path/.env' }
2026-05-09 02:50:48: ◇ injected env (3) from .env // tip: ⌘ custom filepath { path: '/custom/path/.env' }
2026-05-09 02:50:49: ◇ injected env (3) from .env // tip: ⌘ enable debugging { debug: true }
2026-05-09 02:50:50: ◇ injected env (3) from .env // tip: ⌘ custom filepath { path: '/custom/path/.env' }
2026-05-09 02:50:51: ◇ injected env (3) from .env // tip: ⌘ custom filepath { path: '/custom/path/.env' }
2026-05-09 02:50:52: ◇ injected env (3) from .env // tip: ⌘ enable debugging { debug: true }
2026-05-09 02:50:53: ◇ injected env (3) from .env // tip: ⌘ multiple files { path: ['.env.local', '.env'] }
2026-05-09 02:50:54: ◇ injected env (3) from .env // tip: ⌘ override existing { override: true }
2026-05-09 02:50:55: ◇ injected env (3) from .env // tip: ⌁ auth for agents [www.vestauth.com]
2026-05-09 02:50:56: ◇ injected env (3) from .env // tip: ⌘ suppress logs { quiet: true }
2026-05-09 02:50:57: ◇ injected env (3) from .env // tip: ⌘ custom filepath { path: '/custom/path/.env' }
2026-05-09 02:50:58: ◇ injected env (3) from .env // tip: ⌘ multiple files { path: ['.env.local', '.env'] }
2026-05-09 02:50:59: ◇ injected env (3) from .env // tip: ⌁ auth for agents [www.vestauth.com]
2026-05-09 02:51:01: ◇ injected env (3) from .env // tip: ⌘ enable debugging { debug: true }
2026-05-09 02:51:02: ◇ injected env (3) from .env // tip: ⌘ suppress logs { quiet: true }
2026-05-09 02:51:03: ◇ injected env (3) from .env // tip: ⌁ auth for agents [www.vestauth.com]
2026-05-09 02:51:04: ◇ injected env (3) from .env // tip: ⌘ multiple files { path: ['.env.local', '.env'] }
2026-05-09 02:51:05: ◇ injected env (3) from .env // tip: ⌁ auth for agents [www.vestauth.com]
2026-05-09 02:51:06: ◇ injected env (3) from .env // tip: ⌘ multiple files { path: ['.env.local', '.env'] }
2026-05-09 02:51:07: ◇ injected env (3) from .env // tip: ⌁ auth for agents [www.vestauth.com]
2026-05-09 02:51:08: ◇ injected env (3) from .env // tip: ⌘ enable debugging { debug: true }
2026-05-09 02:51:09: ◇ injected env (3) from .env // tip: ⌘ custom filepath { path: '/custom/path/.env' }
2026-05-09 02:51:10: ◇ injected env (3) from .env // tip: ⌘ suppress logs { quiet: true }
2026-05-09 02:51:11: ◇ injected env (3) from .env // tip: ⌘ custom filepath { path: '/custom/path/.env' }
2026-05-09 02:51:12: ◇ injected env (3) from .env // tip: ⌘ suppress logs { quiet: true }
2026-05-09 02:51:13: ◇ injected env (3) from .env // tip: ⌘ custom filepath { path: '/custom/path/.env' }
2026-05-09 02:51:14: ◇ injected env (3) from .env // tip: ⌁ auth for agents [www.vestauth.com]
2026-05-09 02:51:15: ◇ injected env (3) from .env // tip: ⌘ custom filepath { path: '/custom/path/.env' }
2026-05-09 02:51:16: ◇ injected env (3) from .env // tip: ⌘ multiple files { path: ['.env.local', '.env'] }
2026-05-09 02:51:17: ◇ injected env (3) from .env // tip: ◈ secrets for agents [www.dotenvx.com]
2026-05-09 02:51:18: ◇ injected env (3) from .env // tip: ⌘ suppress logs { quiet: true }
2026-05-09 02:51:19: ◇ injected env (3) from .env // tip: ⌘ custom filepath { path: '/custom/path/.env' }
2026-05-09 02:51:21: ◇ injected env (3) from .env // tip: ⌘ custom filepath { path: '/custom/path/.env' }
2026-05-09 02:51:22: ◇ injected env (3) from .env // tip: ◈ secrets for agents [www.dotenvx.com]
2026-05-09 02:51:23: ◇ injected env (3) from .env // tip: ⌘ multiple files { path: ['.env.local', '.env'] }
2026-05-09 02:51:24: ◇ injected env (3) from .env // tip: ⌘ custom filepath { path: '/custom/path/.env' }
2026-05-09 02:51:25: ◇ injected env (3) from .env // tip: ⌘ custom filepath { path: '/custom/path/.env' }
2026-05-09 02:51:26: ◇ injected env (3) from .env // tip: ⌁ auth for agents [www.vestauth.com]
2026-05-09 02:51:27: ◇ injected env (3) from .env // tip: ⌘ custom filepath { path: '/custom/path/.env' }
2026-05-09 02:51:28: ◇ injected env (3) from .env // tip: ⌘ custom filepath { path: '/custom/path/.env' }
2026-05-09 02:51:29: ◇ injected env (3) from .env // tip: ⌘ override existing { override: true }
2026-05-09 02:51:30: ◇ injected env (3) from .env // tip: ◈ encrypted .env [www.dotenvx.com]
2026-05-09 02:51:31: ◇ injected env (3) from .env // tip: ⌁ auth for agents [www.vestauth.com]
2026-05-09 02:51:32: ◇ injected env (3) from .env // tip: ⌘ enable debugging { debug: true }
2026-05-09 02:51:33: ◇ injected env (3) from .env // tip: ◈ encrypted .env [www.dotenvx.com]
2026-05-09 02:51:34: ◇ injected env (3) from .env // tip: ⌘ multiple files { path: ['.env.local', '.env'] }
2026-05-09 02:51:35: ◇ injected env (3) from .env // tip: ◈ secrets for agents [www.dotenvx.com]
2026-05-09 02:51:37: ◇ injected env (3) from .env // tip: ◈ encrypted .env [www.dotenvx.com]
2026-05-09 02:51:38: ◇ injected env (3) from .env // tip: ⌘ multiple files { path: ['.env.local', '.env'] }
2026-05-09 02:51:39: ◇ injected env (3) from .env // tip: ⌘ enable debugging { debug: true }
2026-05-09 02:51:40: ◇ injected env (3) from .env // tip: ⌘ multiple files { path: ['.env.local', '.env'] }
2026-05-09 02:51:41: ◇ injected env (3) from .env // tip: ⌘ enable debugging { debug: true }
2026-05-09 02:51:42: ◇ injected env (3) from .env // tip: ⌘ enable debugging { debug: true }
2026-05-09 02:51:43: ◇ injected env (3) from .env // tip: ⌁ auth for agents [www.vestauth.com]
2026-05-09 02:51:44: ◇ injected env (3) from .env // tip: ⌘ suppress logs { quiet: true }
2026-05-09 02:51:45: ◇ injected env (3) from .env // tip: ⌘ custom filepath { path: '/custom/path/.env' }
2026-05-09 02:51:46: ◇ injected env (3) from .env // tip: ⌁ auth for agents [www.vestauth.com]
2026-05-09 02:51:47: ◇ injected env (3) from .env // tip: ⌁ auth for agents [www.vestauth.com]
2026-05-09 02:51:48: ◇ injected env (3) from .env // tip: ⌘ suppress logs { quiet: true }
2026-05-09 02:51:49: ◇ injected env (3) from .env // tip: ⌘ override existing { override: true }
2026-05-09 02:51:50: ◇ injected env (3) from .env // tip: ⌘ suppress logs { quiet: true }
2026-05-09 02:51:51: ◇ injected env (3) from .env // tip: ⌘ enable debugging { debug: true }
2026-05-09 02:51:52: ◇ injected env (3) from .env // tip: ⌘ suppress logs { quiet: true }
2026-05-09 02:51:53: ◇ injected env (3) from .env // tip: ◈ encrypted .env [www.dotenvx.com]
2026-05-09 02:51:54: ◇ injected env (3) from .env // tip: ⌘ suppress logs { quiet: true }
2026-05-09 02:51:55: ◇ injected env (3) from .env // tip: ⌘ custom filepath { path: '/custom/path/.env' }
2026-05-09 02:51:57: ◇ injected env (3) from .env // tip: ⌘ suppress logs { quiet: true }
2026-05-09 02:51:58: ◇ injected env (3) from .env // tip: ◈ encrypted .env [www.dotenvx.com]
2026-05-09 02:51:59: ◇ injected env (3) from .env // tip: ⌘ suppress logs { quiet: true }
2026-05-09 02:52:00: ◇ injected env (3) from .env // tip: ⌘ custom filepath { path: '/custom/path/.env' }
2026-05-09 02:52:01: ◇ injected env (3) from .env // tip: ⌘ suppress logs { quiet: true }
2026-05-09 02:52:02: ◇ injected env (3) from .env // tip: ⌘ override existing { override: true }
2026-05-09 02:52:03: ◇ injected env (3) from .env // tip: ⌘ override existing { override: true }
2026-05-09 02:52:04: ◇ injected env (3) from .env // tip: ⌘ override existing { override: true }
2026-05-09 02:52:05: ◇ injected env (3) from .env // tip: ⌘ suppress logs { quiet: true }
2026-05-09 02:52:06: ◇ injected env (3) from .env // tip: ⌘ enable debugging { debug: true }
2026-05-09 02:52:07: ◇ injected env (3) from .env // tip: ⌁ auth for agents [www.vestauth.com]
2026-05-09 02:52:08: ◇ injected env (3) from .env // tip: ⌘ suppress logs { quiet: true }
2026-05-09 02:52:09: ◇ injected env (3) from .env // tip: ⌘ enable debugging { debug: true }
2026-05-09 02:52:10: ◇ injected env (3) from .env // tip: ⌘ override existing { override: true }
2026-05-09 02:52:11: ◇ injected env (3) from .env // tip: ◈ secrets for agents [www.dotenvx.com]
2026-05-09 02:52:12: ◇ injected env (3) from .env // tip: ⌘ custom filepath { path: '/custom/path/.env' }
2026-05-09 02:52:14: ◇ injected env (3) from .env // tip: ⌘ enable debugging { debug: true }
2026-05-09 02:52:15: ◇ injected env (3) from .env // tip: ◈ encrypted .env [www.dotenvx.com]
2026-05-09 02:52:16: ◇ injected env (3) from .env // tip: ◈ secrets for agents [www.dotenvx.com]
2026-05-09 02:52:17: ◇ injected env (3) from .env // tip: ⌘ suppress logs { quiet: true }
2026-05-09 02:52:18: ◇ injected env (3) from .env // tip: ◈ secrets for agents [www.dotenvx.com]
2026-05-09 02:52:19: ◇ injected env (3) from .env // tip: ⌘ enable debugging { debug: true }
2026-05-09 02:52:20: ◇ injected env (3) from .env // tip: ⌘ enable debugging { debug: true }
2026-05-09 02:52:21: ◇ injected env (3) from .env // tip: ⌘ override existing { override: true }
2026-05-09 02:52:22: ◇ injected env (3) from .env // tip: ⌘ multiple files { path: ['.env.local', '.env'] }
2026-05-09 02:52:23: ◇ injected env (3) from .env // tip: ⌘ suppress logs { quiet: true }
2026-05-09 02:52:24: ◇ injected env (3) from .env // tip: ⌘ enable debugging { debug: true }
2026-05-09 02:52:25: ◇ injected env (3) from .env // tip: ◈ encrypted .env [www.dotenvx.com]
2026-05-09 02:52:26: ◇ injected env (3) from .env // tip: ⌘ enable debugging { debug: true }
2026-05-09 02:52:27: ◇ injected env (3) from .env // tip: ⌘ custom filepath { path: '/custom/path/.env' }
2026-05-09 02:52:28: ◇ injected env (3) from .env // tip: ◈ encrypted .env [www.dotenvx.com]
2026-05-09 02:52:29: ◇ injected env (3) from .env // tip: ⌘ enable debugging { debug: true }
2026-05-09 02:52:30: ◇ injected env (3) from .env // tip: ⌘ enable debugging { debug: true }
2026-05-09 02:52:32: ◇ injected env (3) from .env // tip: ◈ encrypted .env [www.dotenvx.com]
2026-05-09 02:52:33: ◇ injected env (3) from .env // tip: ◈ secrets for agents [www.dotenvx.com]
2026-05-09 02:52:34: ◇ injected env (3) from .env // tip: ◈ secrets for agents [www.dotenvx.com]
2026-05-09 02:52:35: ◇ injected env (3) from .env // tip: ⌘ enable debugging { debug: true }
2026-05-09 02:52:36: ◇ injected env (3) from .env // tip: ⌘ enable debugging { debug: true }
2026-05-09 02:52:37: ◇ injected env (3) from .env // tip: ⌘ custom filepath { path: '/custom/path/.env' }
2026-05-09 02:52:38: ◇ injected env (3) from .env // tip: ⌘ override existing { override: true }
2026-05-09 02:52:39: ◇ injected env (3) from .env // tip: ⌘ override existing { override: true }
2026-05-09 02:52:40: ◇ injected env (3) from .env // tip: ◈ secrets for agents [www.dotenvx.com]
2026-05-09 02:52:41: ◇ injected env (3) from .env // tip: ⌘ suppress logs { quiet: true }
2026-05-09 02:52:42: ◇ injected env (3) from .env // tip: ⌘ multiple files { path: ['.env.local', '.env'] }
2026-05-09 02:52:43: ◇ injected env (3) from .env // tip: ◈ secrets for agents [www.dotenvx.com]
2026-05-09 02:52:44: ◇ injected env (3) from .env // tip: ⌘ override existing { override: true }
2026-05-09 02:52:45: ◇ injected env (3) from .env // tip: ⌘ suppress logs { quiet: true }
2026-05-09 02:52:46: ◇ injected env (3) from .env // tip: ⌘ custom filepath { path: '/custom/path/.env' }
2026-05-09 02:52:47: ◇ injected env (3) from .env // tip: ⌘ suppress logs { quiet: true }
2026-05-09 02:52:48: ◇ injected env (3) from .env // tip: ◈ secrets for agents [www.dotenvx.com]
2026-05-09 02:52:50: ◇ injected env (3) from .env // tip: ◈ secrets for agents [www.dotenvx.com]
2026-05-09 02:52:51: ◇ injected env (3) from .env // tip: ◈ encrypted .env [www.dotenvx.com]
2026-05-09 02:52:52: ◇ injected env (3) from .env // tip: ◈ secrets for agents [www.dotenvx.com]
2026-05-09 02:52:53: ◇ injected env (3) from .env // tip: ⌁ auth for agents [www.vestauth.com]
2026-05-09 02:52:54: ◇ injected env (3) from .env // tip: ⌘ suppress logs { quiet: true }
2026-05-09 02:52:55: ◇ injected env (3) from .env // tip: ⌘ multiple files { path: ['.env.local', '.env'] }
2026-05-09 02:52:56: ◇ injected env (3) from .env // tip: ⌘ custom filepath { path: '/custom/path/.env' }
2026-05-09 02:52:57: ◇ injected env (3) from .env // tip: ⌁ auth for agents [www.vestauth.com]
2026-05-09 02:52:58: ◇ injected env (3) from .env // tip: ◈ encrypted .env [www.dotenvx.com]
2026-05-09 02:52:59: ◇ injected env (3) from .env // tip: ◈ encrypted .env [www.dotenvx.com]
2026-05-09 02:53:00: ◇ injected env (3) from .env // tip: ◈ encrypted .env [www.dotenvx.com]
2026-05-09 02:53:01: ◇ injected env (3) from .env // tip: ◈ secrets for agents [www.dotenvx.com]
2026-05-09 02:53:02: ◇ injected env (3) from .env // tip: ◈ encrypted .env [www.dotenvx.com]
2026-05-09 02:53:03: ◇ injected env (3) from .env // tip: ⌘ override existing { override: true }
2026-05-09 02:53:04: ◇ injected env (3) from .env // tip: ⌁ auth for agents [www.vestauth.com]
2026-05-09 02:53:06: ◇ injected env (3) from .env // tip: ◈ encrypted .env [www.dotenvx.com]
2026-05-09 02:53:07: ◇ injected env (3) from .env // tip: ⌁ auth for agents [www.vestauth.com]
2026-05-09 02:53:08: ◇ injected env (3) from .env // tip: ⌘ enable debugging { debug: true }
2026-05-09 02:53:09: ◇ injected env (3) from .env // tip: ⌘ suppress logs { quiet: true }
2026-05-09 02:53:10: ◇ injected env (3) from .env // tip: ⌁ auth for agents [www.vestauth.com]
2026-05-09 02:53:11: ◇ injected env (3) from .env // tip: ◈ encrypted .env [www.dotenvx.com]
2026-05-09 02:53:12: ◇ injected env (3) from .env // tip: ⌘ multiple files { path: ['.env.local', '.env'] }
2026-05-09 02:53:13: ◇ injected env (3) from .env // tip: ◈ encrypted .env [www.dotenvx.com]
2026-05-09 02:53:14: ◇ injected env (3) from .env // tip: ⌘ multiple files { path: ['.env.local', '.env'] }
2026-05-09 02:53:15: ◇ injected env (3) from .env // tip: ⌘ enable debugging { debug: true }
2026-05-09 02:53:16: ◇ injected env (3) from .env // tip: ⌁ auth for agents [www.vestauth.com]
2026-05-09 02:53:17: ◇ injected env (3) from .env // tip: ⌘ suppress logs { quiet: true }
2026-05-09 02:53:18: ◇ injected env (3) from .env // tip: ⌘ custom filepath { path: '/custom/path/.env' }
2026-05-09 02:53:19: ◇ injected env (3) from .env // tip: ⌘ override existing { override: true }
2026-05-09 02:53:20: ◇ injected env (3) from .env // tip: ◈ secrets for agents [www.dotenvx.com]
2026-05-09 02:53:21: ◇ injected env (3) from .env // tip: ⌘ override existing { override: true }
2026-05-09 02:53:22: ◇ injected env (3) from .env // tip: ⌘ enable debugging { debug: true }
2026-05-09 02:53:23: ◇ injected env (3) from .env // tip: ⌘ override existing { override: true }
2026-05-09 02:53:24: ◇ injected env (3) from .env // tip: ◈ secrets for agents [www.dotenvx.com]
2026-05-09 02:53:26: ◇ injected env (3) from .env // tip: ⌘ override existing { override: true }
2026-05-09 02:53:27: ◇ injected env (3) from .env // tip: ⌘ suppress logs { quiet: true }
2026-05-09 02:53:28: ◇ injected env (3) from .env // tip: ⌘ enable debugging { debug: true }
2026-05-09 02:53:29: ◇ injected env (3) from .env // tip: ◈ encrypted .env [www.dotenvx.com]
2026-05-09 02:53:30: ◇ injected env (3) from .env // tip: ⌘ multiple files { path: ['.env.local', '.env'] }
2026-05-09 02:53:31: ◇ injected env (3) from .env // tip: ⌁ auth for agents [www.vestauth.com]
2026-05-09 02:53:32: ◇ injected env (3) from .env // tip: ⌁ auth for agents [www.vestauth.com]
2026-05-09 02:53:33: ◇ injected env (3) from .env // tip: ⌘ multiple files { path: ['.env.local', '.env'] }
2026-05-09 02:53:34: ◇ injected env (3) from .env // tip: ⌁ auth for agents [www.vestauth.com]
2026-05-09 02:53:35: ◇ injected env (3) from .env // tip: ◈ encrypted .env [www.dotenvx.com]
2026-05-09 02:53:36: ◇ injected env (3) from .env // tip: ◈ encrypted .env [www.dotenvx.com]
2026-05-09 02:53:37: ◇ injected env (3) from .env // tip: ◈ secrets for agents [www.dotenvx.com]
2026-05-09 02:53:38: ◇ injected env (3) from .env // tip: ⌁ auth for agents [www.vestauth.com]
2026-05-09 02:53:39: ◇ injected env (3) from .env // tip: ⌘ multiple files { path: ['.env.local', '.env'] }
2026-05-09 02:53:40: ◇ injected env (3) from .env // tip: ⌘ enable debugging { debug: true }
2026-05-09 02:53:42: ◇ injected env (3) from .env // tip: ⌘ custom filepath { path: '/custom/path/.env' }
2026-05-09 02:53:43: ◇ injected env (3) from .env // tip: ⌘ override existing { override: true }
2026-05-09 02:53:44: ◇ injected env (3) from .env // tip: ◈ secrets for agents [www.dotenvx.com]
2026-05-09 02:53:45: ◇ injected env (3) from .env // tip: ⌘ override existing { override: true }
2026-05-09 02:53:46: ◇ injected env (3) from .env // tip: ⌁ auth for agents [www.vestauth.com]
2026-05-09 02:53:47: ◇ injected env (3) from .env // tip: ⌘ suppress logs { quiet: true }
2026-05-09 02:53:48: ◇ injected env (3) from .env // tip: ◈ secrets for agents [www.dotenvx.com]
2026-05-09 02:53:49: ◇ injected env (3) from .env // tip: ⌘ multiple files { path: ['.env.local', '.env'] }
2026-05-09 02:53:50: ◇ injected env (3) from .env // tip: ◈ secrets for agents [www.dotenvx.com]
2026-05-09 02:53:51: ◇ injected env (3) from .env // tip: ⌁ auth for agents [www.vestauth.com]
2026-05-09 02:53:52: ◇ injected env (3) from .env // tip: ⌁ auth for agents [www.vestauth.com]
2026-05-09 02:53:53: ◇ injected env (3) from .env // tip: ◈ secrets for agents [www.dotenvx.com]
2026-05-09 02:53:54: ◇ injected env (3) from .env // tip: ⌁ auth for agents [www.vestauth.com]
2026-05-09 02:53:55: ◇ injected env (3) from .env // tip: ⌘ enable debugging { debug: true }
2026-05-09 02:53:56: ◇ injected env (3) from .env // tip: ◈ secrets for agents [www.dotenvx.com]
2026-05-09 02:53:57: ◇ injected env (3) from .env // tip: ◈ encrypted .env [www.dotenvx.com]
2026-05-09 02:53:59: ◇ injected env (3) from .env // tip: ⌘ suppress logs { quiet: true }
2026-05-09 02:54:00: ◇ injected env (3) from .env // tip: ◈ secrets for agents [www.dotenvx.com]
2026-05-09 02:54:01: ◇ injected env (3) from .env // tip: ⌁ auth for agents [www.vestauth.com]
2026-05-09 02:54:02: ◇ injected env (3) from .env // tip: ⌘ override existing { override: true }
2026-05-09 02:54:03: ◇ injected env (3) from .env // tip: ⌘ override existing { override: true }
2026-05-09 02:54:04: ◇ injected env (3) from .env // tip: ⌘ suppress logs { quiet: true }
2026-05-09 02:54:05: ◇ injected env (3) from .env // tip: ⌁ auth for agents [www.vestauth.com]
2026-05-09 02:54:06: ◇ injected env (3) from .env // tip: ◈ secrets for agents [www.dotenvx.com]
2026-05-09 02:54:07: ◇ injected env (3) from .env // tip: ⌘ override existing { override: true }
2026-05-09 02:54:08: ◇ injected env (3) from .env // tip: ⌘ suppress logs { quiet: true }
2026-05-09 02:54:09: ◇ injected env (3) from .env // tip: ⌘ multiple files { path: ['.env.local', '.env'] }
2026-05-09 02:54:10: ◇ injected env (3) from .env // tip: ⌁ auth for agents [www.vestauth.com]
2026-05-09 02:54:11: ◇ injected env (3) from .env // tip: ⌘ multiple files { path: ['.env.local', '.env'] }
2026-05-09 02:54:12: ◇ injected env (3) from .env // tip: ◈ encrypted .env [www.dotenvx.com]
2026-05-09 02:54:13: ◇ injected env (3) from .env // tip: ⌘ override existing { override: true }
2026-05-09 02:54:15: ◇ injected env (3) from .env // tip: ⌘ suppress logs { quiet: true }
2026-05-09 02:54:16: ◇ injected env (3) from .env // tip: ◈ secrets for agents [www.dotenvx.com]
2026-05-09 02:54:17: ◇ injected env (3) from .env // tip: ◈ secrets for agents [www.dotenvx.com]
2026-05-09 02:54:18: ◇ injected env (3) from .env // tip: ⌘ enable debugging { debug: true }
2026-05-09 02:54:19: ◇ injected env (3) from .env // tip: ⌘ custom filepath { path: '/custom/path/.env' }
2026-05-09 02:54:20: ◇ injected env (3) from .env // tip: ⌘ multiple files { path: ['.env.local', '.env'] }
2026-05-09 02:54:21: ◇ injected env (3) from .env // tip: ⌘ suppress logs { quiet: true }
2026-05-09 02:54:22: ◇ injected env (3) from .env // tip: ⌘ enable debugging { debug: true }
2026-05-09 02:54:23: ◇ injected env (3) from .env // tip: ⌁ auth for agents [www.vestauth.com]
2026-05-09 02:54:24: ◇ injected env (3) from .env // tip: ⌘ suppress logs { quiet: true }
2026-05-09 02:54:25: ◇ injected env (3) from .env // tip: ◈ encrypted .env [www.dotenvx.com]
2026-05-09 02:54:26: ◇ injected env (3) from .env // tip: ⌘ enable debugging { debug: true }
2026-05-09 02:54:27: ◇ injected env (3) from .env // tip: ⌘ suppress logs { quiet: true }
2026-05-09 02:54:28: ◇ injected env (3) from .env // tip: ◈ encrypted .env [www.dotenvx.com]
2026-05-09 02:54:29: ◇ injected env (3) from .env // tip: ⌁ auth for agents [www.vestauth.com]
2026-05-09 02:54:30: ◇ injected env (3) from .env // tip: ⌘ custom filepath { path: '/custom/path/.env' }
2026-05-09 02:54:32: ◇ injected env (3) from .env // tip: ◈ encrypted .env [www.dotenvx.com]
2026-05-09 02:54:33: ◇ injected env (3) from .env // tip: ⌘ override existing { override: true }
2026-05-09 02:54:34: ◇ injected env (3) from .env // tip: ⌘ multiple files { path: ['.env.local', '.env'] }
2026-05-09 02:54:35: ◇ injected env (3) from .env // tip: ⌘ override existing { override: true }
2026-05-09 02:54:36: ◇ injected env (3) from .env // tip: ⌘ multiple files { path: ['.env.local', '.env'] }
2026-05-09 02:54:37: ◇ injected env (3) from .env // tip: ◈ encrypted .env [www.dotenvx.com]
2026-05-09 02:54:38: ◇ injected env (3) from .env // tip: ◈ encrypted .env [www.dotenvx.com]
2026-05-09 02:54:39: ◇ injected env (3) from .env // tip: ◈ secrets for agents [www.dotenvx.com]
2026-05-09 02:54:40: ◇ injected env (3) from .env // tip: ⌘ override existing { override: true }
2026-05-09 02:54:41: ◇ injected env (3) from .env // tip: ◈ secrets for agents [www.dotenvx.com]
2026-05-09 02:54:42: ◇ injected env (3) from .env // tip: ⌘ override existing { override: true }
2026-05-09 02:54:43: ◇ injected env (3) from .env // tip: ⌘ enable debugging { debug: true }
2026-05-09 02:54:44: ◇ injected env (3) from .env // tip: ⌘ suppress logs { quiet: true }
2026-05-09 02:54:45: ◇ injected env (3) from .env // tip: ⌘ suppress logs { quiet: true }
2026-05-09 02:54:46: ◇ injected env (3) from .env // tip: ⌘ override existing { override: true }
2026-05-09 02:54:47: ◇ injected env (3) from .env // tip: ⌘ multiple files { path: ['.env.local', '.env'] }
2026-05-09 02:54:49: ◇ injected env (3) from .env // tip: ⌘ custom filepath { path: '/custom/path/.env' }
2026-05-09 02:54:50: ◇ injected env (3) from .env // tip: ⌘ custom filepath { path: '/custom/path/.env' }
2026-05-09 02:54:51: ◇ injected env (3) from .env // tip: ⌘ suppress logs { quiet: true }
2026-05-09 02:54:52: ◇ injected env (3) from .env // tip: ⌘ multiple files { path: ['.env.local', '.env'] }
2026-05-09 02:54:53: ◇ injected env (3) from .env // tip: ◈ encrypted .env [www.dotenvx.com]
2026-05-09 02:54:54: ◇ injected env (3) from .env // tip: ⌘ enable debugging { debug: true }
2026-05-09 02:54:55: ◇ injected env (3) from .env // tip: ⌘ override existing { override: true }
2026-05-09 02:54:56: ◇ injected env (3) from .env // tip: ⌘ enable debugging { debug: true }
2026-05-09 02:54:57: ◇ injected env (3) from .env // tip: ⌘ suppress logs { quiet: true }
2026-05-09 02:54:58: ◇ injected env (3) from .env // tip: ⌘ multiple files { path: ['.env.local', '.env'] }
2026-05-09 02:54:59: ◇ injected env (3) from .env // tip: ◈ encrypted .env [www.dotenvx.com]
2026-05-09 02:55:00: ◇ injected env (3) from .env // tip: ⌘ custom filepath { path: '/custom/path/.env' }
2026-05-09 02:55:01: ◇ injected env (3) from .env // tip: ◈ secrets for agents [www.dotenvx.com]
2026-05-09 02:55:02: ◇ injected env (3) from .env // tip: ◈ secrets for agents [www.dotenvx.com]
2026-05-09 02:55:03: ◇ injected env (3) from .env // tip: ⌘ custom filepath { path: '/custom/path/.env' }
2026-05-09 02:55:05: ◇ injected env (3) from .env // tip: ⌘ override existing { override: true }
2026-05-09 02:55:06: ◇ injected env (3) from .env // tip: ⌘ custom filepath { path: '/custom/path/.env' }
2026-05-09 02:55:07: ◇ injected env (3) from .env // tip: ◈ encrypted .env [www.dotenvx.com]
2026-05-09 02:55:08: ◇ injected env (3) from .env // tip: ◈ encrypted .env [www.dotenvx.com]
2026-05-09 02:55:09: ◇ injected env (3) from .env // tip: ◈ encrypted .env [www.dotenvx.com]
2026-05-09 02:55:10: ◇ injected env (3) from .env // tip: ⌘ custom filepath { path: '/custom/path/.env' }
2026-05-09 02:55:11: ◇ injected env (3) from .env // tip: ⌘ suppress logs { quiet: true }
2026-05-09 02:55:12: ◇ injected env (3) from .env // tip: ⌘ custom filepath { path: '/custom/path/.env' }
2026-05-09 02:55:13: ◇ injected env (3) from .env // tip: ⌘ enable debugging { debug: true }
2026-05-09 02:55:14: ◇ injected env (3) from .env // tip: ⌘ multiple files { path: ['.env.local', '.env'] }
2026-05-09 02:55:15: ◇ injected env (3) from .env // tip: ◈ encrypted .env [www.dotenvx.com]
2026-05-09 02:55:16: ◇ injected env (3) from .env // tip: ◈ secrets for agents [www.dotenvx.com]
2026-05-09 02:55:17: ◇ injected env (3) from .env // tip: ⌘ multiple files { path: ['.env.local', '.env'] }
2026-05-09 02:55:18: ◇ injected env (3) from .env // tip: ⌁ auth for agents [www.vestauth.com]
2026-05-09 02:55:19: ◇ injected env (3) from .env // tip: ◈ encrypted .env [www.dotenvx.com]
2026-05-09 02:55:20: ◇ injected env (3) from .env // tip: ⌁ auth for agents [www.vestauth.com]
2026-05-09 02:55:21: ◇ injected env (3) from .env // tip: ⌘ enable debugging { debug: true }
2026-05-09 02:55:22: ◇ injected env (3) from .env // tip: ⌁ auth for agents [www.vestauth.com]
2026-05-09 02:55:23: ◇ injected env (3) from .env // tip: ⌘ suppress logs { quiet: true }
2026-05-09 02:55:25: ◇ injected env (3) from .env // tip: ◈ secrets for agents [www.dotenvx.com]
2026-05-09 02:55:26: ◇ injected env (3) from .env // tip: ◈ encrypted .env [www.dotenvx.com]
2026-05-09 02:55:27: ◇ injected env (3) from .env // tip: ◈ secrets for agents [www.dotenvx.com]
2026-05-09 02:55:28: ◇ injected env (3) from .env // tip: ⌘ override existing { override: true }
2026-05-09 02:55:29: ◇ injected env (3) from .env // tip: ⌁ auth for agents [www.vestauth.com]
2026-05-09 02:55:30: ◇ injected env (3) from .env // tip: ⌘ custom filepath { path: '/custom/path/.env' }
2026-05-09 02:55:31: ◇ injected env (3) from .env // tip: ⌘ override existing { override: true }
2026-05-09 02:55:32: ◇ injected env (3) from .env // tip: ⌘ enable debugging { debug: true }
2026-05-09 02:55:33: ◇ injected env (3) from .env // tip: ⌘ suppress logs { quiet: true }
2026-05-09 02:55:34: ◇ injected env (3) from .env // tip: ◈ encrypted .env [www.dotenvx.com]
2026-05-09 02:55:35: ◇ injected env (3) from .env // tip: ⌘ suppress logs { quiet: true }
2026-05-09 02:55:36: ◇ injected env (3) from .env // tip: ⌘ suppress logs { quiet: true }
2026-05-09 02:55:37: ◇ injected env (3) from .env // tip: ◈ encrypted .env [www.dotenvx.com]
2026-05-09 02:55:38: ◇ injected env (3) from .env // tip: ⌁ auth for agents [www.vestauth.com]
2026-05-09 02:55:39: ◇ injected env (3) from .env // tip: ⌘ multiple files { path: ['.env.local', '.env'] }
2026-05-09 02:55:40: ◇ injected env (3) from .env // tip: ⌘ override existing { override: true }
2026-05-09 02:55:42: ◇ injected env (3) from .env // tip: ◈ secrets for agents [www.dotenvx.com]
2026-05-09 02:55:43: ◇ injected env (3) from .env // tip: ◈ encrypted .env [www.dotenvx.com]
2026-05-09 02:55:44: ◇ injected env (3) from .env // tip: ◈ encrypted .env [www.dotenvx.com]
2026-05-09 02:55:45: ◇ injected env (3) from .env // tip: ⌘ custom filepath { path: '/custom/path/.env' }
2026-05-09 02:55:46: ◇ injected env (3) from .env // tip: ◈ encrypted .env [www.dotenvx.com]
2026-05-09 02:55:47: ◇ injected env (3) from .env // tip: ⌘ enable debugging { debug: true }
2026-05-09 02:55:48: ◇ injected env (3) from .env // tip: ⌘ multiple files { path: ['.env.local', '.env'] }
2026-05-09 02:55:49: ◇ injected env (3) from .env // tip: ⌘ override existing { override: true }
2026-05-09 02:55:50: ◇ injected env (3) from .env // tip: ⌘ override existing { override: true }
2026-05-09 02:55:51: ◇ injected env (3) from .env // tip: ⌘ suppress logs { quiet: true }
2026-05-09 02:55:52: ◇ injected env (3) from .env // tip: ⌘ enable debugging { debug: true }
2026-05-09 02:55:53: ◇ injected env (3) from .env // tip: ⌘ suppress logs { quiet: true }
2026-05-09 02:55:54: ◇ injected env (3) from .env // tip: ⌘ multiple files { path: ['.env.local', '.env'] }
2026-05-09 02:55:55: ◇ injected env (3) from .env // tip: ⌘ custom filepath { path: '/custom/path/.env' }
2026-05-09 02:55:56: ◇ injected env (3) from .env // tip: ⌘ override existing { override: true }
2026-05-09 02:55:57: ◇ injected env (3) from .env // tip: ⌘ multiple files { path: ['.env.local', '.env'] }
2026-05-09 02:55:59: ◇ injected env (3) from .env // tip: ⌘ multiple files { path: ['.env.local', '.env'] }
2026-05-09 02:56:00: ◇ injected env (3) from .env // tip: ⌘ custom filepath { path: '/custom/path/.env' }
2026-05-09 02:56:01: ◇ injected env (3) from .env // tip: ⌁ auth for agents [www.vestauth.com]
2026-05-09 02:56:02: ◇ injected env (3) from .env // tip: ◈ secrets for agents [www.dotenvx.com]
2026-05-09 02:56:03: ◇ injected env (3) from .env // tip: ⌘ enable debugging { debug: true }
2026-05-09 02:56:04: ◇ injected env (3) from .env // tip: ◈ secrets for agents [www.dotenvx.com]
2026-05-09 02:56:05: ◇ injected env (3) from .env // tip: ⌁ auth for agents [www.vestauth.com]
2026-05-09 02:56:06: ◇ injected env (3) from .env // tip: ⌘ custom filepath { path: '/custom/path/.env' }
2026-05-09 02:56:07: ◇ injected env (3) from .env // tip: ⌘ suppress logs { quiet: true }
2026-05-09 02:56:08: ◇ injected env (3) from .env // tip: ◈ secrets for agents [www.dotenvx.com]
2026-05-09 02:56:09: ◇ injected env (3) from .env // tip: ⌘ multiple files { path: ['.env.local', '.env'] }
2026-05-09 02:56:10: ◇ injected env (3) from .env // tip: ⌘ suppress logs { quiet: true }
2026-05-09 02:56:11: ◇ injected env (3) from .env // tip: ⌘ suppress logs { quiet: true }
2026-05-09 02:56:12: ◇ injected env (3) from .env // tip: ⌁ auth for agents [www.vestauth.com]
2026-05-09 02:56:13: ◇ injected env (3) from .env // tip: ⌘ multiple files { path: ['.env.local', '.env'] }
2026-05-09 02:56:14: ◇ injected env (3) from .env // tip: ◈ encrypted .env [www.dotenvx.com]
2026-05-09 02:56:16: ◇ injected env (3) from .env // tip: ◈ encrypted .env [www.dotenvx.com]
2026-05-09 02:56:17: ◇ injected env (3) from .env // tip: ⌘ multiple files { path: ['.env.local', '.env'] }
2026-05-09 02:56:18: ◇ injected env (3) from .env // tip: ◈ encrypted .env [www.dotenvx.com]
2026-05-09 02:56:19: ◇ injected env (3) from .env // tip: ⌘ custom filepath { path: '/custom/path/.env' }
2026-05-09 02:56:20: ◇ injected env (3) from .env // tip: ◈ encrypted .env [www.dotenvx.com]
2026-05-09 02:56:21: ◇ injected env (3) from .env // tip: ⌘ custom filepath { path: '/custom/path/.env' }
2026-05-09 02:56:22: ◇ injected env (3) from .env // tip: ⌘ custom filepath { path: '/custom/path/.env' }
2026-05-09 02:56:23: ◇ injected env (3) from .env // tip: ◈ secrets for agents [www.dotenvx.com]
2026-05-09 02:56:24: ◇ injected env (3) from .env // tip: ⌘ enable debugging { debug: true }
2026-05-09 02:56:25: ◇ injected env (3) from .env // tip: ⌘ custom filepath { path: '/custom/path/.env' }
2026-05-09 02:56:26: ◇ injected env (3) from .env // tip: ⌘ multiple files { path: ['.env.local', '.env'] }
2026-05-09 02:56:27: ◇ injected env (3) from .env // tip: ⌘ multiple files { path: ['.env.local', '.env'] }
2026-05-09 02:56:28: ◇ injected env (3) from .env // tip: ⌘ enable debugging { debug: true }
2026-05-09 02:56:29: ◇ injected env (3) from .env // tip: ◈ encrypted .env [www.dotenvx.com]
2026-05-09 02:56:30: ◇ injected env (3) from .env // tip: ◈ encrypted .env [www.dotenvx.com]
2026-05-09 02:56:31: ◇ injected env (3) from .env // tip: ⌁ auth for agents [www.vestauth.com]
2026-05-09 02:56:33: ◇ injected env (3) from .env // tip: ⌘ custom filepath { path: '/custom/path/.env' }
2026-05-09 02:56:34: ◇ injected env (3) from .env // tip: ⌘ suppress logs { quiet: true }
2026-05-09 02:56:35: ◇ injected env (3) from .env // tip: ⌘ override existing { override: true }
2026-05-09 02:56:36: ◇ injected env (3) from .env // tip: ⌘ custom filepath { path: '/custom/path/.env' }
2026-05-09 02:56:37: ◇ injected env (3) from .env // tip: ⌘ override existing { override: true }
2026-05-09 02:56:38: ◇ injected env (3) from .env // tip: ⌘ override existing { override: true }
2026-05-09 02:56:39: ◇ injected env (3) from .env // tip: ⌘ multiple files { path: ['.env.local', '.env'] }
2026-05-09 02:56:40: ◇ injected env (3) from .env // tip: ⌘ override existing { override: true }
2026-05-09 02:56:41: ◇ injected env (3) from .env // tip: ⌘ multiple files { path: ['.env.local', '.env'] }
2026-05-09 02:56:42: ◇ injected env (3) from .env // tip: ⌘ enable debugging { debug: true }
2026-05-09 02:56:43: ◇ injected env (3) from .env // tip: ◈ encrypted .env [www.dotenvx.com]
2026-05-09 02:56:44: ◇ injected env (3) from .env // tip: ◈ encrypted .env [www.dotenvx.com]
2026-05-09 02:56:45: ◇ injected env (3) from .env // tip: ◈ secrets for agents [www.dotenvx.com]
2026-05-09 02:56:46: ◇ injected env (3) from .env // tip: ◈ secrets for agents [www.dotenvx.com]
2026-05-09 02:56:47: ◇ injected env (3) from .env // tip: ⌘ custom filepath { path: '/custom/path/.env' }
2026-05-09 02:56:48: ◇ injected env (3) from .env // tip: ⌘ override existing { override: true }
2026-05-09 02:56:50: ◇ injected env (3) from .env // tip: ⌁ auth for agents [www.vestauth.com]
2026-05-09 02:56:51: ◇ injected env (3) from .env // tip: ⌘ enable debugging { debug: true }
2026-05-09 02:56:52: ◇ injected env (3) from .env // tip: ⌘ suppress logs { quiet: true }
2026-05-09 02:56:53: ◇ injected env (3) from .env // tip: ⌘ enable debugging { debug: true }
2026-05-09 02:56:54: ◇ injected env (3) from .env // tip: ⌁ auth for agents [www.vestauth.com]
2026-05-09 02:56:55: ◇ injected env (3) from .env // tip: ⌘ custom filepath { path: '/custom/path/.env' }
2026-05-09 02:56:56: ◇ injected env (3) from .env // tip: ◈ secrets for agents [www.dotenvx.com]
2026-05-09 02:56:57: ◇ injected env (3) from .env // tip: ⌘ multiple files { path: ['.env.local', '.env'] }
2026-05-09 02:56:58: ◇ injected env (3) from .env // tip: ⌘ multiple files { path: ['.env.local', '.env'] }
2026-05-09 02:56:59: ◇ injected env (3) from .env // tip: ⌁ auth for agents [www.vestauth.com]
2026-05-09 02:57:00: ◇ injected env (3) from .env // tip: ⌘ enable debugging { debug: true }
2026-05-09 02:57:01: ◇ injected env (3) from .env // tip: ◈ encrypted .env [www.dotenvx.com]
2026-05-09 02:57:02: ◇ injected env (3) from .env // tip: ◈ secrets for agents [www.dotenvx.com]
2026-05-09 02:57:03: ◇ injected env (3) from .env // tip: ◈ secrets for agents [www.dotenvx.com]
2026-05-09 02:57:04: ◇ injected env (3) from .env // tip: ⌘ override existing { override: true }
2026-05-09 02:57:06: ◇ injected env (3) from .env // tip: ⌘ override existing { override: true }
2026-05-09 02:57:07: ◇ injected env (3) from .env // tip: ⌘ multiple files { path: ['.env.local', '.env'] }
2026-05-09 02:57:08: ◇ injected env (3) from .env // tip: ⌁ auth for agents [www.vestauth.com]
2026-05-09 02:57:09: ◇ injected env (3) from .env // tip: ⌁ auth for agents [www.vestauth.com]
2026-05-09 02:57:10: ◇ injected env (3) from .env // tip: ⌘ multiple files { path: ['.env.local', '.env'] }
2026-05-09 02:57:11: ◇ injected env (3) from .env // tip: ⌘ multiple files { path: ['.env.local', '.env'] }
2026-05-09 02:57:12: ◇ injected env (3) from .env // tip: ⌘ enable debugging { debug: true }
2026-05-09 02:57:13: ◇ injected env (3) from .env // tip: ◈ secrets for agents [www.dotenvx.com]
2026-05-09 02:57:14: ◇ injected env (3) from .env // tip: ⌘ suppress logs { quiet: true }
2026-05-09 02:57:15: ◇ injected env (3) from .env // tip: ⌘ override existing { override: true }
2026-05-09 02:57:16: ◇ injected env (3) from .env // tip: ⌘ custom filepath { path: '/custom/path/.env' }
2026-05-09 02:57:17: ◇ injected env (3) from .env // tip: ◈ encrypted .env [www.dotenvx.com]
2026-05-09 02:57:18: ◇ injected env (3) from .env // tip: ◈ encrypted .env [www.dotenvx.com]
2026-05-09 02:57:19: ◇ injected env (3) from .env // tip: ◈ encrypted .env [www.dotenvx.com]
2026-05-09 02:57:20: ◇ injected env (3) from .env // tip: ⌘ custom filepath { path: '/custom/path/.env' }
2026-05-09 02:57:21: ◇ injected env (3) from .env // tip: ⌘ suppress logs { quiet: true }
2026-05-09 02:57:22: ◇ injected env (3) from .env // tip: ⌘ override existing { override: true }
2026-05-09 02:57:24: ◇ injected env (3) from .env // tip: ⌘ multiple files { path: ['.env.local', '.env'] }
2026-05-09 02:57:25: ◇ injected env (3) from .env // tip: ⌘ suppress logs { quiet: true }
2026-05-09 02:57:26: ◇ injected env (3) from .env // tip: ◈ secrets for agents [www.dotenvx.com]
2026-05-09 02:57:27: ◇ injected env (3) from .env // tip: ⌘ enable debugging { debug: true }
2026-05-09 02:57:28: ◇ injected env (3) from .env // tip: ◈ secrets for agents [www.dotenvx.com]
2026-05-09 02:57:29: ◇ injected env (3) from .env // tip: ⌘ custom filepath { path: '/custom/path/.env' }
2026-05-09 02:57:30: ◇ injected env (3) from .env // tip: ⌘ suppress logs { quiet: true }
2026-05-09 02:57:31: ◇ injected env (3) from .env // tip: ⌘ override existing { override: true }
2026-05-09 02:57:32: ◇ injected env (3) from .env // tip: ◈ encrypted .env [www.dotenvx.com]
2026-05-09 02:57:33: ◇ injected env (3) from .env // tip: ⌘ suppress logs { quiet: true }
2026-05-09 02:57:34: ◇ injected env (3) from .env // tip: ⌘ override existing { override: true }
2026-05-09 02:57:35: ◇ injected env (3) from .env // tip: ⌘ custom filepath { path: '/custom/path/.env' }
2026-05-09 02:57:36: ◇ injected env (3) from .env // tip: ⌘ custom filepath { path: '/custom/path/.env' }
2026-05-09 02:57:37: ◇ injected env (3) from .env // tip: ⌘ custom filepath { path: '/custom/path/.env' }
2026-05-09 02:57:38: ◇ injected env (3) from .env // tip: ⌘ override existing { override: true }
2026-05-09 02:57:40: ◇ injected env (3) from .env // tip: ⌘ enable debugging { debug: true }
2026-05-09 02:57:41: ◇ injected env (3) from .env // tip: ◈ secrets for agents [www.dotenvx.com]
2026-05-09 02:57:42: ◇ injected env (3) from .env // tip: ⌁ auth for agents [www.vestauth.com]
2026-05-09 02:57:43: ◇ injected env (3) from .env // tip: ⌘ multiple files { path: ['.env.local', '.env'] }
2026-05-09 02:57:44: ◇ injected env (3) from .env // tip: ⌘ suppress logs { quiet: true }
2026-05-09 02:57:45: ◇ injected env (3) from .env // tip: ⌘ override existing { override: true }
2026-05-09 02:57:46: ◇ injected env (3) from .env // tip: ⌘ suppress logs { quiet: true }
2026-05-09 02:57:47: ◇ injected env (3) from .env // tip: ⌁ auth for agents [www.vestauth.com]
2026-05-09 02:57:48: ◇ injected env (3) from .env // tip: ◈ encrypted .env [www.dotenvx.com]
2026-05-09 02:57:49: ◇ injected env (3) from .env // tip: ⌁ auth for agents [www.vestauth.com]
2026-05-09 02:57:50: ◇ injected env (3) from .env // tip: ◈ secrets for agents [www.dotenvx.com]
2026-05-09 02:57:51: ◇ injected env (3) from .env // tip: ⌘ suppress logs { quiet: true }
2026-05-09 02:57:52: ◇ injected env (3) from .env // tip: ⌁ auth for agents [www.vestauth.com]
2026-05-09 02:57:53: ◇ injected env (3) from .env // tip: ⌘ enable debugging { debug: true }
2026-05-09 02:57:54: ◇ injected env (3) from .env // tip: ◈ encrypted .env [www.dotenvx.com]
2026-05-09 02:57:56: ◇ injected env (3) from .env // tip: ◈ encrypted .env [www.dotenvx.com]
2026-05-09 02:57:57: ◇ injected env (3) from .env // tip: ⌘ multiple files { path: ['.env.local', '.env'] }
2026-05-09 02:57:58: ◇ injected env (3) from .env // tip: ⌘ override existing { override: true }
2026-05-09 02:57:59: ◇ injected env (3) from .env // tip: ◈ secrets for agents [www.dotenvx.com]
2026-05-09 02:58:00: ◇ injected env (3) from .env // tip: ⌘ suppress logs { quiet: true }
2026-05-09 02:58:01: ◇ injected env (3) from .env // tip: ⌘ multiple files { path: ['.env.local', '.env'] }
2026-05-09 02:58:02: ◇ injected env (3) from .env // tip: ⌘ suppress logs { quiet: true }
2026-05-09 02:58:03: ◇ injected env (3) from .env // tip: ⌘ custom filepath { path: '/custom/path/.env' }
2026-05-09 02:58:04: ◇ injected env (3) from .env // tip: ◈ encrypted .env [www.dotenvx.com]
2026-05-09 02:58:05: ◇ injected env (3) from .env // tip: ⌘ enable debugging { debug: true }
2026-05-09 02:58:06: ◇ injected env (3) from .env // tip: ⌘ multiple files { path: ['.env.local', '.env'] }
2026-05-09 02:58:07: ◇ injected env (3) from .env // tip: ◈ encrypted .env [www.dotenvx.com]
2026-05-09 02:58:08: ◇ injected env (3) from .env // tip: ◈ secrets for agents [www.dotenvx.com]
2026-05-09 02:58:09: ◇ injected env (3) from .env // tip: ⌘ suppress logs { quiet: true }
2026-05-09 02:58:10: ◇ injected env (3) from .env // tip: ⌘ override existing { override: true }
2026-05-09 02:58:12: ◇ injected env (3) from .env // tip: ⌘ override existing { override: true }
2026-05-09 02:58:13: ◇ injected env (3) from .env // tip: ⌘ custom filepath { path: '/custom/path/.env' }
2026-05-09 02:58:14: ◇ injected env (3) from .env // tip: ⌘ enable debugging { debug: true }
2026-05-09 02:58:15: ◇ injected env (3) from .env // tip: ⌘ override existing { override: true }
2026-05-09 02:58:16: ◇ injected env (3) from .env // tip: ⌘ override existing { override: true }
2026-05-09 02:58:17: ◇ injected env (3) from .env // tip: ◈ secrets for agents [www.dotenvx.com]
2026-05-09 02:58:18: ◇ injected env (3) from .env // tip: ⌘ custom filepath { path: '/custom/path/.env' }
2026-05-09 02:58:19: ◇ injected env (3) from .env // tip: ⌘ multiple files { path: ['.env.local', '.env'] }
2026-05-09 02:58:20: ◇ injected env (3) from .env // tip: ⌘ override existing { override: true }
2026-05-09 02:58:21: ◇ injected env (3) from .env // tip: ⌘ override existing { override: true }
2026-05-09 02:58:22: ◇ injected env (3) from .env // tip: ⌘ suppress logs { quiet: true }
2026-05-09 02:58:23: ◇ injected env (3) from .env // tip: ◈ encrypted .env [www.dotenvx.com]
2026-05-09 02:58:24: ◇ injected env (3) from .env // tip: ◈ encrypted .env [www.dotenvx.com]
2026-05-09 02:58:25: ◇ injected env (3) from .env // tip: ⌘ multiple files { path: ['.env.local', '.env'] }
2026-05-09 02:58:26: ◇ injected env (3) from .env // tip: ⌘ multiple files { path: ['.env.local', '.env'] }
2026-05-09 02:58:27: ◇ injected env (3) from .env // tip: ⌁ auth for agents [www.vestauth.com]
2026-05-09 02:58:28: ◇ injected env (3) from .env // tip: ⌘ suppress logs { quiet: true }
2026-05-09 02:58:29: ◇ injected env (3) from .env // tip: ◈ encrypted .env [www.dotenvx.com]
2026-05-09 02:58:30: ◇ injected env (3) from .env // tip: ◈ secrets for agents [www.dotenvx.com]
2026-05-09 02:58:32: ◇ injected env (3) from .env // tip: ⌘ suppress logs { quiet: true }
2026-05-09 02:58:33: ◇ injected env (3) from .env // tip: ⌘ suppress logs { quiet: true }
2026-05-09 02:58:34: ◇ injected env (3) from .env // tip: ⌘ enable debugging { debug: true }
2026-05-09 02:58:35: ◇ injected env (3) from .env // tip: ⌁ auth for agents [www.vestauth.com]
2026-05-09 02:58:36: ◇ injected env (3) from .env // tip: ⌘ suppress logs { quiet: true }
2026-05-09 02:58:37: ◇ injected env (3) from .env // tip: ⌘ override existing { override: true }
2026-05-09 02:58:38: ◇ injected env (3) from .env // tip: ⌁ auth for agents [www.vestauth.com]
2026-05-09 02:58:39: ◇ injected env (3) from .env // tip: ⌘ multiple files { path: ['.env.local', '.env'] }
2026-05-09 02:58:40: ◇ injected env (3) from .env // tip: ⌘ override existing { override: true }
2026-05-09 02:58:41: ◇ injected env (3) from .env // tip: ⌘ multiple files { path: ['.env.local', '.env'] }
2026-05-09 02:58:42: ◇ injected env (3) from .env // tip: ⌘ custom filepath { path: '/custom/path/.env' }
2026-05-09 02:58:43: ◇ injected env (3) from .env // tip: ◈ encrypted .env [www.dotenvx.com]
2026-05-09 02:58:44: ◇ injected env (3) from .env // tip: ⌘ custom filepath { path: '/custom/path/.env' }
2026-05-09 02:58:45: ◇ injected env (3) from .env // tip: ◈ encrypted .env [www.dotenvx.com]
2026-05-09 02:58:46: ◇ injected env (3) from .env // tip: ⌘ enable debugging { debug: true }
2026-05-09 02:58:47: ◇ injected env (3) from .env // tip: ⌘ enable debugging { debug: true }
2026-05-09 02:58:48: ◇ injected env (3) from .env // tip: ⌘ override existing { override: true }
2026-05-09 02:58:50: ◇ injected env (3) from .env // tip: ◈ encrypted .env [www.dotenvx.com]
2026-05-09 02:58:51: ◇ injected env (3) from .env // tip: ⌘ override existing { override: true }
2026-05-09 02:58:52: ◇ injected env (3) from .env // tip: ◈ secrets for agents [www.dotenvx.com]
2026-05-09 02:58:53: ◇ injected env (3) from .env // tip: ◈ encrypted .env [www.dotenvx.com]
2026-05-09 02:58:54: ◇ injected env (3) from .env // tip: ⌘ suppress logs { quiet: true }
2026-05-09 02:58:55: ◇ injected env (3) from .env // tip: ⌘ multiple files { path: ['.env.local', '.env'] }
2026-05-09 02:58:56: ◇ injected env (3) from .env // tip: ⌘ enable debugging { debug: true }
2026-05-09 02:58:57: ◇ injected env (3) from .env // tip: ⌘ enable debugging { debug: true }
2026-05-09 02:58:58: ◇ injected env (3) from .env // tip: ⌘ multiple files { path: ['.env.local', '.env'] }
2026-05-09 02:58:59: ◇ injected env (3) from .env // tip: ⌁ auth for agents [www.vestauth.com]
2026-05-09 02:59:00: ◇ injected env (3) from .env // tip: ⌘ multiple files { path: ['.env.local', '.env'] }
2026-05-09 02:59:01: ◇ injected env (3) from .env // tip: ⌁ auth for agents [www.vestauth.com]
2026-05-09 02:59:02: ◇ injected env (3) from .env // tip: ◈ secrets for agents [www.dotenvx.com]
2026-05-09 02:59:03: ◇ injected env (3) from .env // tip: ◈ secrets for agents [www.dotenvx.com]
2026-05-09 02:59:05: ◇ injected env (3) from .env // tip: ⌘ suppress logs { quiet: true }
2026-05-09 02:59:06: ◇ injected env (3) from .env // tip: ⌁ auth for agents [www.vestauth.com]
2026-05-09 02:59:07: ◇ injected env (3) from .env // tip: ◈ secrets for agents [www.dotenvx.com]
2026-05-09 02:59:08: ◇ injected env (3) from .env // tip: ⌘ enable debugging { debug: true }
2026-05-09 02:59:09: ◇ injected env (3) from .env // tip: ⌘ override existing { override: true }
2026-05-09 02:59:10: ◇ injected env (3) from .env // tip: ◈ secrets for agents [www.dotenvx.com]
2026-05-09 02:59:11: ◇ injected env (3) from .env // tip: ◈ secrets for agents [www.dotenvx.com]
2026-05-09 02:59:12: ◇ injected env (3) from .env // tip: ⌁ auth for agents [www.vestauth.com]
2026-05-09 02:59:13: ◇ injected env (3) from .env // tip: ⌘ enable debugging { debug: true }
2026-05-09 02:59:14: ◇ injected env (3) from .env // tip: ◈ secrets for agents [www.dotenvx.com]
2026-05-09 02:59:15: ◇ injected env (3) from .env // tip: ⌘ custom filepath { path: '/custom/path/.env' }
2026-05-09 02:59:16: ◇ injected env (3) from .env // tip: ⌁ auth for agents [www.vestauth.com]
2026-05-09 02:59:17: ◇ injected env (3) from .env // tip: ⌁ auth for agents [www.vestauth.com]
2026-05-09 02:59:18: ◇ injected env (3) from .env // tip: ⌘ multiple files { path: ['.env.local', '.env'] }
2026-05-09 02:59:19: ◇ injected env (3) from .env // tip: ⌘ override existing { override: true }
2026-05-09 02:59:20: ◇ injected env (3) from .env // tip: ⌘ suppress logs { quiet: true }
2026-05-09 02:59:21: ◇ injected env (3) from .env // tip: ⌘ enable debugging { debug: true }
2026-05-09 02:59:22: ◇ injected env (3) from .env // tip: ⌘ custom filepath { path: '/custom/path/.env' }
2026-05-09 02:59:24: ◇ injected env (3) from .env // tip: ◈ encrypted .env [www.dotenvx.com]
2026-05-09 02:59:25: ◇ injected env (3) from .env // tip: ◈ encrypted .env [www.dotenvx.com]
2026-05-09 02:59:26: ◇ injected env (3) from .env // tip: ⌘ suppress logs { quiet: true }
2026-05-09 02:59:27: ◇ injected env (3) from .env // tip: ◈ encrypted .env [www.dotenvx.com]
2026-05-09 02:59:28: ◇ injected env (3) from .env // tip: ◈ secrets for agents [www.dotenvx.com]
2026-05-09 02:59:29: ◇ injected env (3) from .env // tip: ⌘ multiple files { path: ['.env.local', '.env'] }
2026-05-09 02:59:30: ◇ injected env (3) from .env // tip: ◈ encrypted .env [www.dotenvx.com]
2026-05-09 02:59:31: ◇ injected env (3) from .env // tip: ⌘ override existing { override: true }
2026-05-09 02:59:32: ◇ injected env (3) from .env // tip: ⌁ auth for agents [www.vestauth.com]
2026-05-09 02:59:33: ◇ injected env (3) from .env // tip: ⌘ override existing { override: true }
2026-05-09 02:59:34: ◇ injected env (3) from .env // tip: ⌘ custom filepath { path: '/custom/path/.env' }
2026-05-09 02:59:35: ◇ injected env (3) from .env // tip: ⌁ auth for agents [www.vestauth.com]
2026-05-09 02:59:36: ◇ injected env (3) from .env // tip: ⌘ suppress logs { quiet: true }
2026-05-09 02:59:37: ◇ injected env (3) from .env // tip: ⌘ custom filepath { path: '/custom/path/.env' }
2026-05-09 02:59:38: ◇ injected env (3) from .env // tip: ⌁ auth for agents [www.vestauth.com]
2026-05-09 02:59:39: ◇ injected env (3) from .env // tip: ⌁ auth for agents [www.vestauth.com]
2026-05-09 02:59:40: ◇ injected env (3) from .env // tip: ⌘ override existing { override: true }
2026-05-09 02:59:42: ◇ injected env (3) from .env // tip: ◈ encrypted .env [www.dotenvx.com]
2026-05-09 02:59:43: ◇ injected env (3) from .env // tip: ⌘ custom filepath { path: '/custom/path/.env' }
2026-05-09 02:59:44: ◇ injected env (3) from .env // tip: ⌁ auth for agents [www.vestauth.com]
2026-05-09 02:59:45: ◇ injected env (3) from .env // tip: ⌘ override existing { override: true }
2026-05-09 02:59:46: ◇ injected env (3) from .env // tip: ⌁ auth for agents [www.vestauth.com]
2026-05-09 02:59:47: ◇ injected env (3) from .env // tip: ⌘ multiple files { path: ['.env.local', '.env'] }
2026-05-09 02:59:48: ◇ injected env (3) from .env // tip: ◈ encrypted .env [www.dotenvx.com]
2026-05-09 02:59:49: ◇ injected env (3) from .env // tip: ⌘ enable debugging { debug: true }
2026-05-09 02:59:50: ◇ injected env (3) from .env // tip: ⌘ suppress logs { quiet: true }
2026-05-09 02:59:51: ◇ injected env (3) from .env // tip: ◈ encrypted .env [www.dotenvx.com]
2026-05-09 02:59:52: ◇ injected env (3) from .env // tip: ◈ secrets for agents [www.dotenvx.com]
2026-05-09 02:59:53: ◇ injected env (3) from .env // tip: ⌘ custom filepath { path: '/custom/path/.env' }
2026-05-09 02:59:54: ◇ injected env (3) from .env // tip: ⌘ suppress logs { quiet: true }
2026-05-09 02:59:55: ◇ injected env (3) from .env // tip: ◈ secrets for agents [www.dotenvx.com]
2026-05-09 02:59:56: ◇ injected env (3) from .env // tip: ◈ encrypted .env [www.dotenvx.com]
2026-05-09 02:59:57: ◇ injected env (3) from .env // tip: ⌁ auth for agents [www.vestauth.com]
2026-05-09 02:59:58: ◇ injected env (3) from .env // tip: ⌘ custom filepath { path: '/custom/path/.env' }
2026-05-09 02:59:59: ◇ injected env (3) from .env // tip: ⌘ override existing { override: true }
2026-05-09 03:00:01: ◇ injected env (3) from .env // tip: ⌘ enable debugging { debug: true }
2026-05-09 03:00:02: ◇ injected env (3) from .env // tip: ⌘ enable debugging { debug: true }
2026-05-09 03:00:03: ◇ injected env (3) from .env // tip: ⌘ enable debugging { debug: true }
2026-05-09 03:00:04: ◇ injected env (3) from .env // tip: ⌘ suppress logs { quiet: true }
2026-05-09 03:00:05: ◇ injected env (3) from .env // tip: ⌘ custom filepath { path: '/custom/path/.env' }
2026-05-09 03:00:06: ◇ injected env (3) from .env // tip: ⌘ multiple files { path: ['.env.local', '.env'] }
2026-05-09 03:00:07: ◇ injected env (3) from .env // tip: ⌘ multiple files { path: ['.env.local', '.env'] }
2026-05-09 03:00:08: ◇ injected env (3) from .env // tip: ◈ encrypted .env [www.dotenvx.com]
2026-05-09 03:00:09: ◇ injected env (3) from .env // tip: ⌘ enable debugging { debug: true }
2026-05-09 03:00:10: ◇ injected env (3) from .env // tip: ⌘ enable debugging { debug: true }
2026-05-09 03:00:11: ◇ injected env (3) from .env // tip: ◈ encrypted .env [www.dotenvx.com]
2026-05-09 03:00:12: ◇ injected env (3) from .env // tip: ⌘ multiple files { path: ['.env.local', '.env'] }
2026-05-09 03:00:13: ◇ injected env (3) from .env // tip: ⌘ enable debugging { debug: true }
2026-05-09 03:00:14: ◇ injected env (3) from .env // tip: ◈ secrets for agents [www.dotenvx.com]
2026-05-09 03:00:15: ◇ injected env (3) from .env // tip: ◈ encrypted .env [www.dotenvx.com]
2026-05-09 03:00:17: ◇ injected env (3) from .env // tip: ◈ encrypted .env [www.dotenvx.com]
2026-05-09 03:00:18: ◇ injected env (3) from .env // tip: ◈ secrets for agents [www.dotenvx.com]
2026-05-09 03:00:19: ◇ injected env (3) from .env // tip: ⌘ custom filepath { path: '/custom/path/.env' }
2026-05-09 03:00:20: ◇ injected env (3) from .env // tip: ◈ encrypted .env [www.dotenvx.com]
2026-05-09 03:00:21: ◇ injected env (3) from .env // tip: ⌘ enable debugging { debug: true }
2026-05-09 03:00:22: ◇ injected env (3) from .env // tip: ⌘ suppress logs { quiet: true }
2026-05-09 03:00:23: ◇ injected env (3) from .env // tip: ◈ encrypted .env [www.dotenvx.com]
2026-05-09 03:00:24: ◇ injected env (3) from .env // tip: ◈ secrets for agents [www.dotenvx.com]
2026-05-09 03:00:25: ◇ injected env (3) from .env // tip: ⌘ suppress logs { quiet: true }
2026-05-09 03:00:26: ◇ injected env (3) from .env // tip: ⌘ custom filepath { path: '/custom/path/.env' }
2026-05-09 03:00:27: ◇ injected env (3) from .env // tip: ⌘ override existing { override: true }
2026-05-09 03:00:28: ◇ injected env (3) from .env // tip: ⌘ custom filepath { path: '/custom/path/.env' }
2026-05-09 03:00:29: ◇ injected env (3) from .env // tip: ⌘ enable debugging { debug: true }
2026-05-09 03:00:30: ◇ injected env (3) from .env // tip: ⌘ multiple files { path: ['.env.local', '.env'] }
2026-05-09 03:00:31: ◇ injected env (3) from .env // tip: ⌘ custom filepath { path: '/custom/path/.env' }
2026-05-09 03:00:32: ◇ injected env (3) from .env // tip: ⌘ enable debugging { debug: true }
2026-05-09 03:00:33: ◇ injected env (3) from .env // tip: ◈ encrypted .env [www.dotenvx.com]
2026-05-09 03:00:35: ◇ injected env (3) from .env // tip: ⌘ enable debugging { debug: true }
2026-05-09 03:00:36: ◇ injected env (3) from .env // tip: ⌁ auth for agents [www.vestauth.com]
2026-05-09 03:00:37: ◇ injected env (3) from .env // tip: ◈ encrypted .env [www.dotenvx.com]
2026-05-09 03:00:38: ◇ injected env (3) from .env // tip: ⌘ multiple files { path: ['.env.local', '.env'] }
2026-05-09 03:00:39: ◇ injected env (3) from .env // tip: ⌘ multiple files { path: ['.env.local', '.env'] }
2026-05-09 03:00:40: ◇ injected env (3) from .env // tip: ⌘ custom filepath { path: '/custom/path/.env' }
2026-05-09 03:00:41: ◇ injected env (3) from .env // tip: ◈ encrypted .env [www.dotenvx.com]
2026-05-09 03:00:42: ◇ injected env (3) from .env // tip: ⌘ suppress logs { quiet: true }
2026-05-09 03:00:43: ◇ injected env (3) from .env // tip: ⌘ override existing { override: true }
2026-05-09 03:00:44: ◇ injected env (3) from .env // tip: ⌘ suppress logs { quiet: true }
2026-05-09 03:00:45: ◇ injected env (3) from .env // tip: ⌘ custom filepath { path: '/custom/path/.env' }
2026-05-09 03:00:46: ◇ injected env (3) from .env // tip: ⌁ auth for agents [www.vestauth.com]
2026-05-09 03:00:47: ◇ injected env (3) from .env // tip: ⌘ suppress logs { quiet: true }
2026-05-09 03:00:48: ◇ injected env (3) from .env // tip: ⌘ multiple files { path: ['.env.local', '.env'] }
2026-05-09 03:00:49: ◇ injected env (3) from .env // tip: ⌘ suppress logs { quiet: true }
2026-05-09 03:00:51: ◇ injected env (3) from .env // tip: ⌁ auth for agents [www.vestauth.com]
2026-05-09 03:00:52: ◇ injected env (3) from .env // tip: ⌘ custom filepath { path: '/custom/path/.env' }
2026-05-09 03:00:53: ◇ injected env (3) from .env // tip: ⌘ override existing { override: true }
2026-05-09 03:00:54: ◇ injected env (3) from .env // tip: ⌘ suppress logs { quiet: true }
2026-05-09 03:00:55: ◇ injected env (3) from .env // tip: ◈ encrypted .env [www.dotenvx.com]
2026-05-09 03:00:56: ◇ injected env (3) from .env // tip: ◈ secrets for agents [www.dotenvx.com]
2026-05-09 03:00:57: ◇ injected env (3) from .env // tip: ⌘ override existing { override: true }
2026-05-09 03:00:58: ◇ injected env (3) from .env // tip: ⌘ custom filepath { path: '/custom/path/.env' }
2026-05-09 03:00:59: ◇ injected env (3) from .env // tip: ⌘ override existing { override: true }
2026-05-09 03:01:00: ◇ injected env (3) from .env // tip: ⌘ enable debugging { debug: true }
2026-05-09 03:01:01: ◇ injected env (3) from .env // tip: ⌘ multiple files { path: ['.env.local', '.env'] }
2026-05-09 03:01:02: ◇ injected env (3) from .env // tip: ⌘ multiple files { path: ['.env.local', '.env'] }
2026-05-09 03:01:03: ◇ injected env (3) from .env // tip: ⌘ suppress logs { quiet: true }
2026-05-09 03:01:04: ◇ injected env (3) from .env // tip: ⌘ custom filepath { path: '/custom/path/.env' }
2026-05-09 03:01:05: ◇ injected env (3) from .env // tip: ⌘ suppress logs { quiet: true }
2026-05-09 03:01:07: ◇ injected env (3) from .env // tip: ⌘ override existing { override: true }
2026-05-09 03:01:08: ◇ injected env (3) from .env // tip: ⌘ multiple files { path: ['.env.local', '.env'] }
2026-05-09 03:01:09: ◇ injected env (3) from .env // tip: ◈ encrypted .env [www.dotenvx.com]
2026-05-09 03:01:10: ◇ injected env (3) from .env // tip: ⌁ auth for agents [www.vestauth.com]
2026-05-09 03:01:11: ◇ injected env (3) from .env // tip: ◈ secrets for agents [www.dotenvx.com]
2026-05-09 03:01:12: ◇ injected env (3) from .env // tip: ⌁ auth for agents [www.vestauth.com]
2026-05-09 03:01:13: ◇ injected env (3) from .env // tip: ⌁ auth for agents [www.vestauth.com]
2026-05-09 03:01:14: ◇ injected env (3) from .env // tip: ◈ encrypted .env [www.dotenvx.com]
2026-05-09 03:01:15: ◇ injected env (3) from .env // tip: ⌘ override existing { override: true }
2026-05-09 03:01:16: ◇ injected env (3) from .env // tip: ◈ secrets for agents [www.dotenvx.com]
2026-05-09 03:01:17: ◇ injected env (3) from .env // tip: ⌘ custom filepath { path: '/custom/path/.env' }
2026-05-09 03:01:18: ◇ injected env (3) from .env // tip: ⌘ override existing { override: true }
2026-05-09 03:01:19: ◇ injected env (3) from .env // tip: ⌁ auth for agents [www.vestauth.com]
2026-05-09 03:01:20: ◇ injected env (3) from .env // tip: ◈ secrets for agents [www.dotenvx.com]
2026-05-09 03:01:21: ◇ injected env (3) from .env // tip: ⌘ enable debugging { debug: true }
2026-05-09 03:01:22: ◇ injected env (3) from .env // tip: ⌘ override existing { override: true }
2026-05-09 03:01:23: ◇ injected env (3) from .env // tip: ⌘ suppress logs { quiet: true }
2026-05-09 03:01:25: ◇ injected env (3) from .env // tip: ⌘ suppress logs { quiet: true }
2026-05-09 03:01:26: ◇ injected env (3) from .env // tip: ⌘ custom filepath { path: '/custom/path/.env' }
2026-05-09 03:01:27: ◇ injected env (3) from .env // tip: ⌘ multiple files { path: ['.env.local', '.env'] }
2026-05-09 03:01:28: ◇ injected env (3) from .env // tip: ⌁ auth for agents [www.vestauth.com]
2026-05-09 03:01:29: ◇ injected env (3) from .env // tip: ◈ encrypted .env [www.dotenvx.com]
2026-05-09 03:01:30: ◇ injected env (3) from .env // tip: ⌘ suppress logs { quiet: true }
2026-05-09 03:01:31: ◇ injected env (3) from .env // tip: ◈ encrypted .env [www.dotenvx.com]
2026-05-09 03:01:32: ◇ injected env (3) from .env // tip: ⌘ suppress logs { quiet: true }
2026-05-09 03:01:33: ◇ injected env (3) from .env // tip: ⌘ override existing { override: true }
2026-05-09 03:01:34: ◇ injected env (3) from .env // tip: ⌘ multiple files { path: ['.env.local', '.env'] }
2026-05-09 03:01:35: ◇ injected env (3) from .env // tip: ◈ encrypted .env [www.dotenvx.com]
2026-05-09 03:01:36: ◇ injected env (3) from .env // tip: ⌘ custom filepath { path: '/custom/path/.env' }
2026-05-09 03:01:37: ◇ injected env (3) from .env // tip: ⌘ override existing { override: true }
2026-05-09 03:01:38: ◇ injected env (3) from .env // tip: ⌘ override existing { override: true }
2026-05-09 03:01:39: ◇ injected env (3) from .env // tip: ⌁ auth for agents [www.vestauth.com]
2026-05-09 03:01:41: ◇ injected env (3) from .env // tip: ⌘ suppress logs { quiet: true }
2026-05-09 03:01:42: ◇ injected env (3) from .env // tip: ⌘ override existing { override: true }
2026-05-09 03:01:43: ◇ injected env (3) from .env // tip: ◈ secrets for agents [www.dotenvx.com]
2026-05-09 03:01:44: ◇ injected env (3) from .env // tip: ⌘ custom filepath { path: '/custom/path/.env' }
2026-05-09 03:01:45: ◇ injected env (3) from .env // tip: ⌘ override existing { override: true }
2026-05-09 03:01:46: ◇ injected env (3) from .env // tip: ⌘ custom filepath { path: '/custom/path/.env' }
2026-05-09 03:01:47: ◇ injected env (3) from .env // tip: ⌁ auth for agents [www.vestauth.com]
2026-05-09 03:01:48: ◇ injected env (3) from .env // tip: ⌁ auth for agents [www.vestauth.com]
2026-05-09 03:01:49: ◇ injected env (3) from .env // tip: ◈ secrets for agents [www.dotenvx.com]
2026-05-09 03:01:50: ◇ injected env (3) from .env // tip: ⌘ override existing { override: true }
2026-05-09 03:01:51: ◇ injected env (3) from .env // tip: ⌘ multiple files { path: ['.env.local', '.env'] }
2026-05-09 03:01:52: ◇ injected env (3) from .env // tip: ⌘ multiple files { path: ['.env.local', '.env'] }
2026-05-09 03:01:53: ◇ injected env (3) from .env // tip: ◈ secrets for agents [www.dotenvx.com]
2026-05-09 03:01:54: ◇ injected env (3) from .env // tip: ⌘ override existing { override: true }
2026-05-09 03:01:55: ◇ injected env (3) from .env // tip: ⌘ multiple files { path: ['.env.local', '.env'] }
2026-05-09 03:01:56: ◇ injected env (3) from .env // tip: ⌘ multiple files { path: ['.env.local', '.env'] }
2026-05-09 03:01:57: ◇ injected env (3) from .env // tip: ⌘ custom filepath { path: '/custom/path/.env' }
2026-05-09 03:01:58: ◇ injected env (3) from .env // tip: ◈ encrypted .env [www.dotenvx.com]
2026-05-09 03:01:59: ◇ injected env (3) from .env // tip: ⌘ enable debugging { debug: true }
2026-05-09 03:02:01: ◇ injected env (3) from .env // tip: ⌘ custom filepath { path: '/custom/path/.env' }
2026-05-09 03:02:02: ◇ injected env (3) from .env // tip: ⌁ auth for agents [www.vestauth.com]
2026-05-09 03:02:03: ◇ injected env (3) from .env // tip: ⌘ custom filepath { path: '/custom/path/.env' }
2026-05-09 03:02:04: ◇ injected env (3) from .env // tip: ⌘ multiple files { path: ['.env.local', '.env'] }
2026-05-09 03:02:05: ◇ injected env (3) from .env // tip: ⌘ suppress logs { quiet: true }
2026-05-09 03:02:06: ◇ injected env (3) from .env // tip: ⌁ auth for agents [www.vestauth.com]
2026-05-09 03:02:07: ◇ injected env (3) from .env // tip: ⌘ enable debugging { debug: true }
2026-05-09 03:02:08: ◇ injected env (3) from .env // tip: ◈ secrets for agents [www.dotenvx.com]
2026-05-09 03:02:09: ◇ injected env (3) from .env // tip: ⌘ suppress logs { quiet: true }
2026-05-09 03:02:10: ◇ injected env (3) from .env // tip: ⌘ override existing { override: true }
2026-05-09 03:02:11: ◇ injected env (3) from .env // tip: ⌘ enable debugging { debug: true }
2026-05-09 03:02:12: ◇ injected env (3) from .env // tip: ⌘ enable debugging { debug: true }
2026-05-09 03:02:13: ◇ injected env (3) from .env // tip: ⌘ multiple files { path: ['.env.local', '.env'] }
2026-05-09 03:02:14: ◇ injected env (3) from .env // tip: ⌘ override existing { override: true }
2026-05-09 03:02:16: ◇ injected env (3) from .env // tip: ⌘ enable debugging { debug: true }
2026-05-09 03:02:17: ◇ injected env (3) from .env // tip: ⌘ override existing { override: true }
2026-05-09 03:02:18: ◇ injected env (3) from .env // tip: ⌘ custom filepath { path: '/custom/path/.env' }
2026-05-09 03:02:19: ◇ injected env (3) from .env // tip: ⌘ custom filepath { path: '/custom/path/.env' }
2026-05-09 03:02:20: ◇ injected env (3) from .env // tip: ⌘ enable debugging { debug: true }
2026-05-09 03:02:21: ◇ injected env (3) from .env // tip: ◈ secrets for agents [www.dotenvx.com]
2026-05-09 03:02:22: ◇ injected env (3) from .env // tip: ◈ secrets for agents [www.dotenvx.com]
2026-05-09 03:02:23: ◇ injected env (3) from .env // tip: ⌘ override existing { override: true }
2026-05-09 03:02:24: ◇ injected env (3) from .env // tip: ⌘ multiple files { path: ['.env.local', '.env'] }
2026-05-09 03:02:25: ◇ injected env (3) from .env // tip: ⌘ custom filepath { path: '/custom/path/.env' }
2026-05-09 03:02:26: ◇ injected env (3) from .env // tip: ⌘ suppress logs { quiet: true }
2026-05-09 03:02:27: ◇ injected env (3) from .env // tip: ⌘ enable debugging { debug: true }
2026-05-09 03:02:28: ◇ injected env (3) from .env // tip: ◈ encrypted .env [www.dotenvx.com]
2026-05-09 03:02:29: ◇ injected env (3) from .env // tip: ⌘ suppress logs { quiet: true }
2026-05-09 03:02:30: ◇ injected env (3) from .env // tip: ⌁ auth for agents [www.vestauth.com]
2026-05-09 03:02:31: ◇ injected env (3) from .env // tip: ◈ encrypted .env [www.dotenvx.com]
2026-05-09 03:02:33: ◇ injected env (3) from .env // tip: ⌘ custom filepath { path: '/custom/path/.env' }
2026-05-09 03:02:34: ◇ injected env (3) from .env // tip: ⌘ multiple files { path: ['.env.local', '.env'] }
2026-05-09 03:02:35: ◇ injected env (3) from .env // tip: ⌘ override existing { override: true }
2026-05-09 03:02:36: ◇ injected env (3) from .env // tip: ⌘ override existing { override: true }
2026-05-09 03:02:37: ◇ injected env (3) from .env // tip: ◈ encrypted .env [www.dotenvx.com]
2026-05-09 03:02:38: ◇ injected env (3) from .env // tip: ⌁ auth for agents [www.vestauth.com]
2026-05-09 03:02:39: ◇ injected env (3) from .env // tip: ⌘ suppress logs { quiet: true }
2026-05-09 03:02:40: ◇ injected env (3) from .env // tip: ⌘ override existing { override: true }
2026-05-09 03:02:41: ◇ injected env (3) from .env // tip: ⌘ multiple files { path: ['.env.local', '.env'] }
2026-05-09 03:02:42: ◇ injected env (3) from .env // tip: ⌘ multiple files { path: ['.env.local', '.env'] }
2026-05-09 03:02:43: ◇ injected env (3) from .env // tip: ⌘ suppress logs { quiet: true }
2026-05-09 03:02:44: ◇ injected env (3) from .env // tip: ⌁ auth for agents [www.vestauth.com]
2026-05-09 03:02:45: ◇ injected env (3) from .env // tip: ⌘ enable debugging { debug: true }
2026-05-09 03:02:46: ◇ injected env (3) from .env // tip: ⌁ auth for agents [www.vestauth.com]
2026-05-09 03:02:47: ◇ injected env (3) from .env // tip: ◈ secrets for agents [www.dotenvx.com]
2026-05-09 03:02:48: ◇ injected env (3) from .env // tip: ⌁ auth for agents [www.vestauth.com]
2026-05-09 03:02:50: ◇ injected env (3) from .env // tip: ⌘ multiple files { path: ['.env.local', '.env'] }
2026-05-09 03:02:51: ◇ injected env (3) from .env // tip: ◈ secrets for agents [www.dotenvx.com]
2026-05-09 03:02:52: ◇ injected env (3) from .env // tip: ⌘ multiple files { path: ['.env.local', '.env'] }
2026-05-09 03:02:53: ◇ injected env (3) from .env // tip: ⌘ multiple files { path: ['.env.local', '.env'] }
2026-05-09 03:02:54: ◇ injected env (3) from .env // tip: ◈ encrypted .env [www.dotenvx.com]
2026-05-09 03:02:55: ◇ injected env (3) from .env // tip: ⌘ suppress logs { quiet: true }
2026-05-09 03:02:56: ◇ injected env (3) from .env // tip: ◈ encrypted .env [www.dotenvx.com]
2026-05-09 03:02:57: ◇ injected env (3) from .env // tip: ⌘ custom filepath { path: '/custom/path/.env' }
2026-05-09 03:02:58: ◇ injected env (3) from .env // tip: ◈ encrypted .env [www.dotenvx.com]
2026-05-09 03:02:59: ◇ injected env (3) from .env // tip: ⌁ auth for agents [www.vestauth.com]
2026-05-09 03:03:00: ◇ injected env (3) from .env // tip: ⌁ auth for agents [www.vestauth.com]
2026-05-09 03:03:01: ◇ injected env (3) from .env // tip: ⌘ multiple files { path: ['.env.local', '.env'] }
2026-05-09 03:03:02: ◇ injected env (3) from .env // tip: ⌘ override existing { override: true }
2026-05-09 03:03:03: ◇ injected env (3) from .env // tip: ⌘ custom filepath { path: '/custom/path/.env' }
2026-05-09 03:03:05: ◇ injected env (3) from .env // tip: ⌘ multiple files { path: ['.env.local', '.env'] }
2026-05-09 03:03:06: ◇ injected env (3) from .env // tip: ⌁ auth for agents [www.vestauth.com]
2026-05-09 03:03:07: ◇ injected env (3) from .env // tip: ⌘ multiple files { path: ['.env.local', '.env'] }
2026-05-09 03:03:08: ◇ injected env (3) from .env // tip: ⌘ override existing { override: true }
2026-05-09 03:03:09: ◇ injected env (3) from .env // tip: ⌘ suppress logs { quiet: true }
2026-05-09 03:03:10: ◇ injected env (3) from .env // tip: ⌘ enable debugging { debug: true }
2026-05-09 03:03:11: ◇ injected env (3) from .env // tip: ◈ secrets for agents [www.dotenvx.com]
2026-05-09 03:03:12: ◇ injected env (3) from .env // tip: ⌘ custom filepath { path: '/custom/path/.env' }
2026-05-09 03:03:13: ◇ injected env (3) from .env // tip: ⌘ multiple files { path: ['.env.local', '.env'] }
2026-05-09 03:03:14: ◇ injected env (3) from .env // tip: ⌘ multiple files { path: ['.env.local', '.env'] }
2026-05-09 03:03:15: ◇ injected env (3) from .env // tip: ⌘ override existing { override: true }
2026-05-09 03:03:16: ◇ injected env (3) from .env // tip: ⌘ custom filepath { path: '/custom/path/.env' }
2026-05-09 03:03:17: ◇ injected env (3) from .env // tip: ⌁ auth for agents [www.vestauth.com]
2026-05-09 03:03:18: ◇ injected env (3) from .env // tip: ⌘ multiple files { path: ['.env.local', '.env'] }
2026-05-09 03:03:20: ◇ injected env (3) from .env // tip: ⌘ enable debugging { debug: true }
2026-05-09 03:03:21: ◇ injected env (3) from .env // tip: ⌘ override existing { override: true }
2026-05-09 03:03:22: ◇ injected env (3) from .env // tip: ⌘ override existing { override: true }
2026-05-09 03:03:23: ◇ injected env (3) from .env // tip: ⌁ auth for agents [www.vestauth.com]
2026-05-09 03:03:24: ◇ injected env (3) from .env // tip: ⌘ override existing { override: true }
2026-05-09 03:03:25: ◇ injected env (3) from .env // tip: ⌘ suppress logs { quiet: true }
2026-05-09 03:03:26: ◇ injected env (3) from .env // tip: ⌁ auth for agents [www.vestauth.com]
2026-05-09 03:03:27: ◇ injected env (3) from .env // tip: ⌘ override existing { override: true }
2026-05-09 03:03:28: ◇ injected env (3) from .env // tip: ◈ secrets for agents [www.dotenvx.com]
2026-05-09 03:03:29: ◇ injected env (3) from .env // tip: ⌘ custom filepath { path: '/custom/path/.env' }
2026-05-09 03:03:30: ◇ injected env (3) from .env // tip: ⌁ auth for agents [www.vestauth.com]
2026-05-09 03:03:31: ◇ injected env (3) from .env // tip: ⌁ auth for agents [www.vestauth.com]
2026-05-09 03:03:33: ◇ injected env (3) from .env // tip: ⌘ custom filepath { path: '/custom/path/.env' }
2026-05-09 03:03:34: ◇ injected env (3) from .env // tip: ⌘ override existing { override: true }
2026-05-09 03:03:35: ◇ injected env (3) from .env // tip: ⌘ multiple files { path: ['.env.local', '.env'] }
2026-05-09 03:03:36: ◇ injected env (3) from .env // tip: ⌘ suppress logs { quiet: true }
2026-05-09 03:03:37: ◇ injected env (3) from .env // tip: ⌘ custom filepath { path: '/custom/path/.env' }
2026-05-09 03:03:38: ◇ injected env (3) from .env // tip: ⌘ suppress logs { quiet: true }
2026-05-09 03:03:39: ◇ injected env (3) from .env // tip: ◈ secrets for agents [www.dotenvx.com]
2026-05-09 03:03:40: ◇ injected env (3) from .env // tip: ⌘ multiple files { path: ['.env.local', '.env'] }
2026-05-09 03:03:41: ◇ injected env (3) from .env // tip: ◈ secrets for agents [www.dotenvx.com]
2026-05-09 03:03:42: ◇ injected env (3) from .env // tip: ◈ encrypted .env [www.dotenvx.com]
2026-05-09 03:03:43: ◇ injected env (3) from .env // tip: ⌘ enable debugging { debug: true }
2026-05-09 03:03:44: ◇ injected env (3) from .env // tip: ⌘ custom filepath { path: '/custom/path/.env' }
2026-05-09 03:03:45: ◇ injected env (3) from .env // tip: ◈ encrypted .env [www.dotenvx.com]
2026-05-09 03:03:46: ◇ injected env (3) from .env // tip: ⌘ override existing { override: true }
2026-05-09 03:03:47: ◇ injected env (3) from .env // tip: ⌁ auth for agents [www.vestauth.com]
2026-05-09 03:03:49: ◇ injected env (3) from .env // tip: ⌘ custom filepath { path: '/custom/path/.env' }
2026-05-09 03:03:50: ◇ injected env (3) from .env // tip: ⌘ override existing { override: true }
2026-05-09 03:03:51: ◇ injected env (3) from .env // tip: ⌘ enable debugging { debug: true }
2026-05-09 03:03:52: ◇ injected env (3) from .env // tip: ◈ encrypted .env [www.dotenvx.com]
2026-05-09 03:03:53: ◇ injected env (3) from .env // tip: ◈ secrets for agents [www.dotenvx.com]
2026-05-09 03:03:54: ◇ injected env (3) from .env // tip: ◈ encrypted .env [www.dotenvx.com]
2026-05-09 03:03:55: ◇ injected env (3) from .env // tip: ⌘ multiple files { path: ['.env.local', '.env'] }
2026-05-09 03:03:56: ◇ injected env (3) from .env // tip: ⌘ enable debugging { debug: true }
2026-05-09 03:03:57: ◇ injected env (3) from .env // tip: ⌘ override existing { override: true }
2026-05-09 03:03:58: ◇ injected env (3) from .env // tip: ◈ secrets for agents [www.dotenvx.com]
2026-05-09 03:03:59: ◇ injected env (3) from .env // tip: ◈ encrypted .env [www.dotenvx.com]
2026-05-09 03:04:00: ◇ injected env (3) from .env // tip: ⌘ override existing { override: true }
2026-05-09 03:04:02: ◇ injected env (3) from .env // tip: ◈ encrypted .env [www.dotenvx.com]
2026-05-09 03:04:03: ◇ injected env (3) from .env // tip: ⌘ suppress logs { quiet: true }
2026-05-09 03:04:04: ◇ injected env (3) from .env // tip: ⌘ override existing { override: true }
2026-05-09 03:04:05: ◇ injected env (3) from .env // tip: ⌘ override existing { override: true }
2026-05-09 03:04:06: ◇ injected env (3) from .env // tip: ◈ encrypted .env [www.dotenvx.com]
2026-05-09 03:04:07: ◇ injected env (3) from .env // tip: ⌘ override existing { override: true }
2026-05-09 03:04:08: ◇ injected env (3) from .env // tip: ◈ encrypted .env [www.dotenvx.com]
2026-05-09 03:04:09: ◇ injected env (3) from .env // tip: ⌘ suppress logs { quiet: true }
2026-05-09 03:04:10: ◇ injected env (3) from .env // tip: ⌁ auth for agents [www.vestauth.com]
2026-05-09 03:04:11: ◇ injected env (3) from .env // tip: ⌘ multiple files { path: ['.env.local', '.env'] }
2026-05-09 03:04:12: ◇ injected env (3) from .env // tip: ⌘ multiple files { path: ['.env.local', '.env'] }
2026-05-09 03:04:13: ◇ injected env (3) from .env // tip: ⌘ override existing { override: true }
2026-05-09 03:04:14: ◇ injected env (3) from .env // tip: ◈ encrypted .env [www.dotenvx.com]
2026-05-09 03:04:15: ◇ injected env (3) from .env // tip: ◈ encrypted .env [www.dotenvx.com]
2026-05-09 03:04:16: ◇ injected env (3) from .env // tip: ⌘ custom filepath { path: '/custom/path/.env' }
2026-05-09 03:04:18: ◇ injected env (3) from .env // tip: ⌘ enable debugging { debug: true }
2026-05-09 03:04:19: ◇ injected env (3) from .env // tip: ⌘ override existing { override: true }
2026-05-09 03:04:20: ◇ injected env (3) from .env // tip: ⌘ override existing { override: true }
2026-05-09 03:04:21: ◇ injected env (3) from .env // tip: ⌘ suppress logs { quiet: true }
2026-05-09 03:04:22: ◇ injected env (3) from .env // tip: ◈ encrypted .env [www.dotenvx.com]
2026-05-09 03:04:23: ◇ injected env (3) from .env // tip: ⌘ custom filepath { path: '/custom/path/.env' }
2026-05-09 03:04:24: ◇ injected env (3) from .env // tip: ⌘ multiple files { path: ['.env.local', '.env'] }
2026-05-09 03:04:25: ◇ injected env (3) from .env // tip: ◈ encrypted .env [www.dotenvx.com]
2026-05-09 03:04:26: ◇ injected env (3) from .env // tip: ⌘ suppress logs { quiet: true }
2026-05-09 03:04:27: ◇ injected env (3) from .env // tip: ⌘ suppress logs { quiet: true }
2026-05-09 03:04:28: ◇ injected env (3) from .env // tip: ⌘ multiple files { path: ['.env.local', '.env'] }
2026-05-09 03:04:29: ◇ injected env (3) from .env // tip: ⌘ multiple files { path: ['.env.local', '.env'] }
2026-05-09 03:04:30: ◇ injected env (3) from .env // tip: ⌘ custom filepath { path: '/custom/path/.env' }
2026-05-09 03:04:31: ◇ injected env (3) from .env // tip: ⌘ suppress logs { quiet: true }
2026-05-09 03:04:32: ◇ injected env (3) from .env // tip: ⌘ override existing { override: true }
2026-05-09 03:04:33: ◇ injected env (3) from .env // tip: ⌘ multiple files { path: ['.env.local', '.env'] }
2026-05-09 03:04:35: ◇ injected env (3) from .env // tip: ⌁ auth for agents [www.vestauth.com]
2026-05-09 03:04:36: ◇ injected env (3) from .env // tip: ⌘ custom filepath { path: '/custom/path/.env' }
2026-05-09 03:04:37: ◇ injected env (3) from .env // tip: ◈ secrets for agents [www.dotenvx.com]
2026-05-09 03:04:38: ◇ injected env (3) from .env // tip: ⌘ custom filepath { path: '/custom/path/.env' }
2026-05-09 03:04:39: ◇ injected env (3) from .env // tip: ⌘ multiple files { path: ['.env.local', '.env'] }
2026-05-09 03:04:40: ◇ injected env (3) from .env // tip: ◈ encrypted .env [www.dotenvx.com]
2026-05-09 03:04:41: ◇ injected env (3) from .env // tip: ◈ secrets for agents [www.dotenvx.com]
2026-05-09 03:04:42: ◇ injected env (3) from .env // tip: ⌘ suppress logs { quiet: true }
2026-05-09 03:04:43: ◇ injected env (3) from .env // tip: ◈ secrets for agents [www.dotenvx.com]
2026-05-09 03:04:44: ◇ injected env (3) from .env // tip: ⌘ override existing { override: true }
2026-05-09 03:04:45: ◇ injected env (3) from .env // tip: ◈ encrypted .env [www.dotenvx.com]
2026-05-09 03:04:46: ◇ injected env (3) from .env // tip: ⌘ custom filepath { path: '/custom/path/.env' }
2026-05-09 03:04:47: ◇ injected env (3) from .env // tip: ◈ secrets for agents [www.dotenvx.com]
2026-05-09 03:04:48: ◇ injected env (3) from .env // tip: ◈ encrypted .env [www.dotenvx.com]
2026-05-09 03:04:49: ◇ injected env (3) from .env // tip: ⌘ custom filepath { path: '/custom/path/.env' }
2026-05-09 03:04:50: ◇ injected env (3) from .env // tip: ◈ secrets for agents [www.dotenvx.com]
2026-05-09 03:04:51: ◇ injected env (3) from .env // tip: ⌘ suppress logs { quiet: true }
2026-05-09 03:04:53: ◇ injected env (3) from .env // tip: ⌘ suppress logs { quiet: true }
2026-05-09 03:04:54: ◇ injected env (3) from .env // tip: ◈ encrypted .env [www.dotenvx.com]
2026-05-09 03:04:55: ◇ injected env (3) from .env // tip: ⌘ custom filepath { path: '/custom/path/.env' }
2026-05-09 03:04:56: ◇ injected env (3) from .env // tip: ⌘ enable debugging { debug: true }
2026-05-09 03:04:57: ◇ injected env (3) from .env // tip: ⌘ override existing { override: true }
2026-05-09 03:04:58: ◇ injected env (3) from .env // tip: ◈ secrets for agents [www.dotenvx.com]
2026-05-09 03:04:59: ◇ injected env (3) from .env // tip: ⌘ suppress logs { quiet: true }
2026-05-09 03:05:00: ◇ injected env (3) from .env // tip: ⌘ custom filepath { path: '/custom/path/.env' }
2026-05-09 03:05:01: ◇ injected env (3) from .env // tip: ⌘ suppress logs { quiet: true }
2026-05-09 03:05:02: ◇ injected env (3) from .env // tip: ⌁ auth for agents [www.vestauth.com]
2026-05-09 03:05:03: ◇ injected env (3) from .env // tip: ⌘ suppress logs { quiet: true }
2026-05-09 03:05:04: ◇ injected env (3) from .env // tip: ⌘ custom filepath { path: '/custom/path/.env' }
2026-05-09 03:05:05: ◇ injected env (3) from .env // tip: ⌘ override existing { override: true }
2026-05-09 03:05:06: ◇ injected env (3) from .env // tip: ⌘ suppress logs { quiet: true }
2026-05-09 03:05:07: ◇ injected env (3) from .env // tip: ⌘ custom filepath { path: '/custom/path/.env' }
2026-05-09 03:05:08: ◇ injected env (3) from .env // tip: ⌘ suppress logs { quiet: true }
2026-05-09 03:05:10: ◇ injected env (3) from .env // tip: ⌘ enable debugging { debug: true }
2026-05-09 03:05:11: ◇ injected env (3) from .env // tip: ◈ encrypted .env [www.dotenvx.com]
2026-05-09 03:05:12: ◇ injected env (3) from .env // tip: ⌘ multiple files { path: ['.env.local', '.env'] }
2026-05-09 03:05:13: ◇ injected env (3) from .env // tip: ⌘ override existing { override: true }
2026-05-09 03:05:14: ◇ injected env (3) from .env // tip: ⌁ auth for agents [www.vestauth.com]
2026-05-09 03:05:15: ◇ injected env (3) from .env // tip: ⌘ multiple files { path: ['.env.local', '.env'] }
2026-05-09 03:05:16: ◇ injected env (3) from .env // tip: ⌘ enable debugging { debug: true }
2026-05-09 03:05:17: ◇ injected env (3) from .env // tip: ⌘ override existing { override: true }
2026-05-09 03:05:18: ◇ injected env (3) from .env // tip: ⌁ auth for agents [www.vestauth.com]
2026-05-09 03:05:19: ◇ injected env (3) from .env // tip: ◈ secrets for agents [www.dotenvx.com]
2026-05-09 03:05:20: ◇ injected env (3) from .env // tip: ◈ secrets for agents [www.dotenvx.com]
2026-05-09 03:05:21: ◇ injected env (3) from .env // tip: ⌁ auth for agents [www.vestauth.com]
2026-05-09 03:05:22: ◇ injected env (3) from .env // tip: ⌘ multiple files { path: ['.env.local', '.env'] }
2026-05-09 03:05:23: ◇ injected env (3) from .env // tip: ⌘ suppress logs { quiet: true }
2026-05-09 03:05:25: ◇ injected env (3) from .env // tip: ⌘ custom filepath { path: '/custom/path/.env' }
2026-05-09 03:05:26: ◇ injected env (3) from .env // tip: ⌘ custom filepath { path: '/custom/path/.env' }
2026-05-09 03:05:27: ◇ injected env (3) from .env // tip: ⌘ multiple files { path: ['.env.local', '.env'] }
2026-05-09 03:05:28: ◇ injected env (3) from .env // tip: ⌘ override existing { override: true }
2026-05-09 03:05:29: ◇ injected env (3) from .env // tip: ◈ encrypted .env [www.dotenvx.com]
2026-05-09 03:05:30: ◇ injected env (3) from .env // tip: ◈ encrypted .env [www.dotenvx.com]
2026-05-09 03:05:31: ◇ injected env (3) from .env // tip: ⌘ custom filepath { path: '/custom/path/.env' }
2026-05-09 03:05:32: ◇ injected env (3) from .env // tip: ◈ secrets for agents [www.dotenvx.com]
2026-05-09 03:05:33: ◇ injected env (3) from .env // tip: ⌘ multiple files { path: ['.env.local', '.env'] }
2026-05-09 03:05:34: ◇ injected env (3) from .env // tip: ⌁ auth for agents [www.vestauth.com]
2026-05-09 03:05:35: ◇ injected env (3) from .env // tip: ⌘ suppress logs { quiet: true }
2026-05-09 03:05:36: ◇ injected env (3) from .env // tip: ⌘ suppress logs { quiet: true }
2026-05-09 03:05:37: ◇ injected env (3) from .env // tip: ⌁ auth for agents [www.vestauth.com]
2026-05-09 03:05:38: ◇ injected env (3) from .env // tip: ⌘ enable debugging { debug: true }
2026-05-09 03:05:40: ◇ injected env (3) from .env // tip: ◈ encrypted .env [www.dotenvx.com]
2026-05-09 03:05:41: ◇ injected env (3) from .env // tip: ◈ encrypted .env [www.dotenvx.com]
2026-05-09 03:05:42: ◇ injected env (3) from .env // tip: ⌁ auth for agents [www.vestauth.com]
2026-05-09 03:05:43: ◇ injected env (3) from .env // tip: ⌘ override existing { override: true }
2026-05-09 03:05:44: ◇ injected env (3) from .env // tip: ⌘ multiple files { path: ['.env.local', '.env'] }
2026-05-09 03:05:45: ◇ injected env (3) from .env // tip: ⌘ suppress logs { quiet: true }
2026-05-09 03:05:46: ◇ injected env (3) from .env // tip: ⌁ auth for agents [www.vestauth.com]
2026-05-09 03:05:47: ◇ injected env (3) from .env // tip: ◈ encrypted .env [www.dotenvx.com]
2026-05-09 03:05:48: ◇ injected env (3) from .env // tip: ⌘ custom filepath { path: '/custom/path/.env' }
2026-05-09 03:05:49: ◇ injected env (3) from .env // tip: ⌘ custom filepath { path: '/custom/path/.env' }
2026-05-09 03:05:50: ◇ injected env (3) from .env // tip: ⌘ multiple files { path: ['.env.local', '.env'] }
2026-05-09 03:05:51: ◇ injected env (3) from .env // tip: ◈ secrets for agents [www.dotenvx.com]
2026-05-09 03:05:52: ◇ injected env (3) from .env // tip: ⌘ enable debugging { debug: true }
2026-05-09 03:05:53: ◇ injected env (3) from .env // tip: ⌘ multiple files { path: ['.env.local', '.env'] }
2026-05-09 03:05:54: ◇ injected env (3) from .env // tip: ⌘ override existing { override: true }
2026-05-09 03:05:55: ◇ injected env (3) from .env // tip: ⌘ override existing { override: true }
2026-05-09 03:05:56: ◇ injected env (3) from .env // tip: ⌘ custom filepath { path: '/custom/path/.env' }
2026-05-09 03:05:57: ◇ injected env (3) from .env // tip: ◈ secrets for agents [www.dotenvx.com]
2026-05-09 03:05:59: ◇ injected env (3) from .env // tip: ◈ secrets for agents [www.dotenvx.com]
2026-05-09 03:06:00: ◇ injected env (3) from .env // tip: ◈ encrypted .env [www.dotenvx.com]
2026-05-09 03:06:01: ◇ injected env (3) from .env // tip: ⌘ suppress logs { quiet: true }
2026-05-09 03:06:02: ◇ injected env (3) from .env // tip: ⌘ multiple files { path: ['.env.local', '.env'] }
2026-05-09 03:06:03: ◇ injected env (3) from .env // tip: ⌘ multiple files { path: ['.env.local', '.env'] }
2026-05-09 03:06:04: ◇ injected env (3) from .env // tip: ⌘ custom filepath { path: '/custom/path/.env' }
2026-05-09 03:06:05: ◇ injected env (3) from .env // tip: ⌘ custom filepath { path: '/custom/path/.env' }
2026-05-09 03:06:06: ◇ injected env (3) from .env // tip: ⌘ custom filepath { path: '/custom/path/.env' }
2026-05-09 03:06:07: ◇ injected env (3) from .env // tip: ⌘ multiple files { path: ['.env.local', '.env'] }
2026-05-09 03:06:08: ◇ injected env (3) from .env // tip: ⌘ multiple files { path: ['.env.local', '.env'] }
2026-05-09 03:06:09: ◇ injected env (3) from .env // tip: ⌘ custom filepath { path: '/custom/path/.env' }
2026-05-09 03:06:10: ◇ injected env (3) from .env // tip: ⌘ custom filepath { path: '/custom/path/.env' }
2026-05-09 03:06:11: ◇ injected env (3) from .env // tip: ⌘ enable debugging { debug: true }
2026-05-09 03:06:12: ◇ injected env (3) from .env // tip: ⌁ auth for agents [www.vestauth.com]
2026-05-09 03:06:14: ◇ injected env (3) from .env // tip: ◈ secrets for agents [www.dotenvx.com]
2026-05-09 03:06:15: ◇ injected env (3) from .env // tip: ⌘ multiple files { path: ['.env.local', '.env'] }
2026-05-09 03:06:16: ◇ injected env (3) from .env // tip: ⌁ auth for agents [www.vestauth.com]
2026-05-09 03:06:17: ◇ injected env (3) from .env // tip: ⌘ multiple files { path: ['.env.local', '.env'] }
2026-05-09 03:06:18: ◇ injected env (3) from .env // tip: ⌁ auth for agents [www.vestauth.com]
2026-05-09 03:06:19: ◇ injected env (3) from .env // tip: ⌘ multiple files { path: ['.env.local', '.env'] }
2026-05-09 03:06:20: ◇ injected env (3) from .env // tip: ⌘ custom filepath { path: '/custom/path/.env' }
2026-05-09 03:06:21: ◇ injected env (3) from .env // tip: ⌘ suppress logs { quiet: true }
2026-05-09 03:06:22: ◇ injected env (3) from .env // tip: ⌘ override existing { override: true }
2026-05-09 03:06:23: ◇ injected env (3) from .env // tip: ◈ secrets for agents [www.dotenvx.com]
2026-05-09 03:06:24: ◇ injected env (3) from .env // tip: ⌘ override existing { override: true }
2026-05-09 03:06:25: ◇ injected env (3) from .env // tip: ⌁ auth for agents [www.vestauth.com]
2026-05-09 03:06:26: ◇ injected env (3) from .env // tip: ⌘ multiple files { path: ['.env.local', '.env'] }
2026-05-09 03:06:27: ◇ injected env (3) from .env // tip: ◈ secrets for agents [www.dotenvx.com]
2026-05-09 03:06:28: ◇ injected env (3) from .env // tip: ⌘ custom filepath { path: '/custom/path/.env' }
2026-05-09 03:06:29: ◇ injected env (3) from .env // tip: ⌘ custom filepath { path: '/custom/path/.env' }
2026-05-09 03:06:30: ◇ injected env (3) from .env // tip: ⌁ auth for agents [www.vestauth.com]
2026-05-09 03:06:32: ◇ injected env (3) from .env // tip: ⌘ override existing { override: true }
2026-05-09 03:06:33: ◇ injected env (3) from .env // tip: ◈ secrets for agents [www.dotenvx.com]
2026-05-09 03:06:34: ◇ injected env (3) from .env // tip: ⌘ enable debugging { debug: true }
2026-05-09 03:06:35: ◇ injected env (3) from .env // tip: ◈ encrypted .env [www.dotenvx.com]
2026-05-09 03:06:36: ◇ injected env (3) from .env // tip: ⌘ override existing { override: true }
2026-05-09 03:06:37: ◇ injected env (3) from .env // tip: ⌁ auth for agents [www.vestauth.com]
2026-05-09 03:06:38: ◇ injected env (3) from .env // tip: ⌁ auth for agents [www.vestauth.com]
2026-05-09 03:06:39: ◇ injected env (3) from .env // tip: ⌘ override existing { override: true }
2026-05-09 03:06:40: ◇ injected env (3) from .env // tip: ⌁ auth for agents [www.vestauth.com]
2026-05-09 03:06:41: ◇ injected env (3) from .env // tip: ⌁ auth for agents [www.vestauth.com]
2026-05-09 03:06:42: ◇ injected env (3) from .env // tip: ◈ secrets for agents [www.dotenvx.com]
2026-05-09 03:06:43: ◇ injected env (3) from .env // tip: ⌁ auth for agents [www.vestauth.com]
2026-05-09 03:06:44: ◇ injected env (3) from .env // tip: ◈ encrypted .env [www.dotenvx.com]
2026-05-09 03:06:45: ◇ injected env (3) from .env // tip: ⌁ auth for agents [www.vestauth.com]
2026-05-09 03:06:46: ◇ injected env (3) from .env // tip: ⌘ multiple files { path: ['.env.local', '.env'] }
2026-05-09 03:06:47: ◇ injected env (3) from .env // tip: ◈ encrypted .env [www.dotenvx.com]
2026-05-09 03:06:48: ◇ injected env (3) from .env // tip: ⌘ custom filepath { path: '/custom/path/.env' }
2026-05-09 03:06:49: ◇ injected env (3) from .env // tip: ⌘ custom filepath { path: '/custom/path/.env' }
2026-05-09 03:06:51: ◇ injected env (3) from .env // tip: ⌘ override existing { override: true }
2026-05-09 03:06:52: ◇ injected env (3) from .env // tip: ◈ encrypted .env [www.dotenvx.com]
2026-05-09 03:06:53: ◇ injected env (3) from .env // tip: ⌘ custom filepath { path: '/custom/path/.env' }
2026-05-09 03:06:54: ◇ injected env (3) from .env // tip: ⌁ auth for agents [www.vestauth.com]
2026-05-09 03:06:55: ◇ injected env (3) from .env // tip: ⌘ override existing { override: true }
2026-05-09 03:06:56: ◇ injected env (3) from .env // tip: ◈ encrypted .env [www.dotenvx.com]
2026-05-09 03:06:57: ◇ injected env (3) from .env // tip: ◈ secrets for agents [www.dotenvx.com]
2026-05-09 03:06:58: ◇ injected env (3) from .env // tip: ⌘ custom filepath { path: '/custom/path/.env' }
2026-05-09 03:06:59: ◇ injected env (3) from .env // tip: ⌘ custom filepath { path: '/custom/path/.env' }
2026-05-09 03:07:00: ◇ injected env (3) from .env // tip: ⌘ multiple files { path: ['.env.local', '.env'] }
2026-05-09 03:07:01: ◇ injected env (3) from .env // tip: ◈ encrypted .env [www.dotenvx.com]
2026-05-09 03:07:02: ◇ injected env (3) from .env // tip: ⌁ auth for agents [www.vestauth.com]
2026-05-09 03:07:03: ◇ injected env (3) from .env // tip: ⌘ enable debugging { debug: true }
2026-05-09 03:07:04: ◇ injected env (3) from .env // tip: ⌘ override existing { override: true }
2026-05-09 03:07:06: ◇ injected env (3) from .env // tip: ⌘ enable debugging { debug: true }
2026-05-09 03:07:07: ◇ injected env (3) from .env // tip: ⌘ custom filepath { path: '/custom/path/.env' }
2026-05-09 03:07:08: ◇ injected env (3) from .env // tip: ◈ encrypted .env [www.dotenvx.com]
2026-05-09 03:07:09: ◇ injected env (3) from .env // tip: ◈ secrets for agents [www.dotenvx.com]
2026-05-09 03:07:10: ◇ injected env (3) from .env // tip: ⌘ custom filepath { path: '/custom/path/.env' }
2026-05-09 03:07:11: ◇ injected env (3) from .env // tip: ⌘ multiple files { path: ['.env.local', '.env'] }
2026-05-09 03:07:12: ◇ injected env (3) from .env // tip: ⌘ suppress logs { quiet: true }
2026-05-09 03:07:13: ◇ injected env (3) from .env // tip: ⌘ enable debugging { debug: true }
2026-05-09 03:07:14: ◇ injected env (3) from .env // tip: ⌘ suppress logs { quiet: true }
2026-05-09 03:07:15: ◇ injected env (3) from .env // tip: ⌁ auth for agents [www.vestauth.com]
2026-05-09 03:07:16: ◇ injected env (3) from .env // tip: ⌘ override existing { override: true }
2026-05-09 03:07:17: ◇ injected env (3) from .env // tip: ⌘ override existing { override: true }
2026-05-09 03:07:18: ◇ injected env (3) from .env // tip: ⌘ enable debugging { debug: true }
2026-05-09 03:07:19: ◇ injected env (3) from .env // tip: ⌁ auth for agents [www.vestauth.com]
2026-05-09 03:07:20: ◇ injected env (3) from .env // tip: ⌁ auth for agents [www.vestauth.com]
2026-05-09 03:07:21: ◇ injected env (3) from .env // tip: ⌘ enable debugging { debug: true }
2026-05-09 03:07:22: ◇ injected env (3) from .env // tip: ⌘ custom filepath { path: '/custom/path/.env' }
2026-05-09 03:07:23: ◇ injected env (3) from .env // tip: ◈ encrypted .env [www.dotenvx.com]
2026-05-09 03:07:24: ◇ injected env (3) from .env // tip: ⌘ multiple files { path: ['.env.local', '.env'] }
2026-05-09 03:07:26: ◇ injected env (3) from .env // tip: ⌘ override existing { override: true }
2026-05-09 03:07:27: ◇ injected env (3) from .env // tip: ⌘ suppress logs { quiet: true }
2026-05-09 03:07:28: ◇ injected env (3) from .env // tip: ⌘ suppress logs { quiet: true }
2026-05-09 03:07:29: ◇ injected env (3) from .env // tip: ◈ secrets for agents [www.dotenvx.com]
2026-05-09 03:07:30: ◇ injected env (3) from .env // tip: ⌘ enable debugging { debug: true }
2026-05-09 03:07:31: ◇ injected env (3) from .env // tip: ⌘ custom filepath { path: '/custom/path/.env' }
2026-05-09 03:07:32: ◇ injected env (3) from .env // tip: ◈ encrypted .env [www.dotenvx.com]
2026-05-09 03:07:33: ◇ injected env (3) from .env // tip: ⌘ multiple files { path: ['.env.local', '.env'] }
2026-05-09 03:07:34: ◇ injected env (3) from .env // tip: ⌘ multiple files { path: ['.env.local', '.env'] }
2026-05-09 03:07:35: ◇ injected env (3) from .env // tip: ⌘ override existing { override: true }
2026-05-09 03:07:37: ◇ injected env (3) from .env // tip: ◈ secrets for agents [www.dotenvx.com]
2026-05-09 03:07:38: ◇ injected env (3) from .env // tip: ⌘ override existing { override: true }
2026-05-09 03:07:39: ◇ injected env (3) from .env // tip: ⌘ custom filepath { path: '/custom/path/.env' }
2026-05-09 03:07:40: ◇ injected env (3) from .env // tip: ◈ encrypted .env [www.dotenvx.com]
2026-05-09 03:07:41: ◇ injected env (3) from .env // tip: ⌘ multiple files { path: ['.env.local', '.env'] }
2026-05-09 03:07:42: ◇ injected env (3) from .env // tip: ⌘ custom filepath { path: '/custom/path/.env' }
2026-05-09 03:07:43: ◇ injected env (3) from .env // tip: ⌘ enable debugging { debug: true }
2026-05-09 03:07:44: ◇ injected env (3) from .env // tip: ◈ secrets for agents [www.dotenvx.com]
2026-05-09 03:07:45: ◇ injected env (3) from .env // tip: ⌘ enable debugging { debug: true }
2026-05-09 03:07:46: ◇ injected env (3) from .env // tip: ⌘ enable debugging { debug: true }
2026-05-09 03:07:47: ◇ injected env (3) from .env // tip: ⌘ override existing { override: true }
2026-05-09 03:07:48: ◇ injected env (3) from .env // tip: ⌘ enable debugging { debug: true }
2026-05-09 03:07:49: ◇ injected env (3) from .env // tip: ⌘ multiple files { path: ['.env.local', '.env'] }
2026-05-09 03:07:50: ◇ injected env (3) from .env // tip: ◈ encrypted .env [www.dotenvx.com]
2026-05-09 03:07:51: ◇ injected env (3) from .env // tip: ⌘ suppress logs { quiet: true }
2026-05-09 03:07:52: ◇ injected env (3) from .env // tip: ⌘ suppress logs { quiet: true }
2026-05-09 03:07:54: ◇ injected env (3) from .env // tip: ⌘ multiple files { path: ['.env.local', '.env'] }
2026-05-09 03:07:55: ◇ injected env (3) from .env // tip: ⌘ suppress logs { quiet: true }
2026-05-09 03:07:56: ◇ injected env (3) from .env // tip: ⌘ custom filepath { path: '/custom/path/.env' }
2026-05-09 03:07:57: ◇ injected env (3) from .env // tip: ⌘ multiple files { path: ['.env.local', '.env'] }
2026-05-09 03:07:58: ◇ injected env (3) from .env // tip: ⌁ auth for agents [www.vestauth.com]
2026-05-09 03:07:59: ◇ injected env (3) from .env // tip: ◈ encrypted .env [www.dotenvx.com]
2026-05-09 03:08:00: ◇ injected env (3) from .env // tip: ⌘ multiple files { path: ['.env.local', '.env'] }
2026-05-09 03:08:01: ◇ injected env (3) from .env // tip: ⌘ custom filepath { path: '/custom/path/.env' }
2026-05-09 03:08:02: ◇ injected env (3) from .env // tip: ⌘ suppress logs { quiet: true }
2026-05-09 03:08:03: ◇ injected env (3) from .env // tip: ⌁ auth for agents [www.vestauth.com]
2026-05-09 03:08:04: ◇ injected env (3) from .env // tip: ◈ secrets for agents [www.dotenvx.com]
2026-05-09 03:08:05: ◇ injected env (3) from .env // tip: ⌘ override existing { override: true }
2026-05-09 03:08:06: ◇ injected env (3) from .env // tip: ⌁ auth for agents [www.vestauth.com]
2026-05-09 03:08:07: ◇ injected env (3) from .env // tip: ⌁ auth for agents [www.vestauth.com]
2026-05-09 03:08:09: ◇ injected env (3) from .env // tip: ⌘ enable debugging { debug: true }
2026-05-09 03:08:10: ◇ injected env (3) from .env // tip: ◈ encrypted .env [www.dotenvx.com]
2026-05-09 03:08:11: ◇ injected env (3) from .env // tip: ⌘ custom filepath { path: '/custom/path/.env' }
2026-05-09 03:08:12: ◇ injected env (3) from .env // tip: ⌁ auth for agents [www.vestauth.com]
2026-05-09 03:08:13: ◇ injected env (3) from .env // tip: ⌘ suppress logs { quiet: true }
2026-05-09 03:08:14: ◇ injected env (3) from .env // tip: ⌘ enable debugging { debug: true }
2026-05-09 03:08:15: ◇ injected env (3) from .env // tip: ◈ encrypted .env [www.dotenvx.com]
2026-05-09 03:08:16: ◇ injected env (3) from .env // tip: ⌘ suppress logs { quiet: true }
2026-05-09 03:08:17: ◇ injected env (3) from .env // tip: ⌘ suppress logs { quiet: true }
2026-05-09 03:08:18: ◇ injected env (3) from .env // tip: ◈ secrets for agents [www.dotenvx.com]
2026-05-09 03:08:19: ◇ injected env (3) from .env // tip: ⌘ custom filepath { path: '/custom/path/.env' }
2026-05-09 03:08:20: ◇ injected env (3) from .env // tip: ⌘ multiple files { path: ['.env.local', '.env'] }
2026-05-09 03:08:21: ◇ injected env (3) from .env // tip: ⌘ override existing { override: true }
2026-05-09 03:08:22: ◇ injected env (3) from .env // tip: ⌘ override existing { override: true }
2026-05-09 03:08:23: ◇ injected env (3) from .env // tip: ⌘ multiple files { path: ['.env.local', '.env'] }
2026-05-09 03:08:24: ◇ injected env (3) from .env // tip: ⌘ custom filepath { path: '/custom/path/.env' }
2026-05-09 03:08:25: ◇ injected env (3) from .env // tip: ⌁ auth for agents [www.vestauth.com]
2026-05-09 03:08:26: ◇ injected env (3) from .env // tip: ⌘ suppress logs { quiet: true }
2026-05-09 03:08:27: ◇ injected env (3) from .env // tip: ⌘ multiple files { path: ['.env.local', '.env'] }
2026-05-09 03:08:29: ◇ injected env (3) from .env // tip: ⌘ multiple files { path: ['.env.local', '.env'] }
2026-05-09 03:08:30: ◇ injected env (3) from .env // tip: ◈ secrets for agents [www.dotenvx.com]
2026-05-09 03:08:31: ◇ injected env (3) from .env // tip: ⌘ custom filepath { path: '/custom/path/.env' }
2026-05-09 03:08:32: ◇ injected env (3) from .env // tip: ◈ encrypted .env [www.dotenvx.com]
2026-05-09 03:08:33: ◇ injected env (3) from .env // tip: ⌘ enable debugging { debug: true }
2026-05-09 03:08:34: ◇ injected env (3) from .env // tip: ⌘ custom filepath { path: '/custom/path/.env' }
2026-05-09 03:08:35: ◇ injected env (3) from .env // tip: ⌘ enable debugging { debug: true }
2026-05-09 03:08:36: ◇ injected env (3) from .env // tip: ◈ encrypted .env [www.dotenvx.com]
2026-05-09 03:08:37: ◇ injected env (3) from .env // tip: ⌘ override existing { override: true }
2026-05-09 03:08:38: ◇ injected env (3) from .env // tip: ◈ secrets for agents [www.dotenvx.com]
2026-05-09 03:08:39: ◇ injected env (3) from .env // tip: ◈ secrets for agents [www.dotenvx.com]
2026-05-09 03:08:40: ◇ injected env (3) from .env // tip: ⌘ custom filepath { path: '/custom/path/.env' }
2026-05-09 03:08:41: ◇ injected env (3) from .env // tip: ⌁ auth for agents [www.vestauth.com]
2026-05-09 03:08:42: ◇ injected env (3) from .env // tip: ⌘ multiple files { path: ['.env.local', '.env'] }
2026-05-09 03:08:43: ◇ injected env (3) from .env // tip: ◈ encrypted .env [www.dotenvx.com]
2026-05-09 03:08:45: ◇ injected env (3) from .env // tip: ⌁ auth for agents [www.vestauth.com]
2026-05-09 03:08:46: ◇ injected env (3) from .env // tip: ◈ secrets for agents [www.dotenvx.com]
2026-05-09 03:08:47: ◇ injected env (3) from .env // tip: ⌘ enable debugging { debug: true }
2026-05-09 03:08:48: ◇ injected env (3) from .env // tip: ⌘ enable debugging { debug: true }
2026-05-09 03:08:49: ◇ injected env (3) from .env // tip: ⌘ custom filepath { path: '/custom/path/.env' }
2026-05-09 03:08:50: ◇ injected env (3) from .env // tip: ⌘ suppress logs { quiet: true }
2026-05-09 03:08:51: ◇ injected env (3) from .env // tip: ⌘ multiple files { path: ['.env.local', '.env'] }
2026-05-09 03:08:52: ◇ injected env (3) from .env // tip: ⌘ custom filepath { path: '/custom/path/.env' }
2026-05-09 03:08:53: ◇ injected env (3) from .env // tip: ⌘ override existing { override: true }
2026-05-09 03:08:54: ◇ injected env (3) from .env // tip: ⌁ auth for agents [www.vestauth.com]
2026-05-09 03:08:55: ◇ injected env (3) from .env // tip: ◈ encrypted .env [www.dotenvx.com]
2026-05-09 03:08:56: ◇ injected env (3) from .env // tip: ⌘ override existing { override: true }
2026-05-09 03:08:57: ◇ injected env (3) from .env // tip: ⌘ multiple files { path: ['.env.local', '.env'] }
2026-05-09 03:08:58: ◇ injected env (3) from .env // tip: ⌘ custom filepath { path: '/custom/path/.env' }
2026-05-09 03:08:59: ◇ injected env (3) from .env // tip: ⌘ enable debugging { debug: true }
2026-05-09 03:09:00: ◇ injected env (3) from .env // tip: ⌁ auth for agents [www.vestauth.com]
2026-05-09 03:09:02: ◇ injected env (3) from .env // tip: ⌘ custom filepath { path: '/custom/path/.env' }
2026-05-09 03:09:03: ◇ injected env (3) from .env // tip: ⌘ suppress logs { quiet: true }
2026-05-09 03:09:04: ◇ injected env (3) from .env // tip: ⌁ auth for agents [www.vestauth.com]
2026-05-09 03:09:05: ◇ injected env (3) from .env // tip: ⌁ auth for agents [www.vestauth.com]
2026-05-09 03:09:06: ◇ injected env (3) from .env // tip: ◈ encrypted .env [www.dotenvx.com]
2026-05-09 03:09:07: ◇ injected env (3) from .env // tip: ⌘ suppress logs { quiet: true }
2026-05-09 03:09:08: ◇ injected env (3) from .env // tip: ⌁ auth for agents [www.vestauth.com]
2026-05-09 03:09:09: ◇ injected env (3) from .env // tip: ⌘ enable debugging { debug: true }
2026-05-09 03:09:10: ◇ injected env (3) from .env // tip: ◈ encrypted .env [www.dotenvx.com]
2026-05-09 03:09:11: ◇ injected env (3) from .env // tip: ⌘ multiple files { path: ['.env.local', '.env'] }
2026-05-09 03:09:12: ◇ injected env (3) from .env // tip: ⌁ auth for agents [www.vestauth.com]
2026-05-09 03:09:13: ◇ injected env (3) from .env // tip: ◈ secrets for agents [www.dotenvx.com]
2026-05-09 03:09:14: ◇ injected env (3) from .env // tip: ◈ secrets for agents [www.dotenvx.com]
2026-05-09 03:09:16: ◇ injected env (3) from .env // tip: ⌘ override existing { override: true }
2026-05-09 03:09:17: ◇ injected env (3) from .env // tip: ⌘ multiple files { path: ['.env.local', '.env'] }
2026-05-09 03:09:18: ◇ injected env (3) from .env // tip: ⌘ custom filepath { path: '/custom/path/.env' }
2026-05-09 03:09:19: ◇ injected env (3) from .env // tip: ⌘ enable debugging { debug: true }
2026-05-09 03:09:20: ◇ injected env (3) from .env // tip: ◈ secrets for agents [www.dotenvx.com]
2026-05-09 03:09:21: ◇ injected env (3) from .env // tip: ⌘ enable debugging { debug: true }
2026-05-09 03:09:22: ◇ injected env (3) from .env // tip: ◈ secrets for agents [www.dotenvx.com]
2026-05-09 03:09:23: ◇ injected env (3) from .env // tip: ◈ secrets for agents [www.dotenvx.com]
2026-05-09 03:09:24: ◇ injected env (3) from .env // tip: ⌘ override existing { override: true }
2026-05-09 03:09:25: ◇ injected env (3) from .env // tip: ⌘ enable debugging { debug: true }
2026-05-09 03:09:26: ◇ injected env (3) from .env // tip: ⌘ suppress logs { quiet: true }
2026-05-09 03:09:27: ◇ injected env (3) from .env // tip: ⌁ auth for agents [www.vestauth.com]
2026-05-09 03:09:28: ◇ injected env (3) from .env // tip: ⌘ enable debugging { debug: true }
2026-05-09 03:09:29: ◇ injected env (3) from .env // tip: ◈ encrypted .env [www.dotenvx.com]
2026-05-09 03:09:30: ◇ injected env (3) from .env // tip: ◈ encrypted .env [www.dotenvx.com]
2026-05-09 03:09:31: ◇ injected env (3) from .env // tip: ⌘ custom filepath { path: '/custom/path/.env' }
2026-05-09 03:09:33: ◇ injected env (3) from .env // tip: ⌘ enable debugging { debug: true }
2026-05-09 03:09:34: ◇ injected env (3) from .env // tip: ⌘ enable debugging { debug: true }
2026-05-09 03:09:35: ◇ injected env (3) from .env // tip: ⌘ multiple files { path: ['.env.local', '.env'] }
2026-05-09 03:09:36: ◇ injected env (3) from .env // tip: ◈ encrypted .env [www.dotenvx.com]
2026-05-09 03:09:37: ◇ injected env (3) from .env // tip: ◈ secrets for agents [www.dotenvx.com]
2026-05-09 03:09:38: ◇ injected env (3) from .env // tip: ⌘ suppress logs { quiet: true }
2026-05-09 03:09:39: ◇ injected env (3) from .env // tip: ⌘ override existing { override: true }
2026-05-09 03:09:40: ◇ injected env (3) from .env // tip: ⌘ suppress logs { quiet: true }
2026-05-09 03:09:41: ◇ injected env (3) from .env // tip: ◈ secrets for agents [www.dotenvx.com]
2026-05-09 03:09:42: ◇ injected env (3) from .env // tip: ⌘ suppress logs { quiet: true }
2026-05-09 03:09:43: ◇ injected env (3) from .env // tip: ◈ secrets for agents [www.dotenvx.com]
2026-05-09 03:09:44: ◇ injected env (3) from .env // tip: ⌘ multiple files { path: ['.env.local', '.env'] }
2026-05-09 03:09:45: ◇ injected env (3) from .env // tip: ⌘ custom filepath { path: '/custom/path/.env' }
2026-05-09 03:09:46: ◇ injected env (3) from .env // tip: ◈ secrets for agents [www.dotenvx.com]
2026-05-09 03:09:47: ◇ injected env (3) from .env // tip: ⌘ override existing { override: true }
2026-05-09 03:09:48: ◇ injected env (3) from .env // tip: ⌁ auth for agents [www.vestauth.com]
2026-05-09 03:09:49: ◇ injected env (3) from .env // tip: ◈ secrets for agents [www.dotenvx.com]
2026-05-09 03:09:51: ◇ injected env (3) from .env // tip: ⌁ auth for agents [www.vestauth.com]
2026-05-09 03:09:52: ◇ injected env (3) from .env // tip: ⌘ multiple files { path: ['.env.local', '.env'] }
2026-05-09 03:09:53: ◇ injected env (3) from .env // tip: ⌁ auth for agents [www.vestauth.com]
2026-05-09 03:09:54: ◇ injected env (3) from .env // tip: ⌘ enable debugging { debug: true }
2026-05-09 03:09:55: ◇ injected env (3) from .env // tip: ⌘ enable debugging { debug: true }
2026-05-09 03:09:56: ◇ injected env (3) from .env // tip: ⌘ override existing { override: true }
2026-05-09 03:09:57: ◇ injected env (3) from .env // tip: ⌁ auth for agents [www.vestauth.com]
2026-05-09 03:09:58: ◇ injected env (3) from .env // tip: ⌘ multiple files { path: ['.env.local', '.env'] }
2026-05-09 03:09:59: ◇ injected env (3) from .env // tip: ◈ secrets for agents [www.dotenvx.com]
2026-05-09 03:10:00: ◇ injected env (3) from .env // tip: ⌘ enable debugging { debug: true }
2026-05-09 03:10:01: ◇ injected env (3) from .env // tip: ◈ secrets for agents [www.dotenvx.com]
2026-05-09 03:10:02: ◇ injected env (3) from .env // tip: ⌘ override existing { override: true }
2026-05-09 03:10:03: ◇ injected env (3) from .env // tip: ◈ secrets for agents [www.dotenvx.com]
2026-05-09 03:10:04: ◇ injected env (3) from .env // tip: ⌘ enable debugging { debug: true }
2026-05-09 03:10:05: ◇ injected env (3) from .env // tip: ◈ secrets for agents [www.dotenvx.com]
2026-05-09 03:10:06: ◇ injected env (3) from .env // tip: ⌘ multiple files { path: ['.env.local', '.env'] }
2026-05-09 03:10:08: ◇ injected env (3) from .env // tip: ⌘ override existing { override: true }
2026-05-09 03:10:09: ◇ injected env (3) from .env // tip: ◈ secrets for agents [www.dotenvx.com]
2026-05-09 03:10:10: ◇ injected env (3) from .env // tip: ◈ secrets for agents [www.dotenvx.com]
2026-05-09 03:10:11: ◇ injected env (3) from .env // tip: ⌘ suppress logs { quiet: true }
2026-05-09 03:10:12: ◇ injected env (3) from .env // tip: ◈ encrypted .env [www.dotenvx.com]
2026-05-09 03:10:13: ◇ injected env (3) from .env // tip: ◈ secrets for agents [www.dotenvx.com]
2026-05-09 03:10:14: ◇ injected env (3) from .env // tip: ⌘ multiple files { path: ['.env.local', '.env'] }
2026-05-09 03:10:15: ◇ injected env (3) from .env // tip: ⌁ auth for agents [www.vestauth.com]
2026-05-09 03:10:16: ◇ injected env (3) from .env // tip: ⌘ suppress logs { quiet: true }
2026-05-09 03:10:17: ◇ injected env (3) from .env // tip: ◈ encrypted .env [www.dotenvx.com]
2026-05-09 03:10:18: ◇ injected env (3) from .env // tip: ◈ secrets for agents [www.dotenvx.com]
2026-05-09 03:10:19: ◇ injected env (3) from .env // tip: ⌘ override existing { override: true }
2026-05-09 03:10:20: ◇ injected env (3) from .env // tip: ◈ secrets for agents [www.dotenvx.com]
2026-05-09 03:10:21: ◇ injected env (3) from .env // tip: ⌘ override existing { override: true }
2026-05-09 03:10:22: ◇ injected env (3) from .env // tip: ◈ secrets for agents [www.dotenvx.com]
2026-05-09 03:10:23: ◇ injected env (3) from .env // tip: ⌘ override existing { override: true }
2026-05-09 03:10:25: ◇ injected env (3) from .env // tip: ⌁ auth for agents [www.vestauth.com]
2026-05-09 03:10:26: ◇ injected env (3) from .env // tip: ⌘ suppress logs { quiet: true }
2026-05-09 03:10:27: ◇ injected env (3) from .env // tip: ⌘ override existing { override: true }
2026-05-09 03:10:28: ◇ injected env (3) from .env // tip: ⌘ custom filepath { path: '/custom/path/.env' }
2026-05-09 03:10:29: ◇ injected env (3) from .env // tip: ◈ secrets for agents [www.dotenvx.com]
2026-05-09 03:10:30: ◇ injected env (3) from .env // tip: ⌘ override existing { override: true }
2026-05-09 03:10:31: ◇ injected env (3) from .env // tip: ⌘ override existing { override: true }
2026-05-09 03:10:32: ◇ injected env (3) from .env // tip: ⌁ auth for agents [www.vestauth.com]
2026-05-09 03:10:33: ◇ injected env (3) from .env // tip: ⌘ suppress logs { quiet: true }
2026-05-09 03:10:34: ◇ injected env (3) from .env // tip: ◈ encrypted .env [www.dotenvx.com]
2026-05-09 03:10:35: ◇ injected env (3) from .env // tip: ⌘ enable debugging { debug: true }
2026-05-09 03:10:36: ◇ injected env (3) from .env // tip: ⌘ custom filepath { path: '/custom/path/.env' }
2026-05-09 03:10:37: ◇ injected env (3) from .env // tip: ◈ encrypted .env [www.dotenvx.com]
2026-05-09 03:10:38: ◇ injected env (3) from .env // tip: ⌘ multiple files { path: ['.env.local', '.env'] }
2026-05-09 03:10:39: ◇ injected env (3) from .env // tip: ◈ secrets for agents [www.dotenvx.com]
2026-05-09 03:10:40: ◇ injected env (3) from .env // tip: ◈ secrets for agents [www.dotenvx.com]
2026-05-09 03:10:42: ◇ injected env (3) from .env // tip: ⌘ override existing { override: true }
2026-05-09 03:10:43: ◇ injected env (3) from .env // tip: ◈ encrypted .env [www.dotenvx.com]
2026-05-09 03:10:44: ◇ injected env (3) from .env // tip: ⌘ multiple files { path: ['.env.local', '.env'] }
2026-05-09 03:10:45: ◇ injected env (3) from .env // tip: ⌘ custom filepath { path: '/custom/path/.env' }
2026-05-09 03:10:46: ◇ injected env (3) from .env // tip: ⌘ multiple files { path: ['.env.local', '.env'] }
2026-05-09 03:10:47: ◇ injected env (3) from .env // tip: ⌘ suppress logs { quiet: true }
2026-05-09 03:10:48: ◇ injected env (3) from .env // tip: ◈ secrets for agents [www.dotenvx.com]
2026-05-09 03:10:49: ◇ injected env (3) from .env // tip: ⌘ override existing { override: true }
2026-05-09 03:10:50: ◇ injected env (3) from .env // tip: ⌘ suppress logs { quiet: true }
2026-05-09 03:10:51: ◇ injected env (3) from .env // tip: ⌘ multiple files { path: ['.env.local', '.env'] }
2026-05-09 03:10:52: ◇ injected env (3) from .env // tip: ⌘ suppress logs { quiet: true }
2026-05-09 03:10:53: ◇ injected env (3) from .env // tip: ◈ secrets for agents [www.dotenvx.com]
2026-05-09 03:10:54: ◇ injected env (3) from .env // tip: ⌘ enable debugging { debug: true }
2026-05-09 03:10:55: ◇ injected env (3) from .env // tip: ⌘ custom filepath { path: '/custom/path/.env' }
2026-05-09 03:10:57: ◇ injected env (3) from .env // tip: ◈ secrets for agents [www.dotenvx.com]
2026-05-09 03:10:58: ◇ injected env (3) from .env // tip: ◈ encrypted .env [www.dotenvx.com]
2026-05-09 03:10:59: ◇ injected env (3) from .env // tip: ⌁ auth for agents [www.vestauth.com]
2026-05-09 03:11:00: ◇ injected env (3) from .env // tip: ⌘ suppress logs { quiet: true }
2026-05-09 03:11:01: ◇ injected env (3) from .env // tip: ⌘ custom filepath { path: '/custom/path/.env' }
2026-05-09 03:11:02: ◇ injected env (3) from .env // tip: ◈ encrypted .env [www.dotenvx.com]
2026-05-09 03:11:03: ◇ injected env (3) from .env // tip: ⌘ custom filepath { path: '/custom/path/.env' }
2026-05-09 03:11:04: ◇ injected env (3) from .env // tip: ⌘ enable debugging { debug: true }
2026-05-09 03:11:05: ◇ injected env (3) from .env // tip: ◈ secrets for agents [www.dotenvx.com]
2026-05-09 03:11:06: ◇ injected env (3) from .env // tip: ⌘ enable debugging { debug: true }
2026-05-09 03:11:07: ◇ injected env (3) from .env // tip: ⌘ enable debugging { debug: true }
2026-05-09 03:11:08: ◇ injected env (3) from .env // tip: ⌘ override existing { override: true }
2026-05-09 03:11:10: ◇ injected env (3) from .env // tip: ⌘ enable debugging { debug: true }
2026-05-09 03:11:11: ◇ injected env (3) from .env // tip: ⌘ custom filepath { path: '/custom/path/.env' }
2026-05-09 03:11:12: ◇ injected env (3) from .env // tip: ◈ encrypted .env [www.dotenvx.com]
2026-05-09 03:11:13: ◇ injected env (3) from .env // tip: ⌘ custom filepath { path: '/custom/path/.env' }
2026-05-09 03:11:14: ◇ injected env (3) from .env // tip: ◈ secrets for agents [www.dotenvx.com]
2026-05-09 03:11:15: ◇ injected env (3) from .env // tip: ⌘ multiple files { path: ['.env.local', '.env'] }
2026-05-09 03:11:16: ◇ injected env (3) from .env // tip: ⌘ enable debugging { debug: true }
2026-05-09 03:11:17: ◇ injected env (3) from .env // tip: ⌘ custom filepath { path: '/custom/path/.env' }
2026-05-09 03:11:18: ◇ injected env (3) from .env // tip: ⌘ override existing { override: true }
2026-05-09 03:11:19: ◇ injected env (3) from .env // tip: ⌘ override existing { override: true }
2026-05-09 03:11:20: ◇ injected env (3) from .env // tip: ⌁ auth for agents [www.vestauth.com]
2026-05-09 03:11:21: ◇ injected env (3) from .env // tip: ⌘ override existing { override: true }
2026-05-09 03:11:22: ◇ injected env (3) from .env // tip: ◈ encrypted .env [www.dotenvx.com]
2026-05-09 03:11:23: ◇ injected env (3) from .env // tip: ⌘ suppress logs { quiet: true }
2026-05-09 03:11:24: ◇ injected env (3) from .env // tip: ⌘ override existing { override: true }
2026-05-09 03:11:25: ◇ injected env (3) from .env // tip: ⌘ custom filepath { path: '/custom/path/.env' }
2026-05-09 03:11:26: ◇ injected env (3) from .env // tip: ⌘ custom filepath { path: '/custom/path/.env' }
2026-05-09 03:11:27: ◇ injected env (3) from .env // tip: ◈ secrets for agents [www.dotenvx.com]
2026-05-09 03:11:29: ◇ injected env (3) from .env // tip: ⌁ auth for agents [www.vestauth.com]
2026-05-09 03:11:30: ◇ injected env (3) from .env // tip: ⌘ custom filepath { path: '/custom/path/.env' }
2026-05-09 03:11:31: ◇ injected env (3) from .env // tip: ◈ secrets for agents [www.dotenvx.com]
2026-05-09 03:11:32: ◇ injected env (3) from .env // tip: ⌘ suppress logs { quiet: true }
2026-05-09 03:11:33: ◇ injected env (3) from .env // tip: ⌘ enable debugging { debug: true }
2026-05-09 03:11:34: ◇ injected env (3) from .env // tip: ⌘ suppress logs { quiet: true }
2026-05-09 03:11:35: ◇ injected env (3) from .env // tip: ⌘ multiple files { path: ['.env.local', '.env'] }
2026-05-09 03:11:36: ◇ injected env (3) from .env // tip: ⌘ custom filepath { path: '/custom/path/.env' }
2026-05-09 03:11:37: ◇ injected env (3) from .env // tip: ⌘ custom filepath { path: '/custom/path/.env' }
2026-05-09 03:11:38: ◇ injected env (3) from .env // tip: ⌘ suppress logs { quiet: true }
2026-05-09 03:11:39: ◇ injected env (3) from .env // tip: ⌘ suppress logs { quiet: true }
2026-05-09 03:11:40: ◇ injected env (3) from .env // tip: ⌘ override existing { override: true }
2026-05-09 03:11:41: ◇ injected env (3) from .env // tip: ⌘ multiple files { path: ['.env.local', '.env'] }
2026-05-09 03:11:42: ◇ injected env (3) from .env // tip: ◈ encrypted .env [www.dotenvx.com]
2026-05-09 03:11:44: ◇ injected env (3) from .env // tip: ⌘ enable debugging { debug: true }
2026-05-09 03:11:45: ◇ injected env (3) from .env // tip: ⌘ override existing { override: true }
2026-05-09 03:11:46: ◇ injected env (3) from .env // tip: ⌁ auth for agents [www.vestauth.com]
2026-05-09 03:11:47: ◇ injected env (3) from .env // tip: ◈ encrypted .env [www.dotenvx.com]
2026-05-09 03:11:48: ◇ injected env (3) from .env // tip: ◈ encrypted .env [www.dotenvx.com]
2026-05-09 03:11:49: ◇ injected env (3) from .env // tip: ⌘ override existing { override: true }
2026-05-09 03:11:50: ◇ injected env (3) from .env // tip: ⌘ override existing { override: true }
2026-05-09 03:11:51: ◇ injected env (3) from .env // tip: ⌁ auth for agents [www.vestauth.com]
2026-05-09 03:11:52: ◇ injected env (3) from .env // tip: ⌘ custom filepath { path: '/custom/path/.env' }
2026-05-09 03:11:53: ◇ injected env (3) from .env // tip: ◈ encrypted .env [www.dotenvx.com]
2026-05-09 03:11:54: ◇ injected env (3) from .env // tip: ⌁ auth for agents [www.vestauth.com]
2026-05-09 03:11:55: ◇ injected env (3) from .env // tip: ◈ encrypted .env [www.dotenvx.com]
2026-05-09 03:11:56: ◇ injected env (3) from .env // tip: ⌘ override existing { override: true }
2026-05-09 03:11:57: ◇ injected env (3) from .env // tip: ⌘ custom filepath { path: '/custom/path/.env' }
2026-05-09 03:11:58: ◇ injected env (3) from .env // tip: ⌁ auth for agents [www.vestauth.com]
2026-05-09 03:11:59: ◇ injected env (3) from .env // tip: ⌘ custom filepath { path: '/custom/path/.env' }
2026-05-09 03:12:00: ◇ injected env (3) from .env // tip: ⌘ enable debugging { debug: true }
2026-05-09 03:12:02: ◇ injected env (3) from .env // tip: ⌘ override existing { override: true }
2026-05-09 03:12:03: ◇ injected env (3) from .env // tip: ⌘ enable debugging { debug: true }
2026-05-09 03:12:04: ◇ injected env (3) from .env // tip: ◈ encrypted .env [www.dotenvx.com]
2026-05-09 03:12:05: ◇ injected env (3) from .env // tip: ⌘ multiple files { path: ['.env.local', '.env'] }
2026-05-09 03:12:06: ◇ injected env (3) from .env // tip: ⌁ auth for agents [www.vestauth.com]
2026-05-09 03:12:07: ◇ injected env (3) from .env // tip: ⌘ custom filepath { path: '/custom/path/.env' }
2026-05-09 03:12:08: ◇ injected env (3) from .env // tip: ◈ secrets for agents [www.dotenvx.com]
2026-05-09 03:12:09: ◇ injected env (3) from .env // tip: ⌁ auth for agents [www.vestauth.com]
2026-05-09 03:12:10: ◇ injected env (3) from .env // tip: ⌘ multiple files { path: ['.env.local', '.env'] }
2026-05-09 03:12:11: ◇ injected env (3) from .env // tip: ⌘ enable debugging { debug: true }
2026-05-09 03:12:12: ◇ injected env (3) from .env // tip: ⌘ override existing { override: true }
2026-05-09 03:12:13: ◇ injected env (3) from .env // tip: ⌘ multiple files { path: ['.env.local', '.env'] }
2026-05-09 03:12:14: ◇ injected env (3) from .env // tip: ⌘ override existing { override: true }
2026-05-09 03:12:15: ◇ injected env (3) from .env // tip: ⌘ custom filepath { path: '/custom/path/.env' }
2026-05-09 03:12:16: ◇ injected env (3) from .env // tip: ⌘ custom filepath { path: '/custom/path/.env' }
2026-05-09 03:12:17: ◇ injected env (3) from .env // tip: ◈ encrypted .env [www.dotenvx.com]
2026-05-09 03:12:19: ◇ injected env (3) from .env // tip: ⌘ suppress logs { quiet: true }
2026-05-09 03:12:20: ◇ injected env (3) from .env // tip: ⌘ override existing { override: true }
2026-05-09 03:12:21: ◇ injected env (3) from .env // tip: ⌘ custom filepath { path: '/custom/path/.env' }
2026-05-09 03:12:22: ◇ injected env (3) from .env // tip: ⌘ custom filepath { path: '/custom/path/.env' }
2026-05-09 03:12:23: ◇ injected env (3) from .env // tip: ◈ encrypted .env [www.dotenvx.com]
2026-05-09 03:12:24: ◇ injected env (3) from .env // tip: ⌁ auth for agents [www.vestauth.com]
2026-05-09 03:12:25: ◇ injected env (3) from .env // tip: ⌘ override existing { override: true }
2026-05-09 03:12:26: ◇ injected env (3) from .env // tip: ⌘ suppress logs { quiet: true }
2026-05-09 03:12:27: ◇ injected env (3) from .env // tip: ◈ secrets for agents [www.dotenvx.com]
2026-05-09 03:12:28: ◇ injected env (3) from .env // tip: ◈ encrypted .env [www.dotenvx.com]
2026-05-09 03:12:29: ◇ injected env (3) from .env // tip: ⌘ override existing { override: true }
2026-05-09 03:12:30: ◇ injected env (3) from .env // tip: ⌘ custom filepath { path: '/custom/path/.env' }
2026-05-09 03:12:31: ◇ injected env (3) from .env // tip: ◈ encrypted .env [www.dotenvx.com]
2026-05-09 03:12:32: ◇ injected env (3) from .env // tip: ⌘ suppress logs { quiet: true }
2026-05-09 03:12:33: ◇ injected env (3) from .env // tip: ⌘ custom filepath { path: '/custom/path/.env' }
2026-05-09 03:12:34: ◇ injected env (3) from .env // tip: ⌘ override existing { override: true }
2026-05-09 03:12:36: ◇ injected env (3) from .env // tip: ◈ encrypted .env [www.dotenvx.com]
2026-05-09 03:12:37: ◇ injected env (3) from .env // tip: ◈ secrets for agents [www.dotenvx.com]
2026-05-09 03:12:38: ◇ injected env (3) from .env // tip: ⌁ auth for agents [www.vestauth.com]
2026-05-09 03:12:39: ◇ injected env (3) from .env // tip: ⌘ suppress logs { quiet: true }
2026-05-09 03:12:40: ◇ injected env (3) from .env // tip: ◈ secrets for agents [www.dotenvx.com]
2026-05-09 03:12:41: ◇ injected env (3) from .env // tip: ◈ secrets for agents [www.dotenvx.com]
2026-05-09 03:12:42: ◇ injected env (3) from .env // tip: ⌘ multiple files { path: ['.env.local', '.env'] }
2026-05-09 03:12:43: ◇ injected env (3) from .env // tip: ⌘ multiple files { path: ['.env.local', '.env'] }
2026-05-09 03:12:44: ◇ injected env (3) from .env // tip: ◈ encrypted .env [www.dotenvx.com]
2026-05-09 03:12:45: ◇ injected env (3) from .env // tip: ⌁ auth for agents [www.vestauth.com]
2026-05-09 03:12:46: ◇ injected env (3) from .env // tip: ⌁ auth for agents [www.vestauth.com]
2026-05-09 03:12:47: ◇ injected env (3) from .env // tip: ⌘ enable debugging { debug: true }
2026-05-09 03:12:48: ◇ injected env (3) from .env // tip: ◈ encrypted .env [www.dotenvx.com]
2026-05-09 03:12:49: ◇ injected env (3) from .env // tip: ◈ secrets for agents [www.dotenvx.com]
2026-05-09 03:12:51: ◇ injected env (3) from .env // tip: ⌘ enable debugging { debug: true }
2026-05-09 03:12:52: ◇ injected env (3) from .env // tip: ⌘ suppress logs { quiet: true }
2026-05-09 03:12:53: ◇ injected env (3) from .env // tip: ⌘ suppress logs { quiet: true }
2026-05-09 03:12:54: ◇ injected env (3) from .env // tip: ⌘ enable debugging { debug: true }
2026-05-09 03:12:55: ◇ injected env (3) from .env // tip: ◈ secrets for agents [www.dotenvx.com]
2026-05-09 03:12:56: ◇ injected env (3) from .env // tip: ⌁ auth for agents [www.vestauth.com]
2026-05-09 03:12:57: ◇ injected env (3) from .env // tip: ⌘ custom filepath { path: '/custom/path/.env' }
2026-05-09 03:12:58: ◇ injected env (3) from .env // tip: ◈ encrypted .env [www.dotenvx.com]
2026-05-09 03:12:59: ◇ injected env (3) from .env // tip: ⌘ enable debugging { debug: true }
2026-05-09 03:13:00: ◇ injected env (3) from .env // tip: ◈ secrets for agents [www.dotenvx.com]
2026-05-09 03:13:01: ◇ injected env (3) from .env // tip: ⌘ multiple files { path: ['.env.local', '.env'] }
2026-05-09 03:13:02: ◇ injected env (3) from .env // tip: ◈ secrets for agents [www.dotenvx.com]
2026-05-09 03:13:03: ◇ injected env (3) from .env // tip: ⌁ auth for agents [www.vestauth.com]
2026-05-09 03:13:05: ◇ injected env (3) from .env // tip: ⌘ multiple files { path: ['.env.local', '.env'] }
2026-05-09 03:13:06: ◇ injected env (3) from .env // tip: ⌘ custom filepath { path: '/custom/path/.env' }
2026-05-09 03:13:07: ◇ injected env (3) from .env // tip: ⌘ multiple files { path: ['.env.local', '.env'] }
2026-05-09 03:13:08: ◇ injected env (3) from .env // tip: ◈ secrets for agents [www.dotenvx.com]
2026-05-09 03:13:09: ◇ injected env (3) from .env // tip: ◈ encrypted .env [www.dotenvx.com]
2026-05-09 03:13:10: ◇ injected env (3) from .env // tip: ◈ encrypted .env [www.dotenvx.com]
2026-05-09 03:13:11: ◇ injected env (3) from .env // tip: ⌁ auth for agents [www.vestauth.com]
2026-05-09 03:13:12: ◇ injected env (3) from .env // tip: ◈ encrypted .env [www.dotenvx.com]
2026-05-09 03:13:13: ◇ injected env (3) from .env // tip: ⌘ override existing { override: true }
2026-05-09 03:13:14: ◇ injected env (3) from .env // tip: ⌘ enable debugging { debug: true }
2026-05-09 03:13:15: ◇ injected env (3) from .env // tip: ⌘ custom filepath { path: '/custom/path/.env' }
2026-05-09 03:13:16: ◇ injected env (3) from .env // tip: ⌘ suppress logs { quiet: true }
2026-05-09 03:13:17: ◇ injected env (3) from .env // tip: ⌘ enable debugging { debug: true }
2026-05-09 03:13:18: ◇ injected env (3) from .env // tip: ⌘ enable debugging { debug: true }
2026-05-09 03:13:19: ◇ injected env (3) from .env // tip: ⌘ enable debugging { debug: true }
2026-05-09 03:13:20: ◇ injected env (3) from .env // tip: ⌘ suppress logs { quiet: true }
2026-05-09 03:13:22: ◇ injected env (3) from .env // tip: ⌁ auth for agents [www.vestauth.com]
2026-05-09 03:13:23: ◇ injected env (3) from .env // tip: ⌁ auth for agents [www.vestauth.com]
2026-05-09 03:13:24: ◇ injected env (3) from .env // tip: ⌁ auth for agents [www.vestauth.com]
2026-05-09 03:13:25: ◇ injected env (3) from .env // tip: ⌘ enable debugging { debug: true }
2026-05-09 03:13:26: ◇ injected env (3) from .env // tip: ⌘ enable debugging { debug: true }
2026-05-09 03:13:27: ◇ injected env (3) from .env // tip: ⌘ custom filepath { path: '/custom/path/.env' }
2026-05-09 03:13:28: ◇ injected env (3) from .env // tip: ⌁ auth for agents [www.vestauth.com]
2026-05-09 03:13:29: ◇ injected env (3) from .env // tip: ◈ secrets for agents [www.dotenvx.com]
2026-05-09 03:13:30: ◇ injected env (3) from .env // tip: ◈ secrets for agents [www.dotenvx.com]
2026-05-09 03:13:31: ◇ injected env (3) from .env // tip: ⌘ custom filepath { path: '/custom/path/.env' }
2026-05-09 03:13:32: ◇ injected env (3) from .env // tip: ◈ secrets for agents [www.dotenvx.com]
2026-05-09 03:13:33: ◇ injected env (3) from .env // tip: ⌘ custom filepath { path: '/custom/path/.env' }
2026-05-09 03:13:34: ◇ injected env (3) from .env // tip: ⌘ suppress logs { quiet: true }
2026-05-09 03:13:35: ◇ injected env (3) from .env // tip: ⌘ custom filepath { path: '/custom/path/.env' }
2026-05-09 03:13:36: ◇ injected env (3) from .env // tip: ◈ encrypted .env [www.dotenvx.com]
2026-05-09 03:13:37: ◇ injected env (3) from .env // tip: ⌁ auth for agents [www.vestauth.com]
2026-05-09 03:13:39: ◇ injected env (3) from .env // tip: ⌘ override existing { override: true }
2026-05-09 03:13:40: ◇ injected env (3) from .env // tip: ⌘ enable debugging { debug: true }
2026-05-09 03:13:41: ◇ injected env (3) from .env // tip: ⌘ suppress logs { quiet: true }
2026-05-09 03:13:42: ◇ injected env (3) from .env // tip: ⌘ enable debugging { debug: true }
2026-05-09 03:13:43: ◇ injected env (3) from .env // tip: ⌘ enable debugging { debug: true }
2026-05-09 03:13:44: ◇ injected env (3) from .env // tip: ◈ secrets for agents [www.dotenvx.com]
2026-05-09 03:13:45: ◇ injected env (3) from .env // tip: ◈ encrypted .env [www.dotenvx.com]
2026-05-09 03:13:46: ◇ injected env (3) from .env // tip: ⌁ auth for agents [www.vestauth.com]
2026-05-09 03:13:47: ◇ injected env (3) from .env // tip: ⌁ auth for agents [www.vestauth.com]
2026-05-09 03:13:48: ◇ injected env (3) from .env // tip: ◈ encrypted .env [www.dotenvx.com]
2026-05-09 03:13:49: ◇ injected env (3) from .env // tip: ⌁ auth for agents [www.vestauth.com]
2026-05-09 03:13:50: ◇ injected env (3) from .env // tip: ⌘ suppress logs { quiet: true }
2026-05-09 03:13:51: ◇ injected env (3) from .env // tip: ⌁ auth for agents [www.vestauth.com]
2026-05-09 03:13:52: ◇ injected env (3) from .env // tip: ⌘ enable debugging { debug: true }
2026-05-09 03:13:53: ◇ injected env (3) from .env // tip: ⌘ override existing { override: true }
2026-05-09 03:13:54: ◇ injected env (3) from .env // tip: ⌘ custom filepath { path: '/custom/path/.env' }
2026-05-09 03:13:55: ◇ injected env (3) from .env // tip: ⌘ enable debugging { debug: true }
2026-05-09 03:13:56: ◇ injected env (3) from .env // tip: ⌘ enable debugging { debug: true }
2026-05-09 03:13:58: ◇ injected env (3) from .env // tip: ⌘ custom filepath { path: '/custom/path/.env' }
2026-05-09 03:13:59: ◇ injected env (3) from .env // tip: ⌘ suppress logs { quiet: true }
2026-05-09 03:14:00: ◇ injected env (3) from .env // tip: ⌘ custom filepath { path: '/custom/path/.env' }
2026-05-09 03:14:01: ◇ injected env (3) from .env // tip: ◈ secrets for agents [www.dotenvx.com]
2026-05-09 03:14:02: ◇ injected env (3) from .env // tip: ◈ secrets for agents [www.dotenvx.com]
2026-05-09 03:14:03: ◇ injected env (3) from .env // tip: ⌁ auth for agents [www.vestauth.com]
2026-05-09 03:14:04: ◇ injected env (3) from .env // tip: ⌁ auth for agents [www.vestauth.com]
2026-05-09 03:14:05: ◇ injected env (3) from .env // tip: ⌘ multiple files { path: ['.env.local', '.env'] }
2026-05-09 03:14:06: ◇ injected env (3) from .env // tip: ⌘ override existing { override: true }
2026-05-09 03:14:07: ◇ injected env (3) from .env // tip: ⌘ override existing { override: true }
2026-05-09 03:14:08: ◇ injected env (3) from .env // tip: ◈ encrypted .env [www.dotenvx.com]
2026-05-09 03:14:09: ◇ injected env (3) from .env // tip: ⌘ custom filepath { path: '/custom/path/.env' }
2026-05-09 03:14:10: ◇ injected env (3) from .env // tip: ⌘ multiple files { path: ['.env.local', '.env'] }
2026-05-09 03:14:11: ◇ injected env (3) from .env // tip: ⌘ multiple files { path: ['.env.local', '.env'] }
2026-05-09 03:14:13: ◇ injected env (3) from .env // tip: ⌘ suppress logs { quiet: true }
2026-05-09 03:14:14: ◇ injected env (3) from .env // tip: ⌘ suppress logs { quiet: true }
2026-05-09 03:14:15: ◇ injected env (3) from .env // tip: ⌘ override existing { override: true }
2026-05-09 03:14:16: ◇ injected env (3) from .env // tip: ⌁ auth for agents [www.vestauth.com]
2026-05-09 03:14:17: ◇ injected env (3) from .env // tip: ◈ secrets for agents [www.dotenvx.com]
2026-05-09 03:14:18: ◇ injected env (3) from .env // tip: ⌘ suppress logs { quiet: true }
2026-05-09 03:14:19: ◇ injected env (3) from .env // tip: ◈ encrypted .env [www.dotenvx.com]
2026-05-09 03:14:20: ◇ injected env (3) from .env // tip: ⌘ override existing { override: true }
2026-05-09 03:14:21: ◇ injected env (3) from .env // tip: ⌘ custom filepath { path: '/custom/path/.env' }
2026-05-09 03:14:22: ◇ injected env (3) from .env // tip: ⌘ suppress logs { quiet: true }
2026-05-09 03:14:23: ◇ injected env (3) from .env // tip: ⌘ custom filepath { path: '/custom/path/.env' }
2026-05-09 03:14:24: ◇ injected env (3) from .env // tip: ⌘ multiple files { path: ['.env.local', '.env'] }
2026-05-09 03:14:25: ◇ injected env (3) from .env // tip: ⌘ enable debugging { debug: true }
2026-05-09 03:14:26: ◇ injected env (3) from .env // tip: ⌘ multiple files { path: ['.env.local', '.env'] }
2026-05-09 03:14:28: ◇ injected env (3) from .env // tip: ◈ encrypted .env [www.dotenvx.com]
2026-05-09 03:14:29: ◇ injected env (3) from .env // tip: ⌘ override existing { override: true }
2026-05-09 03:14:30: ◇ injected env (3) from .env // tip: ⌘ suppress logs { quiet: true }
2026-05-09 03:14:31: ◇ injected env (3) from .env // tip: ◈ secrets for agents [www.dotenvx.com]
2026-05-09 03:14:32: ◇ injected env (3) from .env // tip: ⌁ auth for agents [www.vestauth.com]
2026-05-09 03:14:33: ◇ injected env (3) from .env // tip: ⌘ override existing { override: true }
2026-05-09 03:14:34: ◇ injected env (3) from .env // tip: ⌘ suppress logs { quiet: true }
2026-05-09 03:14:35: ◇ injected env (3) from .env // tip: ⌘ enable debugging { debug: true }
2026-05-09 03:14:36: ◇ injected env (3) from .env // tip: ⌁ auth for agents [www.vestauth.com]
2026-05-09 03:14:37: ◇ injected env (3) from .env // tip: ◈ secrets for agents [www.dotenvx.com]
2026-05-09 03:14:38: ◇ injected env (3) from .env // tip: ⌘ custom filepath { path: '/custom/path/.env' }
2026-05-09 03:14:39: ◇ injected env (3) from .env // tip: ⌘ multiple files { path: ['.env.local', '.env'] }
2026-05-09 03:14:40: ◇ injected env (3) from .env // tip: ⌘ custom filepath { path: '/custom/path/.env' }
2026-05-09 03:14:42: ◇ injected env (3) from .env // tip: ◈ encrypted .env [www.dotenvx.com]
2026-05-09 03:14:43: ◇ injected env (3) from .env // tip: ⌘ suppress logs { quiet: true }
2026-05-09 03:14:44: ◇ injected env (3) from .env // tip: ◈ encrypted .env [www.dotenvx.com]
2026-05-09 03:14:45: ◇ injected env (3) from .env // tip: ⌘ suppress logs { quiet: true }
2026-05-09 03:14:46: ◇ injected env (3) from .env // tip: ⌘ enable debugging { debug: true }
2026-05-09 03:14:47: ◇ injected env (3) from .env // tip: ⌘ override existing { override: true }
2026-05-09 03:14:48: ◇ injected env (3) from .env // tip: ⌘ suppress logs { quiet: true }
2026-05-09 03:14:49: ◇ injected env (3) from .env // tip: ⌘ suppress logs { quiet: true }
2026-05-09 03:14:50: ◇ injected env (3) from .env // tip: ⌘ suppress logs { quiet: true }
2026-05-09 03:14:51: ◇ injected env (3) from .env // tip: ◈ secrets for agents [www.dotenvx.com]
2026-05-09 03:14:52: ◇ injected env (3) from .env // tip: ◈ secrets for agents [www.dotenvx.com]
2026-05-09 03:14:53: ◇ injected env (3) from .env // tip: ◈ encrypted .env [www.dotenvx.com]
2026-05-09 03:14:54: ◇ injected env (3) from .env // tip: ⌘ suppress logs { quiet: true }
2026-05-09 03:14:55: ◇ injected env (3) from .env // tip: ⌘ enable debugging { debug: true }
2026-05-09 03:14:56: ◇ injected env (3) from .env // tip: ◈ secrets for agents [www.dotenvx.com]
2026-05-09 03:14:57: ◇ injected env (3) from .env // tip: ⌘ custom filepath { path: '/custom/path/.env' }
2026-05-09 03:14:58: ◇ injected env (3) from .env // tip: ⌘ suppress logs { quiet: true }
2026-05-09 03:15:00: ◇ injected env (3) from .env // tip: ⌘ custom filepath { path: '/custom/path/.env' }
2026-05-09 03:15:01: ◇ injected env (3) from .env // tip: ◈ encrypted .env [www.dotenvx.com]
2026-05-09 03:15:02: ◇ injected env (3) from .env // tip: ◈ secrets for agents [www.dotenvx.com]
2026-05-09 03:15:03: ◇ injected env (3) from .env // tip: ⌘ override existing { override: true }
2026-05-09 03:15:04: ◇ injected env (3) from .env // tip: ⌘ multiple files { path: ['.env.local', '.env'] }
2026-05-09 03:15:05: ◇ injected env (3) from .env // tip: ⌘ suppress logs { quiet: true }
2026-05-09 03:15:06: ◇ injected env (3) from .env // tip: ◈ secrets for agents [www.dotenvx.com]
2026-05-09 03:15:07: ◇ injected env (3) from .env // tip: ⌘ enable debugging { debug: true }
2026-05-09 03:15:08: ◇ injected env (3) from .env // tip: ◈ encrypted .env [www.dotenvx.com]
2026-05-09 03:15:09: ◇ injected env (3) from .env // tip: ⌁ auth for agents [www.vestauth.com]
2026-05-09 03:15:10: ◇ injected env (3) from .env // tip: ◈ encrypted .env [www.dotenvx.com]
2026-05-09 03:15:11: ◇ injected env (3) from .env // tip: ◈ secrets for agents [www.dotenvx.com]
2026-05-09 03:15:12: ◇ injected env (3) from .env // tip: ⌘ multiple files { path: ['.env.local', '.env'] }
2026-05-09 03:15:13: ◇ injected env (3) from .env // tip: ⌘ suppress logs { quiet: true }
2026-05-09 03:15:14: ◇ injected env (3) from .env // tip: ⌘ multiple files { path: ['.env.local', '.env'] }
2026-05-09 03:15:15: ◇ injected env (3) from .env // tip: ◈ secrets for agents [www.dotenvx.com]
2026-05-09 03:15:17: ◇ injected env (3) from .env // tip: ⌘ override existing { override: true }
2026-05-09 03:15:18: ◇ injected env (3) from .env // tip: ⌘ enable debugging { debug: true }
2026-05-09 03:15:19: ◇ injected env (3) from .env // tip: ◈ secrets for agents [www.dotenvx.com]
2026-05-09 03:15:20: ◇ injected env (3) from .env // tip: ⌘ custom filepath { path: '/custom/path/.env' }
2026-05-09 03:15:21: ◇ injected env (3) from .env // tip: ⌘ suppress logs { quiet: true }
2026-05-09 03:15:22: ◇ injected env (3) from .env // tip: ⌘ multiple files { path: ['.env.local', '.env'] }
2026-05-09 03:15:23: ◇ injected env (3) from .env // tip: ⌘ custom filepath { path: '/custom/path/.env' }
2026-05-09 03:15:24: ◇ injected env (3) from .env // tip: ◈ encrypted .env [www.dotenvx.com]
2026-05-09 03:15:25: ◇ injected env (3) from .env // tip: ⌘ override existing { override: true }
2026-05-09 03:15:26: ◇ injected env (3) from .env // tip: ⌘ custom filepath { path: '/custom/path/.env' }
2026-05-09 03:15:27: ◇ injected env (3) from .env // tip: ◈ encrypted .env [www.dotenvx.com]
2026-05-09 03:15:28: ◇ injected env (3) from .env // tip: ⌘ multiple files { path: ['.env.local', '.env'] }
2026-05-09 03:15:29: ◇ injected env (3) from .env // tip: ⌘ multiple files { path: ['.env.local', '.env'] }
2026-05-09 03:15:31: ◇ injected env (3) from .env // tip: ◈ secrets for agents [www.dotenvx.com]
2026-05-09 03:15:32: ◇ injected env (3) from .env // tip: ⌘ custom filepath { path: '/custom/path/.env' }
2026-05-09 03:15:33: ◇ injected env (3) from .env // tip: ◈ secrets for agents [www.dotenvx.com]
2026-05-09 03:15:34: ◇ injected env (3) from .env // tip: ◈ encrypted .env [www.dotenvx.com]
2026-05-09 03:15:35: ◇ injected env (3) from .env // tip: ⌁ auth for agents [www.vestauth.com]
2026-05-09 03:15:36: ◇ injected env (3) from .env // tip: ◈ encrypted .env [www.dotenvx.com]
2026-05-09 03:15:37: ◇ injected env (3) from .env // tip: ⌘ custom filepath { path: '/custom/path/.env' }
2026-05-09 03:15:38: ◇ injected env (3) from .env // tip: ⌘ custom filepath { path: '/custom/path/.env' }
2026-05-09 03:15:39: ◇ injected env (3) from .env // tip: ⌘ suppress logs { quiet: true }
2026-05-09 03:15:40: ◇ injected env (3) from .env // tip: ◈ secrets for agents [www.dotenvx.com]
2026-05-09 03:15:41: ◇ injected env (3) from .env // tip: ⌘ custom filepath { path: '/custom/path/.env' }
2026-05-09 03:15:42: ◇ injected env (3) from .env // tip: ◈ secrets for agents [www.dotenvx.com]
2026-05-09 03:15:43: ◇ injected env (3) from .env // tip: ⌘ suppress logs { quiet: true }
2026-05-09 03:15:44: ◇ injected env (3) from .env // tip: ◈ secrets for agents [www.dotenvx.com]
2026-05-09 03:15:46: ◇ injected env (3) from .env // tip: ⌘ multiple files { path: ['.env.local', '.env'] }
2026-05-09 03:15:47: ◇ injected env (3) from .env // tip: ⌘ custom filepath { path: '/custom/path/.env' }
2026-05-09 03:15:48: ◇ injected env (3) from .env // tip: ⌘ override existing { override: true }
2026-05-09 03:15:49: ◇ injected env (3) from .env // tip: ◈ secrets for agents [www.dotenvx.com]
2026-05-09 03:15:50: ◇ injected env (3) from .env // tip: ⌘ suppress logs { quiet: true }
2026-05-09 03:15:51: ◇ injected env (3) from .env // tip: ⌘ multiple files { path: ['.env.local', '.env'] }
2026-05-09 03:15:52: ◇ injected env (3) from .env // tip: ◈ encrypted .env [www.dotenvx.com]
2026-05-09 03:15:53: ◇ injected env (3) from .env // tip: ⌘ suppress logs { quiet: true }
2026-05-09 03:15:54: ◇ injected env (3) from .env // tip: ⌁ auth for agents [www.vestauth.com]
2026-05-09 03:15:55: ◇ injected env (3) from .env // tip: ⌘ multiple files { path: ['.env.local', '.env'] }
2026-05-09 03:15:56: ◇ injected env (3) from .env // tip: ⌘ custom filepath { path: '/custom/path/.env' }
2026-05-09 03:15:57: ◇ injected env (3) from .env // tip: ⌘ suppress logs { quiet: true }
2026-05-09 03:15:58: ◇ injected env (3) from .env // tip: ⌘ enable debugging { debug: true }
2026-05-09 03:15:59: ◇ injected env (3) from .env // tip: ⌁ auth for agents [www.vestauth.com]
2026-05-09 03:16:00: ◇ injected env (3) from .env // tip: ⌁ auth for agents [www.vestauth.com]
2026-05-09 03:16:02: ◇ injected env (3) from .env // tip: ⌘ suppress logs { quiet: true }
2026-05-09 03:16:03: ◇ injected env (3) from .env // tip: ⌘ custom filepath { path: '/custom/path/.env' }
2026-05-09 03:16:04: ◇ injected env (3) from .env // tip: ⌘ enable debugging { debug: true }
2026-05-09 03:16:05: ◇ injected env (3) from .env // tip: ⌘ multiple files { path: ['.env.local', '.env'] }
2026-05-09 03:16:06: ◇ injected env (3) from .env // tip: ◈ encrypted .env [www.dotenvx.com]
2026-05-09 03:16:07: ◇ injected env (3) from .env // tip: ⌘ override existing { override: true }
2026-05-09 03:16:08: ◇ injected env (3) from .env // tip: ⌘ multiple files { path: ['.env.local', '.env'] }
2026-05-09 03:16:09: ◇ injected env (3) from .env // tip: ⌘ override existing { override: true }
2026-05-09 03:16:10: ◇ injected env (3) from .env // tip: ◈ secrets for agents [www.dotenvx.com]
2026-05-09 03:16:11: ◇ injected env (3) from .env // tip: ⌘ multiple files { path: ['.env.local', '.env'] }
2026-05-09 03:16:12: ◇ injected env (3) from .env // tip: ⌁ auth for agents [www.vestauth.com]
2026-05-09 03:16:13: ◇ injected env (3) from .env // tip: ⌘ multiple files { path: ['.env.local', '.env'] }
2026-05-09 03:16:14: ◇ injected env (3) from .env // tip: ⌘ suppress logs { quiet: true }
2026-05-09 03:16:16: ◇ injected env (3) from .env // tip: ⌘ override existing { override: true }
2026-05-09 03:16:17: ◇ injected env (3) from .env // tip: ⌘ override existing { override: true }
2026-05-09 03:16:18: ◇ injected env (3) from .env // tip: ⌘ override existing { override: true }
2026-05-09 03:16:19: ◇ injected env (3) from .env // tip: ◈ encrypted .env [www.dotenvx.com]
2026-05-09 03:16:20: ◇ injected env (3) from .env // tip: ⌘ suppress logs { quiet: true }
2026-05-09 03:16:21: ◇ injected env (3) from .env // tip: ⌘ multiple files { path: ['.env.local', '.env'] }
2026-05-09 03:16:22: ◇ injected env (3) from .env // tip: ⌘ custom filepath { path: '/custom/path/.env' }
2026-05-09 03:16:23: ◇ injected env (3) from .env // tip: ⌘ suppress logs { quiet: true }
2026-05-09 03:16:24: ◇ injected env (3) from .env // tip: ⌘ multiple files { path: ['.env.local', '.env'] }
2026-05-09 03:16:25: ◇ injected env (3) from .env // tip: ◈ encrypted .env [www.dotenvx.com]
2026-05-09 03:16:26: ◇ injected env (3) from .env // tip: ⌘ custom filepath { path: '/custom/path/.env' }
2026-05-09 03:16:27: ◇ injected env (3) from .env // tip: ⌘ suppress logs { quiet: true }
2026-05-09 03:16:28: ◇ injected env (3) from .env // tip: ◈ encrypted .env [www.dotenvx.com]
2026-05-09 03:16:29: ◇ injected env (3) from .env // tip: ⌘ suppress logs { quiet: true }
2026-05-09 03:16:30: ◇ injected env (3) from .env // tip: ⌘ override existing { override: true }
2026-05-09 03:16:32: ◇ injected env (3) from .env // tip: ⌘ suppress logs { quiet: true }
2026-05-09 03:16:33: ◇ injected env (3) from .env // tip: ⌘ override existing { override: true }
2026-05-09 03:16:34: ◇ injected env (3) from .env // tip: ⌘ multiple files { path: ['.env.local', '.env'] }
2026-05-09 03:16:35: ◇ injected env (3) from .env // tip: ◈ secrets for agents [www.dotenvx.com]
2026-05-09 03:16:36: ◇ injected env (3) from .env // tip: ⌁ auth for agents [www.vestauth.com]
2026-05-09 03:16:37: ◇ injected env (3) from .env // tip: ⌘ custom filepath { path: '/custom/path/.env' }
2026-05-09 03:16:38: ◇ injected env (3) from .env // tip: ⌘ multiple files { path: ['.env.local', '.env'] }
2026-05-09 03:16:39: ◇ injected env (3) from .env // tip: ⌘ multiple files { path: ['.env.local', '.env'] }
2026-05-09 03:16:40: ◇ injected env (3) from .env // tip: ◈ encrypted .env [www.dotenvx.com]
2026-05-09 03:16:41: ◇ injected env (3) from .env // tip: ⌘ multiple files { path: ['.env.local', '.env'] }
2026-05-09 03:16:42: ◇ injected env (3) from .env // tip: ⌘ custom filepath { path: '/custom/path/.env' }
2026-05-09 03:16:43: ◇ injected env (3) from .env // tip: ⌘ suppress logs { quiet: true }
2026-05-09 03:16:44: ◇ injected env (3) from .env // tip: ◈ secrets for agents [www.dotenvx.com]
2026-05-09 03:16:45: ◇ injected env (3) from .env // tip: ⌁ auth for agents [www.vestauth.com]
2026-05-09 03:16:47: ◇ injected env (3) from .env // tip: ⌘ multiple files { path: ['.env.local', '.env'] }
2026-05-09 03:16:48: ◇ injected env (3) from .env // tip: ⌘ multiple files { path: ['.env.local', '.env'] }
2026-05-09 03:16:49: ◇ injected env (3) from .env // tip: ⌘ override existing { override: true }
2026-05-09 03:16:50: ◇ injected env (3) from .env // tip: ◈ encrypted .env [www.dotenvx.com]
2026-05-09 03:16:51: ◇ injected env (3) from .env // tip: ◈ secrets for agents [www.dotenvx.com]
2026-05-09 03:16:52: ◇ injected env (3) from .env // tip: ⌘ enable debugging { debug: true }
2026-05-09 03:16:53: ◇ injected env (3) from .env // tip: ⌘ override existing { override: true }
2026-05-09 03:16:54: ◇ injected env (3) from .env // tip: ◈ encrypted .env [www.dotenvx.com]
2026-05-09 03:16:55: ◇ injected env (3) from .env // tip: ⌘ override existing { override: true }
2026-05-09 03:16:56: ◇ injected env (3) from .env // tip: ⌘ multiple files { path: ['.env.local', '.env'] }
2026-05-09 03:16:57: ◇ injected env (3) from .env // tip: ⌘ override existing { override: true }
2026-05-09 03:16:58: ◇ injected env (3) from .env // tip: ⌘ enable debugging { debug: true }
2026-05-09 03:16:59: ◇ injected env (3) from .env // tip: ⌘ suppress logs { quiet: true }
2026-05-09 03:17:00: ◇ injected env (3) from .env // tip: ⌘ suppress logs { quiet: true }
2026-05-09 03:17:02: ◇ injected env (3) from .env // tip: ⌁ auth for agents [www.vestauth.com]
2026-05-09 03:17:03: ◇ injected env (3) from .env // tip: ⌘ override existing { override: true }
2026-05-09 03:17:04: ◇ injected env (3) from .env // tip: ◈ encrypted .env [www.dotenvx.com]
2026-05-09 03:17:05: ◇ injected env (3) from .env // tip: ◈ secrets for agents [www.dotenvx.com]
2026-05-09 03:17:06: ◇ injected env (3) from .env // tip: ⌘ override existing { override: true }
2026-05-09 03:17:07: ◇ injected env (3) from .env // tip: ◈ encrypted .env [www.dotenvx.com]
2026-05-09 03:17:08: ◇ injected env (3) from .env // tip: ⌘ suppress logs { quiet: true }
2026-05-09 03:17:09: ◇ injected env (3) from .env // tip: ⌘ custom filepath { path: '/custom/path/.env' }
2026-05-09 03:17:10: ◇ injected env (3) from .env // tip: ⌘ suppress logs { quiet: true }
2026-05-09 03:17:11: ◇ injected env (3) from .env // tip: ⌘ multiple files { path: ['.env.local', '.env'] }
2026-05-09 03:17:12: ◇ injected env (3) from .env // tip: ⌘ suppress logs { quiet: true }
2026-05-09 03:17:13: ◇ injected env (3) from .env // tip: ⌘ multiple files { path: ['.env.local', '.env'] }
2026-05-09 03:17:14: ◇ injected env (3) from .env // tip: ⌘ override existing { override: true }
2026-05-09 03:17:15: ◇ injected env (3) from .env // tip: ⌘ enable debugging { debug: true }
2026-05-09 03:17:16: ◇ injected env (3) from .env // tip: ⌘ multiple files { path: ['.env.local', '.env'] }
2026-05-09 03:17:18: ◇ injected env (3) from .env // tip: ⌁ auth for agents [www.vestauth.com]
2026-05-09 03:17:19: ◇ injected env (3) from .env // tip: ◈ encrypted .env [www.dotenvx.com]
2026-05-09 03:17:20: ◇ injected env (3) from .env // tip: ⌘ multiple files { path: ['.env.local', '.env'] }
2026-05-09 03:17:21: ◇ injected env (3) from .env // tip: ⌘ enable debugging { debug: true }
2026-05-09 03:17:22: ◇ injected env (3) from .env // tip: ⌁ auth for agents [www.vestauth.com]
2026-05-09 03:17:23: ◇ injected env (3) from .env // tip: ⌘ enable debugging { debug: true }
2026-05-09 03:17:24: ◇ injected env (3) from .env // tip: ◈ secrets for agents [www.dotenvx.com]
2026-05-09 03:17:25: ◇ injected env (3) from .env // tip: ⌁ auth for agents [www.vestauth.com]
2026-05-09 03:17:26: ◇ injected env (3) from .env // tip: ⌘ suppress logs { quiet: true }
2026-05-09 03:17:27: ◇ injected env (3) from .env // tip: ⌘ custom filepath { path: '/custom/path/.env' }
2026-05-09 03:17:28: ◇ injected env (3) from .env // tip: ◈ secrets for agents [www.dotenvx.com]
2026-05-09 03:17:29: ◇ injected env (3) from .env // tip: ⌁ auth for agents [www.vestauth.com]
2026-05-09 03:17:30: ◇ injected env (3) from .env // tip: ⌁ auth for agents [www.vestauth.com]
2026-05-09 03:17:31: ◇ injected env (3) from .env // tip: ⌘ override existing { override: true }
2026-05-09 03:17:33: ◇ injected env (3) from .env // tip: ⌘ multiple files { path: ['.env.local', '.env'] }
2026-05-09 03:17:34: ◇ injected env (3) from .env // tip: ◈ encrypted .env [www.dotenvx.com]
2026-05-09 03:17:35: ◇ injected env (3) from .env // tip: ◈ encrypted .env [www.dotenvx.com]
2026-05-09 03:17:36: ◇ injected env (3) from .env // tip: ⌘ enable debugging { debug: true }
2026-05-09 03:17:37: ◇ injected env (3) from .env // tip: ⌘ multiple files { path: ['.env.local', '.env'] }
2026-05-09 03:17:38: ◇ injected env (3) from .env // tip: ◈ secrets for agents [www.dotenvx.com]
2026-05-09 03:17:39: ◇ injected env (3) from .env // tip: ⌘ custom filepath { path: '/custom/path/.env' }
2026-05-09 03:17:40: ◇ injected env (3) from .env // tip: ◈ secrets for agents [www.dotenvx.com]
2026-05-09 03:17:41: ◇ injected env (3) from .env // tip: ⌁ auth for agents [www.vestauth.com]
2026-05-09 03:17:42: ◇ injected env (3) from .env // tip: ◈ encrypted .env [www.dotenvx.com]
2026-05-09 03:17:43: ◇ injected env (3) from .env // tip: ⌁ auth for agents [www.vestauth.com]
2026-05-09 03:17:44: ◇ injected env (3) from .env // tip: ⌁ auth for agents [www.vestauth.com]
2026-05-09 03:17:45: ◇ injected env (3) from .env // tip: ⌘ override existing { override: true }
2026-05-09 03:17:46: ◇ injected env (3) from .env // tip: ⌘ multiple files { path: ['.env.local', '.env'] }
2026-05-09 03:17:48: ◇ injected env (3) from .env // tip: ⌘ custom filepath { path: '/custom/path/.env' }
2026-05-09 03:17:49: ◇ injected env (3) from .env // tip: ◈ secrets for agents [www.dotenvx.com]
2026-05-09 03:17:50: ◇ injected env (3) from .env // tip: ⌘ suppress logs { quiet: true }
2026-05-09 03:17:51: ◇ injected env (3) from .env // tip: ⌘ multiple files { path: ['.env.local', '.env'] }
2026-05-09 03:17:52: ◇ injected env (3) from .env // tip: ⌘ multiple files { path: ['.env.local', '.env'] }
2026-05-09 03:17:53: ◇ injected env (3) from .env // tip: ◈ encrypted .env [www.dotenvx.com]
2026-05-09 03:17:54: ◇ injected env (3) from .env // tip: ⌁ auth for agents [www.vestauth.com]
2026-05-09 03:17:55: ◇ injected env (3) from .env // tip: ⌘ suppress logs { quiet: true }
2026-05-09 03:17:56: ◇ injected env (3) from .env // tip: ⌘ override existing { override: true }
2026-05-09 03:17:57: ◇ injected env (3) from .env // tip: ⌁ auth for agents [www.vestauth.com]
2026-05-09 03:17:58: ◇ injected env (3) from .env // tip: ⌘ custom filepath { path: '/custom/path/.env' }
2026-05-09 03:17:59: ◇ injected env (3) from .env // tip: ⌘ custom filepath { path: '/custom/path/.env' }
2026-05-09 03:18:00: ◇ injected env (3) from .env // tip: ◈ encrypted .env [www.dotenvx.com]
2026-05-09 03:18:02: ◇ injected env (3) from .env // tip: ⌘ suppress logs { quiet: true }
2026-05-09 03:18:03: ◇ injected env (3) from .env // tip: ⌘ multiple files { path: ['.env.local', '.env'] }
2026-05-09 03:18:04: ◇ injected env (3) from .env // tip: ◈ secrets for agents [www.dotenvx.com]
2026-05-09 03:18:05: ◇ injected env (3) from .env // tip: ⌘ suppress logs { quiet: true }
2026-05-09 03:18:06: ◇ injected env (3) from .env // tip: ⌁ auth for agents [www.vestauth.com]
2026-05-09 03:18:07: ◇ injected env (3) from .env // tip: ⌘ suppress logs { quiet: true }
2026-05-09 03:18:08: ◇ injected env (3) from .env // tip: ⌘ override existing { override: true }
2026-05-09 03:18:09: ◇ injected env (3) from .env // tip: ◈ secrets for agents [www.dotenvx.com]
2026-05-09 03:18:10: ◇ injected env (3) from .env // tip: ◈ secrets for agents [www.dotenvx.com]
2026-05-09 03:18:11: ◇ injected env (3) from .env // tip: ◈ encrypted .env [www.dotenvx.com]
2026-05-09 03:18:12: ◇ injected env (3) from .env // tip: ⌘ suppress logs { quiet: true }
2026-05-09 03:18:13: ◇ injected env (3) from .env // tip: ⌁ auth for agents [www.vestauth.com]
2026-05-09 03:18:14: ◇ injected env (3) from .env // tip: ⌘ suppress logs { quiet: true }
2026-05-09 03:18:15: ◇ injected env (3) from .env // tip: ⌘ custom filepath { path: '/custom/path/.env' }
2026-05-09 03:18:16: ◇ injected env (3) from .env // tip: ⌘ enable debugging { debug: true }
2026-05-09 03:18:17: ◇ injected env (3) from .env // tip: ⌘ multiple files { path: ['.env.local', '.env'] }
2026-05-09 03:18:18: ◇ injected env (3) from .env // tip: ⌘ custom filepath { path: '/custom/path/.env' }
2026-05-09 03:18:20: ◇ injected env (3) from .env // tip: ◈ encrypted .env [www.dotenvx.com]
2026-05-09 03:18:21: ◇ injected env (3) from .env // tip: ⌘ override existing { override: true }
2026-05-09 03:18:22: ◇ injected env (3) from .env // tip: ⌘ custom filepath { path: '/custom/path/.env' }
2026-05-09 03:18:23: ◇ injected env (3) from .env // tip: ⌘ suppress logs { quiet: true }
2026-05-09 03:18:24: ◇ injected env (3) from .env // tip: ⌘ multiple files { path: ['.env.local', '.env'] }
2026-05-09 03:18:25: ◇ injected env (3) from .env // tip: ◈ secrets for agents [www.dotenvx.com]
2026-05-09 03:18:26: ◇ injected env (3) from .env // tip: ⌘ custom filepath { path: '/custom/path/.env' }
2026-05-09 03:18:27: ◇ injected env (3) from .env // tip: ◈ secrets for agents [www.dotenvx.com]
2026-05-09 03:18:28: ◇ injected env (3) from .env // tip: ⌘ suppress logs { quiet: true }
2026-05-09 03:18:29: ◇ injected env (3) from .env // tip: ⌘ suppress logs { quiet: true }
2026-05-09 03:18:30: ◇ injected env (3) from .env // tip: ⌘ custom filepath { path: '/custom/path/.env' }
2026-05-09 03:18:31: ◇ injected env (3) from .env // tip: ⌘ multiple files { path: ['.env.local', '.env'] }
2026-05-09 03:18:32: ◇ injected env (3) from .env // tip: ⌁ auth for agents [www.vestauth.com]
2026-05-09 03:18:33: ◇ injected env (3) from .env // tip: ⌘ multiple files { path: ['.env.local', '.env'] }
2026-05-09 03:18:34: ◇ injected env (3) from .env // tip: ⌁ auth for agents [www.vestauth.com]
2026-05-09 03:18:36: ◇ injected env (3) from .env // tip: ⌘ custom filepath { path: '/custom/path/.env' }
2026-05-09 03:18:37: ◇ injected env (3) from .env // tip: ⌘ suppress logs { quiet: true }
2026-05-09 03:18:38: ◇ injected env (3) from .env // tip: ◈ secrets for agents [www.dotenvx.com]
2026-05-09 03:18:39: ◇ injected env (3) from .env // tip: ⌘ enable debugging { debug: true }
2026-05-09 03:18:40: ◇ injected env (3) from .env // tip: ⌘ multiple files { path: ['.env.local', '.env'] }
2026-05-09 03:18:41: ◇ injected env (3) from .env // tip: ◈ encrypted .env [www.dotenvx.com]
2026-05-09 03:18:42: ◇ injected env (3) from .env // tip: ⌘ multiple files { path: ['.env.local', '.env'] }
2026-05-09 03:18:43: ◇ injected env (3) from .env // tip: ⌘ enable debugging { debug: true }
2026-05-09 03:18:44: ◇ injected env (3) from .env // tip: ◈ encrypted .env [www.dotenvx.com]
2026-05-09 03:18:45: ◇ injected env (3) from .env // tip: ◈ secrets for agents [www.dotenvx.com]
2026-05-09 03:18:46: ◇ injected env (3) from .env // tip: ⌘ custom filepath { path: '/custom/path/.env' }
2026-05-09 03:18:47: ◇ injected env (3) from .env // tip: ⌘ override existing { override: true }
2026-05-09 03:18:48: ◇ injected env (3) from .env // tip: ⌘ multiple files { path: ['.env.local', '.env'] }
2026-05-09 03:18:49: ◇ injected env (3) from .env // tip: ⌘ override existing { override: true }
2026-05-09 03:18:50: ◇ injected env (3) from .env // tip: ⌘ override existing { override: true }
2026-05-09 03:18:51: ◇ injected env (3) from .env // tip: ⌘ custom filepath { path: '/custom/path/.env' }
2026-05-09 03:18:52: ◇ injected env (3) from .env // tip: ⌘ custom filepath { path: '/custom/path/.env' }
2026-05-09 03:18:54: ◇ injected env (3) from .env // tip: ⌘ multiple files { path: ['.env.local', '.env'] }
2026-05-09 03:18:55: ◇ injected env (3) from .env // tip: ◈ encrypted .env [www.dotenvx.com]
2026-05-09 03:18:56: ◇ injected env (3) from .env // tip: ◈ encrypted .env [www.dotenvx.com]
2026-05-09 03:18:57: ◇ injected env (3) from .env // tip: ⌘ suppress logs { quiet: true }
2026-05-09 03:18:58: ◇ injected env (3) from .env // tip: ⌘ suppress logs { quiet: true }
2026-05-09 03:18:59: ◇ injected env (3) from .env // tip: ◈ secrets for agents [www.dotenvx.com]
2026-05-09 03:19:00: ◇ injected env (3) from .env // tip: ◈ secrets for agents [www.dotenvx.com]
2026-05-09 03:19:01: ◇ injected env (3) from .env // tip: ◈ encrypted .env [www.dotenvx.com]
2026-05-09 03:19:02: ◇ injected env (3) from .env // tip: ⌘ custom filepath { path: '/custom/path/.env' }
2026-05-09 03:19:03: ◇ injected env (3) from .env // tip: ◈ secrets for agents [www.dotenvx.com]
2026-05-09 03:19:04: ◇ injected env (3) from .env // tip: ⌘ override existing { override: true }
2026-05-09 03:19:05: ◇ injected env (3) from .env // tip: ⌘ enable debugging { debug: true }
2026-05-09 03:19:06: ◇ injected env (3) from .env // tip: ⌘ override existing { override: true }
2026-05-09 03:19:07: ◇ injected env (3) from .env // tip: ⌘ suppress logs { quiet: true }
2026-05-09 03:19:09: ◇ injected env (3) from .env // tip: ⌘ suppress logs { quiet: true }
2026-05-09 03:19:10: ◇ injected env (3) from .env // tip: ◈ encrypted .env [www.dotenvx.com]
2026-05-09 03:19:11: ◇ injected env (3) from .env // tip: ⌘ custom filepath { path: '/custom/path/.env' }
2026-05-09 03:19:12: ◇ injected env (3) from .env // tip: ◈ encrypted .env [www.dotenvx.com]
2026-05-09 03:19:13: ◇ injected env (3) from .env // tip: ⌘ enable debugging { debug: true }
2026-05-09 03:19:14: ◇ injected env (3) from .env // tip: ⌘ multiple files { path: ['.env.local', '.env'] }
2026-05-09 03:19:15: ◇ injected env (3) from .env // tip: ◈ secrets for agents [www.dotenvx.com]
2026-05-09 03:19:16: ◇ injected env (3) from .env // tip: ⌘ suppress logs { quiet: true }
2026-05-09 03:19:17: ◇ injected env (3) from .env // tip: ⌘ override existing { override: true }
2026-05-09 03:19:18: ◇ injected env (3) from .env // tip: ⌘ enable debugging { debug: true }
2026-05-09 03:19:19: ◇ injected env (3) from .env // tip: ⌘ enable debugging { debug: true }
2026-05-09 03:19:20: ◇ injected env (3) from .env // tip: ◈ secrets for agents [www.dotenvx.com]
2026-05-09 03:19:21: ◇ injected env (3) from .env // tip: ⌘ enable debugging { debug: true }
2026-05-09 03:19:22: ◇ injected env (3) from .env // tip: ⌘ custom filepath { path: '/custom/path/.env' }
2026-05-09 03:19:23: ◇ injected env (3) from .env // tip: ⌁ auth for agents [www.vestauth.com]
2026-05-09 03:19:24: ◇ injected env (3) from .env // tip: ⌘ custom filepath { path: '/custom/path/.env' }
2026-05-09 03:19:25: ◇ injected env (3) from .env // tip: ⌁ auth for agents [www.vestauth.com]
2026-05-09 03:19:27: ◇ injected env (3) from .env // tip: ⌘ suppress logs { quiet: true }
2026-05-09 03:19:28: ◇ injected env (3) from .env // tip: ⌘ enable debugging { debug: true }
2026-05-09 03:19:29: ◇ injected env (3) from .env // tip: ⌘ custom filepath { path: '/custom/path/.env' }
2026-05-09 03:19:30: ◇ injected env (3) from .env // tip: ⌘ override existing { override: true }
2026-05-09 03:19:31: ◇ injected env (3) from .env // tip: ◈ encrypted .env [www.dotenvx.com]
2026-05-09 03:19:32: ◇ injected env (3) from .env // tip: ⌘ override existing { override: true }
2026-05-09 03:19:33: ◇ injected env (3) from .env // tip: ⌘ multiple files { path: ['.env.local', '.env'] }
2026-05-09 03:19:34: ◇ injected env (3) from .env // tip: ◈ secrets for agents [www.dotenvx.com]
2026-05-09 03:19:35: ◇ injected env (3) from .env // tip: ⌘ multiple files { path: ['.env.local', '.env'] }
2026-05-09 03:19:36: ◇ injected env (3) from .env // tip: ⌘ enable debugging { debug: true }
2026-05-09 03:19:37: ◇ injected env (3) from .env // tip: ⌘ multiple files { path: ['.env.local', '.env'] }
2026-05-09 03:19:38: ◇ injected env (3) from .env // tip: ⌘ override existing { override: true }
2026-05-09 03:19:39: ◇ injected env (3) from .env // tip: ⌘ override existing { override: true }
2026-05-09 03:19:40: ◇ injected env (3) from .env // tip: ◈ secrets for agents [www.dotenvx.com]
2026-05-09 03:19:42: ◇ injected env (3) from .env // tip: ◈ encrypted .env [www.dotenvx.com]
2026-05-09 03:19:43: ◇ injected env (3) from .env // tip: ⌘ multiple files { path: ['.env.local', '.env'] }
2026-05-09 03:19:44: ◇ injected env (3) from .env // tip: ⌘ enable debugging { debug: true }
2026-05-09 03:19:45: ◇ injected env (3) from .env // tip: ⌘ suppress logs { quiet: true }
2026-05-09 03:19:46: ◇ injected env (3) from .env // tip: ⌘ enable debugging { debug: true }
2026-05-09 03:19:47: ◇ injected env (3) from .env // tip: ⌘ suppress logs { quiet: true }
2026-05-09 03:19:48: ◇ injected env (3) from .env // tip: ◈ encrypted .env [www.dotenvx.com]
2026-05-09 03:19:49: ◇ injected env (3) from .env // tip: ◈ encrypted .env [www.dotenvx.com]
2026-05-09 03:19:50: ◇ injected env (3) from .env // tip: ⌁ auth for agents [www.vestauth.com]
2026-05-09 03:19:51: ◇ injected env (3) from .env // tip: ⌘ enable debugging { debug: true }
2026-05-09 03:19:52: ◇ injected env (3) from .env // tip: ⌘ suppress logs { quiet: true }
2026-05-09 03:19:53: ◇ injected env (3) from .env // tip: ◈ secrets for agents [www.dotenvx.com]
2026-05-09 03:19:54: ◇ injected env (3) from .env // tip: ⌘ enable debugging { debug: true }
2026-05-09 03:19:56: ◇ injected env (3) from .env // tip: ◈ encrypted .env [www.dotenvx.com]
2026-05-09 03:19:57: ◇ injected env (3) from .env // tip: ◈ encrypted .env [www.dotenvx.com]
2026-05-09 03:19:58: ◇ injected env (3) from .env // tip: ⌘ override existing { override: true }
2026-05-09 03:19:59: ◇ injected env (3) from .env // tip: ⌘ enable debugging { debug: true }
2026-05-09 03:20:00: ◇ injected env (3) from .env // tip: ⌘ enable debugging { debug: true }
2026-05-09 03:20:01: ◇ injected env (3) from .env // tip: ⌘ override existing { override: true }
2026-05-09 03:20:02: ◇ injected env (3) from .env // tip: ⌁ auth for agents [www.vestauth.com]
2026-05-09 03:20:03: ◇ injected env (3) from .env // tip: ⌘ enable debugging { debug: true }
2026-05-09 03:20:04: ◇ injected env (3) from .env // tip: ⌘ override existing { override: true }
2026-05-09 03:20:05: ◇ injected env (3) from .env // tip: ⌘ multiple files { path: ['.env.local', '.env'] }
2026-05-09 03:20:06: ◇ injected env (3) from .env // tip: ◈ encrypted .env [www.dotenvx.com]
2026-05-09 03:20:07: ◇ injected env (3) from .env // tip: ◈ encrypted .env [www.dotenvx.com]
2026-05-09 03:20:08: ◇ injected env (3) from .env // tip: ◈ secrets for agents [www.dotenvx.com]
2026-05-09 03:20:09: ◇ injected env (3) from .env // tip: ⌘ suppress logs { quiet: true }
2026-05-09 03:20:11: ◇ injected env (3) from .env // tip: ⌘ suppress logs { quiet: true }
2026-05-09 03:20:12: ◇ injected env (3) from .env // tip: ⌁ auth for agents [www.vestauth.com]
2026-05-09 03:20:13: ◇ injected env (3) from .env // tip: ⌘ enable debugging { debug: true }
2026-05-09 03:20:14: ◇ injected env (3) from .env // tip: ◈ secrets for agents [www.dotenvx.com]
2026-05-09 03:20:15: ◇ injected env (3) from .env // tip: ⌘ custom filepath { path: '/custom/path/.env' }
2026-05-09 03:20:16: ◇ injected env (3) from .env // tip: ⌘ suppress logs { quiet: true }
2026-05-09 03:20:17: ◇ injected env (3) from .env // tip: ⌘ suppress logs { quiet: true }
2026-05-09 03:20:18: ◇ injected env (3) from .env // tip: ⌁ auth for agents [www.vestauth.com]
2026-05-09 03:20:19: ◇ injected env (3) from .env // tip: ⌘ suppress logs { quiet: true }
2026-05-09 03:20:20: ◇ injected env (3) from .env // tip: ⌘ multiple files { path: ['.env.local', '.env'] }
2026-05-09 03:20:21: ◇ injected env (3) from .env // tip: ◈ secrets for agents [www.dotenvx.com]
2026-05-09 03:20:22: ◇ injected env (3) from .env // tip: ◈ encrypted .env [www.dotenvx.com]
2026-05-09 03:20:23: ◇ injected env (3) from .env // tip: ⌘ enable debugging { debug: true }
2026-05-09 03:20:24: ◇ injected env (3) from .env // tip: ⌘ enable debugging { debug: true }
2026-05-09 03:20:25: ◇ injected env (3) from .env // tip: ⌘ multiple files { path: ['.env.local', '.env'] }
2026-05-09 03:20:26: ◇ injected env (3) from .env // tip: ⌘ suppress logs { quiet: true }
2026-05-09 03:20:28: ◇ injected env (3) from .env // tip: ⌘ custom filepath { path: '/custom/path/.env' }
2026-05-09 03:20:29: ◇ injected env (3) from .env // tip: ◈ encrypted .env [www.dotenvx.com]
2026-05-09 03:20:30: ◇ injected env (3) from .env // tip: ⌁ auth for agents [www.vestauth.com]
2026-05-09 03:20:31: ◇ injected env (3) from .env // tip: ◈ secrets for agents [www.dotenvx.com]
2026-05-09 03:20:32: ◇ injected env (3) from .env // tip: ⌁ auth for agents [www.vestauth.com]
2026-05-09 03:20:33: ◇ injected env (3) from .env // tip: ⌘ multiple files { path: ['.env.local', '.env'] }
2026-05-09 03:20:34: ◇ injected env (3) from .env // tip: ⌘ enable debugging { debug: true }
2026-05-09 03:20:35: ◇ injected env (3) from .env // tip: ⌘ enable debugging { debug: true }
2026-05-09 03:20:36: ◇ injected env (3) from .env // tip: ◈ encrypted .env [www.dotenvx.com]
2026-05-09 03:20:37: ◇ injected env (3) from .env // tip: ◈ secrets for agents [www.dotenvx.com]
2026-05-09 03:20:38: ◇ injected env (3) from .env // tip: ◈ encrypted .env [www.dotenvx.com]
2026-05-09 03:20:39: ◇ injected env (3) from .env // tip: ◈ secrets for agents [www.dotenvx.com]
2026-05-09 03:20:40: ◇ injected env (3) from .env // tip: ⌘ override existing { override: true }
2026-05-09 03:20:41: ◇ injected env (3) from .env // tip: ⌘ suppress logs { quiet: true }
2026-05-09 03:20:42: ◇ injected env (3) from .env // tip: ⌘ enable debugging { debug: true }
2026-05-09 03:20:43: ◇ injected env (3) from .env // tip: ⌘ custom filepath { path: '/custom/path/.env' }
2026-05-09 03:20:44: ◇ injected env (3) from .env // tip: ⌘ custom filepath { path: '/custom/path/.env' }
2026-05-09 03:20:46: ◇ injected env (3) from .env // tip: ⌘ override existing { override: true }
2026-05-09 03:20:47: ◇ injected env (3) from .env // tip: ⌁ auth for agents [www.vestauth.com]
2026-05-09 03:20:48: ◇ injected env (3) from .env // tip: ◈ encrypted .env [www.dotenvx.com]
2026-05-09 03:20:49: ◇ injected env (3) from .env // tip: ⌘ multiple files { path: ['.env.local', '.env'] }
2026-05-09 03:20:50: ◇ injected env (3) from .env // tip: ⌘ override existing { override: true }
2026-05-09 03:20:51: ◇ injected env (3) from .env // tip: ⌘ enable debugging { debug: true }
2026-05-09 03:20:52: ◇ injected env (3) from .env // tip: ⌘ custom filepath { path: '/custom/path/.env' }
2026-05-09 03:20:53: ◇ injected env (3) from .env // tip: ⌘ custom filepath { path: '/custom/path/.env' }
2026-05-09 03:20:54: ◇ injected env (3) from .env // tip: ⌘ override existing { override: true }
2026-05-09 03:20:55: ◇ injected env (3) from .env // tip: ⌘ multiple files { path: ['.env.local', '.env'] }
2026-05-09 03:20:56: ◇ injected env (3) from .env // tip: ⌘ custom filepath { path: '/custom/path/.env' }
2026-05-09 03:20:57: ◇ injected env (3) from .env // tip: ⌘ multiple files { path: ['.env.local', '.env'] }
2026-05-09 03:20:58: ◇ injected env (3) from .env // tip: ⌁ auth for agents [www.vestauth.com]
2026-05-09 03:20:59: ◇ injected env (3) from .env // tip: ⌘ suppress logs { quiet: true }
2026-05-09 03:21:00: ◇ injected env (3) from .env // tip: ⌘ enable debugging { debug: true }
2026-05-09 03:21:02: ◇ injected env (3) from .env // tip: ◈ secrets for agents [www.dotenvx.com]
2026-05-09 03:21:03: ◇ injected env (3) from .env // tip: ◈ encrypted .env [www.dotenvx.com]
2026-05-09 03:21:04: ◇ injected env (3) from .env // tip: ⌘ override existing { override: true }
2026-05-09 03:21:05: ◇ injected env (3) from .env // tip: ◈ encrypted .env [www.dotenvx.com]
2026-05-09 03:21:06: ◇ injected env (3) from .env // tip: ⌘ custom filepath { path: '/custom/path/.env' }
2026-05-09 03:21:07: ◇ injected env (3) from .env // tip: ⌁ auth for agents [www.vestauth.com]
2026-05-09 03:21:08: ◇ injected env (3) from .env // tip: ◈ secrets for agents [www.dotenvx.com]
2026-05-09 03:21:09: ◇ injected env (3) from .env // tip: ⌘ suppress logs { quiet: true }
2026-05-09 03:21:10: ◇ injected env (3) from .env // tip: ⌘ multiple files { path: ['.env.local', '.env'] }
2026-05-09 03:21:11: ◇ injected env (3) from .env // tip: ◈ encrypted .env [www.dotenvx.com]
2026-05-09 03:21:12: ◇ injected env (3) from .env // tip: ⌁ auth for agents [www.vestauth.com]
2026-05-09 03:21:13: ◇ injected env (3) from .env // tip: ◈ encrypted .env [www.dotenvx.com]
2026-05-09 03:21:14: ◇ injected env (3) from .env // tip: ⌘ suppress logs { quiet: true }
2026-05-09 03:21:15: ◇ injected env (3) from .env // tip: ⌘ enable debugging { debug: true }
2026-05-09 03:21:17: ◇ injected env (3) from .env // tip: ⌘ multiple files { path: ['.env.local', '.env'] }
2026-05-09 03:21:18: ◇ injected env (3) from .env // tip: ⌘ suppress logs { quiet: true }
2026-05-09 03:21:19: ◇ injected env (3) from .env // tip: ⌁ auth for agents [www.vestauth.com]
2026-05-09 03:21:20: ◇ injected env (3) from .env // tip: ⌘ custom filepath { path: '/custom/path/.env' }
2026-05-09 03:21:21: ◇ injected env (3) from .env // tip: ◈ secrets for agents [www.dotenvx.com]
2026-05-09 03:21:22: ◇ injected env (3) from .env // tip: ◈ secrets for agents [www.dotenvx.com]
2026-05-09 03:21:23: ◇ injected env (3) from .env // tip: ⌘ suppress logs { quiet: true }
2026-05-09 03:21:24: ◇ injected env (3) from .env // tip: ◈ encrypted .env [www.dotenvx.com]
2026-05-09 03:21:25: ◇ injected env (3) from .env // tip: ◈ encrypted .env [www.dotenvx.com]
2026-05-09 03:21:26: ◇ injected env (3) from .env // tip: ⌘ suppress logs { quiet: true }
2026-05-09 03:21:27: ◇ injected env (3) from .env // tip: ◈ secrets for agents [www.dotenvx.com]
2026-05-09 03:21:28: ◇ injected env (3) from .env // tip: ⌘ custom filepath { path: '/custom/path/.env' }
2026-05-09 03:21:29: ◇ injected env (3) from .env // tip: ⌘ custom filepath { path: '/custom/path/.env' }
2026-05-09 03:21:30: ◇ injected env (3) from .env // tip: ⌘ override existing { override: true }
2026-05-09 03:21:32: ◇ injected env (3) from .env // tip: ⌁ auth for agents [www.vestauth.com]
2026-05-09 03:21:33: ◇ injected env (3) from .env // tip: ⌘ enable debugging { debug: true }
2026-05-09 03:21:34: ◇ injected env (3) from .env // tip: ⌘ enable debugging { debug: true }
2026-05-09 03:21:35: ◇ injected env (3) from .env // tip: ⌘ multiple files { path: ['.env.local', '.env'] }
2026-05-09 03:21:36: ◇ injected env (3) from .env // tip: ⌘ custom filepath { path: '/custom/path/.env' }
2026-05-09 03:21:37: ◇ injected env (3) from .env // tip: ⌘ multiple files { path: ['.env.local', '.env'] }
2026-05-09 03:21:38: ◇ injected env (3) from .env // tip: ⌘ enable debugging { debug: true }
2026-05-09 03:21:39: ◇ injected env (3) from .env // tip: ⌘ override existing { override: true }
2026-05-09 03:21:40: ◇ injected env (3) from .env // tip: ⌘ override existing { override: true }
2026-05-09 03:21:41: ◇ injected env (3) from .env // tip: ⌘ custom filepath { path: '/custom/path/.env' }
2026-05-09 03:21:42: ◇ injected env (3) from .env // tip: ⌘ override existing { override: true }
2026-05-09 03:21:43: ◇ injected env (3) from .env // tip: ⌁ auth for agents [www.vestauth.com]
2026-05-09 03:21:44: ◇ injected env (3) from .env // tip: ◈ secrets for agents [www.dotenvx.com]
2026-05-09 03:21:45: ◇ injected env (3) from .env // tip: ◈ encrypted .env [www.dotenvx.com]
2026-05-09 03:21:46: ◇ injected env (3) from .env // tip: ⌘ custom filepath { path: '/custom/path/.env' }
2026-05-09 03:21:48: ◇ injected env (3) from .env // tip: ◈ secrets for agents [www.dotenvx.com]
2026-05-09 03:21:49: ◇ injected env (3) from .env // tip: ⌘ multiple files { path: ['.env.local', '.env'] }
2026-05-09 03:21:50: ◇ injected env (3) from .env // tip: ⌘ enable debugging { debug: true }
2026-05-09 03:21:51: ◇ injected env (3) from .env // tip: ◈ encrypted .env [www.dotenvx.com]
2026-05-09 03:21:52: ◇ injected env (3) from .env // tip: ⌘ override existing { override: true }
2026-05-09 03:21:53: ◇ injected env (3) from .env // tip: ⌘ multiple files { path: ['.env.local', '.env'] }
2026-05-09 03:21:54: ◇ injected env (3) from .env // tip: ◈ encrypted .env [www.dotenvx.com]
2026-05-09 03:21:55: ◇ injected env (3) from .env // tip: ◈ secrets for agents [www.dotenvx.com]
2026-05-09 03:21:56: ◇ injected env (3) from .env // tip: ⌘ enable debugging { debug: true }
2026-05-09 03:21:57: ◇ injected env (3) from .env // tip: ◈ encrypted .env [www.dotenvx.com]
2026-05-09 03:21:58: ◇ injected env (3) from .env // tip: ⌘ override existing { override: true }
2026-05-09 03:21:59: ◇ injected env (3) from .env // tip: ⌘ custom filepath { path: '/custom/path/.env' }
2026-05-09 03:22:00: ◇ injected env (3) from .env // tip: ⌘ enable debugging { debug: true }
2026-05-09 03:22:01: ◇ injected env (3) from .env // tip: ⌘ enable debugging { debug: true }
2026-05-09 03:22:03: ◇ injected env (3) from .env // tip: ⌁ auth for agents [www.vestauth.com]
2026-05-09 03:22:04: ◇ injected env (3) from .env // tip: ⌘ override existing { override: true }
2026-05-09 03:22:05: ◇ injected env (3) from .env // tip: ⌘ multiple files { path: ['.env.local', '.env'] }
2026-05-09 03:22:06: ◇ injected env (3) from .env // tip: ⌁ auth for agents [www.vestauth.com]
2026-05-09 03:22:07: ◇ injected env (3) from .env // tip: ◈ secrets for agents [www.dotenvx.com]
2026-05-09 03:22:08: ◇ injected env (3) from .env // tip: ⌁ auth for agents [www.vestauth.com]
2026-05-09 03:22:09: ◇ injected env (3) from .env // tip: ⌘ enable debugging { debug: true }
2026-05-09 03:22:10: ◇ injected env (3) from .env // tip: ⌘ override existing { override: true }
2026-05-09 03:22:11: ◇ injected env (3) from .env // tip: ⌘ multiple files { path: ['.env.local', '.env'] }
2026-05-09 03:22:12: ◇ injected env (3) from .env // tip: ⌘ override existing { override: true }
2026-05-09 03:22:13: ◇ injected env (3) from .env // tip: ⌘ suppress logs { quiet: true }
2026-05-09 03:22:14: ◇ injected env (3) from .env // tip: ⌘ override existing { override: true }
2026-05-09 03:22:15: ◇ injected env (3) from .env // tip: ⌘ suppress logs { quiet: true }
2026-05-09 03:22:16: ◇ injected env (3) from .env // tip: ⌘ override existing { override: true }
2026-05-09 03:22:17: ◇ injected env (3) from .env // tip: ⌘ suppress logs { quiet: true }
2026-05-09 03:22:18: ◇ injected env (3) from .env // tip: ⌘ enable debugging { debug: true }
2026-05-09 03:22:20: ◇ injected env (3) from .env // tip: ◈ encrypted .env [www.dotenvx.com]
2026-05-09 03:22:21: ◇ injected env (3) from .env // tip: ⌘ suppress logs { quiet: true }
2026-05-09 03:22:22: ◇ injected env (3) from .env // tip: ⌘ suppress logs { quiet: true }
2026-05-09 03:22:23: ◇ injected env (3) from .env // tip: ◈ secrets for agents [www.dotenvx.com]
2026-05-09 03:22:24: ◇ injected env (3) from .env // tip: ⌘ custom filepath { path: '/custom/path/.env' }
2026-05-09 03:22:25: ◇ injected env (3) from .env // tip: ◈ encrypted .env [www.dotenvx.com]
2026-05-09 03:22:26: ◇ injected env (3) from .env // tip: ⌘ custom filepath { path: '/custom/path/.env' }
2026-05-09 03:22:27: ◇ injected env (3) from .env // tip: ⌁ auth for agents [www.vestauth.com]
2026-05-09 03:22:28: ◇ injected env (3) from .env // tip: ⌘ override existing { override: true }
2026-05-09 03:22:29: ◇ injected env (3) from .env // tip: ⌘ suppress logs { quiet: true }
2026-05-09 03:22:30: ◇ injected env (3) from .env // tip: ⌘ enable debugging { debug: true }
2026-05-09 03:22:31: ◇ injected env (3) from .env // tip: ◈ encrypted .env [www.dotenvx.com]
2026-05-09 03:22:32: ◇ injected env (3) from .env // tip: ◈ encrypted .env [www.dotenvx.com]
2026-05-09 03:22:33: ◇ injected env (3) from .env // tip: ⌁ auth for agents [www.vestauth.com]
2026-05-09 03:22:34: ◇ injected env (3) from .env // tip: ⌘ custom filepath { path: '/custom/path/.env' }
2026-05-09 03:22:36: ◇ injected env (3) from .env // tip: ⌘ multiple files { path: ['.env.local', '.env'] }
2026-05-09 03:22:37: ◇ injected env (3) from .env // tip: ⌘ custom filepath { path: '/custom/path/.env' }
2026-05-09 03:22:38: ◇ injected env (3) from .env // tip: ⌘ override existing { override: true }
2026-05-09 03:22:39: ◇ injected env (3) from .env // tip: ◈ encrypted .env [www.dotenvx.com]
2026-05-09 03:22:40: ◇ injected env (3) from .env // tip: ⌘ custom filepath { path: '/custom/path/.env' }
2026-05-09 03:22:41: ◇ injected env (3) from .env // tip: ⌘ enable debugging { debug: true }
2026-05-09 03:22:42: ◇ injected env (3) from .env // tip: ◈ secrets for agents [www.dotenvx.com]
2026-05-09 03:22:43: ◇ injected env (3) from .env // tip: ⌘ enable debugging { debug: true }
2026-05-09 03:22:44: ◇ injected env (3) from .env // tip: ◈ secrets for agents [www.dotenvx.com]
2026-05-09 03:22:45: ◇ injected env (3) from .env // tip: ⌘ suppress logs { quiet: true }
2026-05-09 03:22:46: ◇ injected env (3) from .env // tip: ⌘ multiple files { path: ['.env.local', '.env'] }
2026-05-09 03:22:47: ◇ injected env (3) from .env // tip: ⌘ multiple files { path: ['.env.local', '.env'] }
2026-05-09 03:22:48: ◇ injected env (3) from .env // tip: ◈ encrypted .env [www.dotenvx.com]
2026-05-09 03:22:49: ◇ injected env (3) from .env // tip: ◈ secrets for agents [www.dotenvx.com]
2026-05-09 03:22:50: ◇ injected env (3) from .env // tip: ◈ encrypted .env [www.dotenvx.com]
2026-05-09 03:22:51: ◇ injected env (3) from .env // tip: ⌘ suppress logs { quiet: true }
2026-05-09 03:22:52: ◇ injected env (3) from .env // tip: ⌘ multiple files { path: ['.env.local', '.env'] }
2026-05-09 03:22:54: ◇ injected env (3) from .env // tip: ◈ secrets for agents [www.dotenvx.com]
2026-05-09 03:22:55: ◇ injected env (3) from .env // tip: ⌘ enable debugging { debug: true }
2026-05-09 03:22:56: ◇ injected env (3) from .env // tip: ⌘ suppress logs { quiet: true }
2026-05-09 03:22:57: ◇ injected env (3) from .env // tip: ⌘ enable debugging { debug: true }
2026-05-09 03:22:58: ◇ injected env (3) from .env // tip: ⌘ multiple files { path: ['.env.local', '.env'] }
2026-05-09 03:22:59: ◇ injected env (3) from .env // tip: ⌘ enable debugging { debug: true }
2026-05-09 03:23:00: ◇ injected env (3) from .env // tip: ⌘ multiple files { path: ['.env.local', '.env'] }
2026-05-09 03:23:01: ◇ injected env (3) from .env // tip: ⌁ auth for agents [www.vestauth.com]
2026-05-09 03:23:02: ◇ injected env (3) from .env // tip: ⌁ auth for agents [www.vestauth.com]
2026-05-09 03:23:03: ◇ injected env (3) from .env // tip: ◈ encrypted .env [www.dotenvx.com]
2026-05-09 03:23:04: ◇ injected env (3) from .env // tip: ◈ secrets for agents [www.dotenvx.com]
2026-05-09 03:23:05: ◇ injected env (3) from .env // tip: ⌘ override existing { override: true }
2026-05-09 03:23:06: ◇ injected env (3) from .env // tip: ⌘ suppress logs { quiet: true }
2026-05-09 03:23:07: ◇ injected env (3) from .env // tip: ⌘ suppress logs { quiet: true }
2026-05-09 03:23:08: ◇ injected env (3) from .env // tip: ⌁ auth for agents [www.vestauth.com]
2026-05-09 03:23:10: ◇ injected env (3) from .env // tip: ◈ secrets for agents [www.dotenvx.com]
2026-05-09 03:23:11: ◇ injected env (3) from .env // tip: ⌘ enable debugging { debug: true }
2026-05-09 03:23:12: ◇ injected env (3) from .env // tip: ⌘ suppress logs { quiet: true }
2026-05-09 03:23:13: ◇ injected env (3) from .env // tip: ⌘ enable debugging { debug: true }
2026-05-09 03:23:14: ◇ injected env (3) from .env // tip: ⌘ custom filepath { path: '/custom/path/.env' }
2026-05-09 03:23:15: ◇ injected env (3) from .env // tip: ◈ encrypted .env [www.dotenvx.com]
2026-05-09 03:23:16: ◇ injected env (3) from .env // tip: ⌘ enable debugging { debug: true }
2026-05-09 03:23:17: ◇ injected env (3) from .env // tip: ⌘ custom filepath { path: '/custom/path/.env' }
2026-05-09 03:23:18: ◇ injected env (3) from .env // tip: ⌁ auth for agents [www.vestauth.com]
2026-05-09 03:23:19: ◇ injected env (3) from .env // tip: ◈ secrets for agents [www.dotenvx.com]
2026-05-09 03:23:20: ◇ injected env (3) from .env // tip: ◈ secrets for agents [www.dotenvx.com]
2026-05-09 03:23:21: ◇ injected env (3) from .env // tip: ⌘ override existing { override: true }
2026-05-09 03:23:22: ◇ injected env (3) from .env // tip: ⌘ override existing { override: true }
2026-05-09 03:23:23: ◇ injected env (3) from .env // tip: ⌘ multiple files { path: ['.env.local', '.env'] }
2026-05-09 03:23:24: ◇ injected env (3) from .env // tip: ⌘ custom filepath { path: '/custom/path/.env' }
2026-05-09 03:23:25: ◇ injected env (3) from .env // tip: ⌘ custom filepath { path: '/custom/path/.env' }
2026-05-09 03:23:27: ◇ injected env (3) from .env // tip: ⌁ auth for agents [www.vestauth.com]
2026-05-09 03:23:28: ◇ injected env (3) from .env // tip: ⌘ enable debugging { debug: true }
2026-05-09 03:23:29: ◇ injected env (3) from .env // tip: ⌘ multiple files { path: ['.env.local', '.env'] }
2026-05-09 03:23:30: ◇ injected env (3) from .env // tip: ⌘ suppress logs { quiet: true }
2026-05-09 03:23:31: ◇ injected env (3) from .env // tip: ⌘ custom filepath { path: '/custom/path/.env' }
2026-05-09 03:23:32: ◇ injected env (3) from .env // tip: ⌘ enable debugging { debug: true }
2026-05-09 03:23:33: ◇ injected env (3) from .env // tip: ⌘ multiple files { path: ['.env.local', '.env'] }
2026-05-09 03:23:34: ◇ injected env (3) from .env // tip: ⌘ multiple files { path: ['.env.local', '.env'] }
2026-05-09 03:23:35: ◇ injected env (3) from .env // tip: ◈ secrets for agents [www.dotenvx.com]
2026-05-09 03:23:36: ◇ injected env (3) from .env // tip: ◈ secrets for agents [www.dotenvx.com]
2026-05-09 03:23:37: ◇ injected env (3) from .env // tip: ◈ encrypted .env [www.dotenvx.com]
2026-05-09 03:23:38: ◇ injected env (3) from .env // tip: ⌁ auth for agents [www.vestauth.com]
2026-05-09 03:23:39: ◇ injected env (3) from .env // tip: ⌘ multiple files { path: ['.env.local', '.env'] }
2026-05-09 03:23:40: ◇ injected env (3) from .env // tip: ⌘ custom filepath { path: '/custom/path/.env' }
2026-05-09 03:23:42: ◇ injected env (3) from .env // tip: ⌘ override existing { override: true }
2026-05-09 03:23:43: ◇ injected env (3) from .env // tip: ◈ encrypted .env [www.dotenvx.com]
2026-05-09 03:23:44: ◇ injected env (3) from .env // tip: ⌘ override existing { override: true }
2026-05-09 03:23:45: ◇ injected env (3) from .env // tip: ⌘ enable debugging { debug: true }
2026-05-09 03:23:46: ◇ injected env (3) from .env // tip: ⌘ override existing { override: true }
2026-05-09 03:23:47: ◇ injected env (3) from .env // tip: ⌁ auth for agents [www.vestauth.com]
2026-05-09 03:23:48: ◇ injected env (3) from .env // tip: ⌘ suppress logs { quiet: true }
2026-05-09 03:23:49: ◇ injected env (3) from .env // tip: ⌘ custom filepath { path: '/custom/path/.env' }
2026-05-09 03:23:50: ◇ injected env (3) from .env // tip: ⌘ multiple files { path: ['.env.local', '.env'] }
2026-05-09 03:23:51: ◇ injected env (3) from .env // tip: ⌘ custom filepath { path: '/custom/path/.env' }
2026-05-09 03:23:52: ◇ injected env (3) from .env // tip: ◈ secrets for agents [www.dotenvx.com]
2026-05-09 03:23:53: ◇ injected env (3) from .env // tip: ⌘ custom filepath { path: '/custom/path/.env' }
2026-05-09 03:23:54: ◇ injected env (3) from .env // tip: ⌘ enable debugging { debug: true }
2026-05-09 03:23:56: ◇ injected env (3) from .env // tip: ⌘ custom filepath { path: '/custom/path/.env' }
2026-05-09 03:23:57: ◇ injected env (3) from .env // tip: ⌘ multiple files { path: ['.env.local', '.env'] }
2026-05-09 03:23:58: ◇ injected env (3) from .env // tip: ⌘ enable debugging { debug: true }
2026-05-09 03:23:59: ◇ injected env (3) from .env // tip: ⌁ auth for agents [www.vestauth.com]
2026-05-09 03:24:00: ◇ injected env (3) from .env // tip: ⌘ override existing { override: true }
2026-05-09 03:24:01: ◇ injected env (3) from .env // tip: ⌘ override existing { override: true }
2026-05-09 03:24:02: ◇ injected env (3) from .env // tip: ⌘ multiple files { path: ['.env.local', '.env'] }
2026-05-09 03:24:03: ◇ injected env (3) from .env // tip: ◈ encrypted .env [www.dotenvx.com]
2026-05-09 03:24:04: ◇ injected env (3) from .env // tip: ◈ encrypted .env [www.dotenvx.com]
2026-05-09 03:24:05: ◇ injected env (3) from .env // tip: ⌁ auth for agents [www.vestauth.com]
2026-05-09 03:24:06: ◇ injected env (3) from .env // tip: ⌘ custom filepath { path: '/custom/path/.env' }
2026-05-09 03:24:07: ◇ injected env (3) from .env // tip: ⌘ suppress logs { quiet: true }
2026-05-09 03:24:08: ◇ injected env (3) from .env // tip: ◈ secrets for agents [www.dotenvx.com]
2026-05-09 03:24:10: ◇ injected env (3) from .env // tip: ⌘ override existing { override: true }
2026-05-09 03:24:11: ◇ injected env (3) from .env // tip: ⌘ override existing { override: true }
2026-05-09 03:24:12: ◇ injected env (3) from .env // tip: ⌘ enable debugging { debug: true }
2026-05-09 03:24:13: ◇ injected env (3) from .env // tip: ◈ encrypted .env [www.dotenvx.com]
2026-05-09 03:24:14: ◇ injected env (3) from .env // tip: ⌁ auth for agents [www.vestauth.com]
2026-05-09 03:24:15: ◇ injected env (3) from .env // tip: ◈ secrets for agents [www.dotenvx.com]
2026-05-09 03:24:16: ◇ injected env (3) from .env // tip: ◈ encrypted .env [www.dotenvx.com]
2026-05-09 03:24:17: ◇ injected env (3) from .env // tip: ⌘ suppress logs { quiet: true }
2026-05-09 03:24:18: ◇ injected env (3) from .env // tip: ⌘ suppress logs { quiet: true }
2026-05-09 03:24:19: ◇ injected env (3) from .env // tip: ⌘ enable debugging { debug: true }
2026-05-09 03:24:20: ◇ injected env (3) from .env // tip: ⌘ custom filepath { path: '/custom/path/.env' }
2026-05-09 03:24:21: ◇ injected env (3) from .env // tip: ⌘ override existing { override: true }
2026-05-09 03:24:22: ◇ injected env (3) from .env // tip: ⌘ multiple files { path: ['.env.local', '.env'] }
2026-05-09 03:24:23: ◇ injected env (3) from .env // tip: ⌘ suppress logs { quiet: true }
2026-05-09 03:24:24: ◇ injected env (3) from .env // tip: ⌘ multiple files { path: ['.env.local', '.env'] }
2026-05-09 03:24:26: ◇ injected env (3) from .env // tip: ⌘ custom filepath { path: '/custom/path/.env' }
2026-05-09 03:24:27: ◇ injected env (3) from .env // tip: ⌘ custom filepath { path: '/custom/path/.env' }
2026-05-09 03:24:28: ◇ injected env (3) from .env // tip: ⌁ auth for agents [www.vestauth.com]
2026-05-09 03:24:29: ◇ injected env (3) from .env // tip: ⌁ auth for agents [www.vestauth.com]
2026-05-09 03:24:30: ◇ injected env (3) from .env // tip: ⌘ custom filepath { path: '/custom/path/.env' }
2026-05-09 03:24:31: ◇ injected env (3) from .env // tip: ◈ encrypted .env [www.dotenvx.com]
2026-05-09 03:24:32: ◇ injected env (3) from .env // tip: ⌁ auth for agents [www.vestauth.com]
2026-05-09 03:24:33: ◇ injected env (3) from .env // tip: ⌘ enable debugging { debug: true }
2026-05-09 03:24:34: ◇ injected env (3) from .env // tip: ⌘ suppress logs { quiet: true }
2026-05-09 03:24:35: ◇ injected env (3) from .env // tip: ◈ encrypted .env [www.dotenvx.com]
2026-05-09 03:24:36: ◇ injected env (3) from .env // tip: ⌘ enable debugging { debug: true }
2026-05-09 03:24:37: ◇ injected env (3) from .env // tip: ◈ encrypted .env [www.dotenvx.com]
2026-05-09 03:24:38: ◇ injected env (3) from .env // tip: ◈ encrypted .env [www.dotenvx.com]
2026-05-09 03:24:39: ◇ injected env (3) from .env // tip: ◈ encrypted .env [www.dotenvx.com]
2026-05-09 03:24:40: ◇ injected env (3) from .env // tip: ◈ secrets for agents [www.dotenvx.com]
2026-05-09 03:24:42: ◇ injected env (3) from .env // tip: ⌘ custom filepath { path: '/custom/path/.env' }
2026-05-09 03:24:43: ◇ injected env (3) from .env // tip: ⌘ custom filepath { path: '/custom/path/.env' }
2026-05-09 03:24:44: ◇ injected env (3) from .env // tip: ⌁ auth for agents [www.vestauth.com]
2026-05-09 03:24:45: ◇ injected env (3) from .env // tip: ⌘ suppress logs { quiet: true }
2026-05-09 03:24:46: ◇ injected env (3) from .env // tip: ⌁ auth for agents [www.vestauth.com]
2026-05-09 03:24:47: ◇ injected env (3) from .env // tip: ◈ encrypted .env [www.dotenvx.com]
2026-05-09 03:24:48: ◇ injected env (3) from .env // tip: ◈ secrets for agents [www.dotenvx.com]
2026-05-09 03:24:49: ◇ injected env (3) from .env // tip: ◈ encrypted .env [www.dotenvx.com]
2026-05-09 03:24:50: ◇ injected env (3) from .env // tip: ⌁ auth for agents [www.vestauth.com]
2026-05-09 03:24:51: ◇ injected env (3) from .env // tip: ⌘ override existing { override: true }
2026-05-09 03:24:52: ◇ injected env (3) from .env // tip: ⌘ override existing { override: true }
2026-05-09 03:24:53: ◇ injected env (3) from .env // tip: ⌘ custom filepath { path: '/custom/path/.env' }
2026-05-09 03:24:54: ◇ injected env (3) from .env // tip: ⌘ custom filepath { path: '/custom/path/.env' }
2026-05-09 03:24:55: ◇ injected env (3) from .env // tip: ⌘ multiple files { path: ['.env.local', '.env'] }
2026-05-09 03:24:56: ◇ injected env (3) from .env // tip: ⌘ suppress logs { quiet: true }
2026-05-09 03:24:58: ◇ injected env (3) from .env // tip: ◈ encrypted .env [www.dotenvx.com]
2026-05-09 03:24:59: ◇ injected env (3) from .env // tip: ⌘ custom filepath { path: '/custom/path/.env' }
2026-05-09 03:25:00: ◇ injected env (3) from .env // tip: ⌘ custom filepath { path: '/custom/path/.env' }
2026-05-09 03:25:01: ◇ injected env (3) from .env // tip: ⌘ multiple files { path: ['.env.local', '.env'] }
2026-05-09 03:25:02: ◇ injected env (3) from .env // tip: ⌘ multiple files { path: ['.env.local', '.env'] }
2026-05-09 03:25:03: ◇ injected env (3) from .env // tip: ⌘ custom filepath { path: '/custom/path/.env' }
2026-05-09 03:25:04: ◇ injected env (3) from .env // tip: ◈ encrypted .env [www.dotenvx.com]
2026-05-09 03:25:05: ◇ injected env (3) from .env // tip: ◈ encrypted .env [www.dotenvx.com]
2026-05-09 03:25:06: ◇ injected env (3) from .env // tip: ◈ encrypted .env [www.dotenvx.com]
2026-05-09 03:25:07: ◇ injected env (3) from .env // tip: ⌘ enable debugging { debug: true }
2026-05-09 03:25:08: ◇ injected env (3) from .env // tip: ⌘ suppress logs { quiet: true }
2026-05-09 03:25:09: ◇ injected env (3) from .env // tip: ◈ encrypted .env [www.dotenvx.com]
2026-05-09 03:25:10: ◇ injected env (3) from .env // tip: ⌁ auth for agents [www.vestauth.com]
2026-05-09 03:25:11: ◇ injected env (3) from .env // tip: ⌘ override existing { override: true }
2026-05-09 03:25:13: ◇ injected env (3) from .env // tip: ⌁ auth for agents [www.vestauth.com]
2026-05-09 03:25:14: ◇ injected env (3) from .env // tip: ⌁ auth for agents [www.vestauth.com]
2026-05-09 03:25:15: ◇ injected env (3) from .env // tip: ⌘ override existing { override: true }
2026-05-09 03:25:16: ◇ injected env (3) from .env // tip: ⌘ enable debugging { debug: true }
2026-05-09 03:25:17: ◇ injected env (3) from .env // tip: ⌘ suppress logs { quiet: true }
2026-05-09 03:25:18: ◇ injected env (3) from .env // tip: ◈ encrypted .env [www.dotenvx.com]
2026-05-09 03:25:19: ◇ injected env (3) from .env // tip: ⌘ override existing { override: true }
2026-05-09 03:25:20: ◇ injected env (3) from .env // tip: ◈ encrypted .env [www.dotenvx.com]
2026-05-09 03:25:21: ◇ injected env (3) from .env // tip: ◈ encrypted .env [www.dotenvx.com]
2026-05-09 03:25:22: ◇ injected env (3) from .env // tip: ◈ secrets for agents [www.dotenvx.com]
2026-05-09 03:25:23: ◇ injected env (3) from .env // tip: ⌁ auth for agents [www.vestauth.com]
2026-05-09 03:25:25: ◇ injected env (3) from .env // tip: ⌘ custom filepath { path: '/custom/path/.env' }
2026-05-09 03:25:26: ◇ injected env (3) from .env // tip: ⌘ enable debugging { debug: true }
2026-05-09 03:25:27: ◇ injected env (3) from .env // tip: ◈ secrets for agents [www.dotenvx.com]
2026-05-09 03:25:28: ◇ injected env (3) from .env // tip: ◈ encrypted .env [www.dotenvx.com]
2026-05-09 03:25:29: ◇ injected env (3) from .env // tip: ⌘ multiple files { path: ['.env.local', '.env'] }
2026-05-09 03:25:30: ◇ injected env (3) from .env // tip: ⌘ custom filepath { path: '/custom/path/.env' }
2026-05-09 03:25:31: ◇ injected env (3) from .env // tip: ⌘ override existing { override: true }
2026-05-09 03:25:32: ◇ injected env (3) from .env // tip: ⌘ multiple files { path: ['.env.local', '.env'] }
2026-05-09 03:25:33: ◇ injected env (3) from .env // tip: ◈ secrets for agents [www.dotenvx.com]
2026-05-09 03:25:34: ◇ injected env (3) from .env // tip: ⌁ auth for agents [www.vestauth.com]
2026-05-09 03:25:35: ◇ injected env (3) from .env // tip: ⌘ enable debugging { debug: true }
2026-05-09 03:25:36: ◇ injected env (3) from .env // tip: ⌘ custom filepath { path: '/custom/path/.env' }
2026-05-09 03:25:38: ◇ injected env (3) from .env // tip: ◈ secrets for agents [www.dotenvx.com]
2026-05-09 03:25:39: ◇ injected env (3) from .env // tip: ⌘ enable debugging { debug: true }
2026-05-09 03:25:40: ◇ injected env (3) from .env // tip: ⌘ override existing { override: true }
2026-05-09 03:25:41: ◇ injected env (3) from .env // tip: ⌘ enable debugging { debug: true }
2026-05-09 03:25:42: ◇ injected env (3) from .env // tip: ⌘ multiple files { path: ['.env.local', '.env'] }
2026-05-09 03:25:43: ◇ injected env (3) from .env // tip: ⌘ multiple files { path: ['.env.local', '.env'] }
2026-05-09 03:25:44: ◇ injected env (3) from .env // tip: ⌘ suppress logs { quiet: true }
2026-05-09 03:25:45: ◇ injected env (3) from .env // tip: ⌘ suppress logs { quiet: true }
2026-05-09 03:25:46: ◇ injected env (3) from .env // tip: ⌘ enable debugging { debug: true }
2026-05-09 03:25:48: ◇ injected env (3) from .env // tip: ⌘ override existing { override: true }
2026-05-09 03:25:49: ◇ injected env (3) from .env // tip: ◈ encrypted .env [www.dotenvx.com]
2026-05-09 03:25:50: ◇ injected env (3) from .env // tip: ◈ encrypted .env [www.dotenvx.com]
2026-05-09 03:25:51: ◇ injected env (3) from .env // tip: ⌘ override existing { override: true }
2026-05-09 03:25:52: ◇ injected env (3) from .env // tip: ⌘ suppress logs { quiet: true }
2026-05-09 03:25:53: ◇ injected env (3) from .env // tip: ⌘ multiple files { path: ['.env.local', '.env'] }
2026-05-09 03:25:54: ◇ injected env (3) from .env // tip: ⌘ custom filepath { path: '/custom/path/.env' }
2026-05-09 03:25:55: ◇ injected env (3) from .env // tip: ⌘ override existing { override: true }
2026-05-09 03:25:56: ◇ injected env (3) from .env // tip: ⌘ multiple files { path: ['.env.local', '.env'] }
2026-05-09 03:25:58: ◇ injected env (3) from .env // tip: ⌁ auth for agents [www.vestauth.com]
2026-05-09 03:25:59: ◇ injected env (3) from .env // tip: ◈ secrets for agents [www.dotenvx.com]
2026-05-09 03:26:00: ◇ injected env (3) from .env // tip: ⌘ enable debugging { debug: true }
2026-05-09 03:26:01: ◇ injected env (3) from .env // tip: ⌘ multiple files { path: ['.env.local', '.env'] }
2026-05-09 03:26:02: ◇ injected env (3) from .env // tip: ◈ encrypted .env [www.dotenvx.com]
2026-05-09 03:26:03: ◇ injected env (3) from .env // tip: ⌘ enable debugging { debug: true }
2026-05-09 03:26:04: ◇ injected env (3) from .env // tip: ◈ encrypted .env [www.dotenvx.com]
2026-05-09 03:26:05: ◇ injected env (3) from .env // tip: ⌘ custom filepath { path: '/custom/path/.env' }
2026-05-09 03:26:07: ◇ injected env (3) from .env // tip: ◈ secrets for agents [www.dotenvx.com]
2026-05-09 03:26:08: ◇ injected env (3) from .env // tip: ⌘ enable debugging { debug: true }
2026-05-09 03:26:09: ◇ injected env (3) from .env // tip: ⌘ custom filepath { path: '/custom/path/.env' }
2026-05-09 03:26:10: ◇ injected env (3) from .env // tip: ◈ secrets for agents [www.dotenvx.com]
2026-05-09 03:26:11: ◇ injected env (3) from .env // tip: ⌘ suppress logs { quiet: true }
2026-05-09 03:26:12: ◇ injected env (3) from .env // tip: ⌘ multiple files { path: ['.env.local', '.env'] }
2026-05-09 03:26:13: ◇ injected env (3) from .env // tip: ⌘ custom filepath { path: '/custom/path/.env' }
2026-05-09 03:26:14: ◇ injected env (3) from .env // tip: ⌘ enable debugging { debug: true }
2026-05-09 03:26:16: ◇ injected env (3) from .env // tip: ⌘ multiple files { path: ['.env.local', '.env'] }
2026-05-09 03:26:17: ◇ injected env (3) from .env // tip: ⌘ override existing { override: true }
2026-05-09 03:26:18: ◇ injected env (3) from .env // tip: ⌘ suppress logs { quiet: true }
2026-05-09 03:26:19: ◇ injected env (3) from .env // tip: ⌘ override existing { override: true }
2026-05-09 03:26:20: ◇ injected env (3) from .env // tip: ⌘ suppress logs { quiet: true }
2026-05-09 03:26:21: ◇ injected env (3) from .env // tip: ⌘ override existing { override: true }
2026-05-09 03:26:22: ◇ injected env (3) from .env // tip: ⌘ enable debugging { debug: true }
2026-05-09 03:26:23: ◇ injected env (3) from .env // tip: ⌘ enable debugging { debug: true }
2026-05-09 03:26:24: ◇ injected env (3) from .env // tip: ◈ secrets for agents [www.dotenvx.com]
2026-05-09 03:26:25: ◇ injected env (3) from .env // tip: ⌘ override existing { override: true }
2026-05-09 03:26:27: ◇ injected env (3) from .env // tip: ⌘ multiple files { path: ['.env.local', '.env'] }
2026-05-09 03:26:28: ◇ injected env (3) from .env // tip: ◈ secrets for agents [www.dotenvx.com]
2026-05-09 03:26:29: ◇ injected env (3) from .env // tip: ⌁ auth for agents [www.vestauth.com]
2026-05-09 03:26:30: ◇ injected env (3) from .env // tip: ⌘ enable debugging { debug: true }
2026-05-09 03:26:31: ◇ injected env (3) from .env // tip: ⌘ enable debugging { debug: true }
2026-05-09 03:26:32: ◇ injected env (3) from .env // tip: ⌘ override existing { override: true }
2026-05-09 03:26:33: ◇ injected env (3) from .env // tip: ⌘ enable debugging { debug: true }
2026-05-09 03:26:34: ◇ injected env (3) from .env // tip: ◈ secrets for agents [www.dotenvx.com]
2026-05-09 03:26:36: ◇ injected env (3) from .env // tip: ◈ encrypted .env [www.dotenvx.com]
2026-05-09 03:26:37: ◇ injected env (3) from .env // tip: ◈ encrypted .env [www.dotenvx.com]
2026-05-09 03:26:38: ◇ injected env (3) from .env // tip: ⌘ override existing { override: true }
2026-05-09 03:26:39: ◇ injected env (3) from .env // tip: ◈ encrypted .env [www.dotenvx.com]
2026-05-09 03:26:40: ◇ injected env (3) from .env // tip: ⌘ multiple files { path: ['.env.local', '.env'] }
2026-05-09 03:26:41: ◇ injected env (3) from .env // tip: ⌘ override existing { override: true }
2026-05-09 03:26:42: ◇ injected env (3) from .env // tip: ◈ encrypted .env [www.dotenvx.com]
2026-05-09 03:26:43: ◇ injected env (3) from .env // tip: ⌘ custom filepath { path: '/custom/path/.env' }
2026-05-09 03:26:44: ◇ injected env (3) from .env // tip: ⌁ auth for agents [www.vestauth.com]
2026-05-09 03:26:46: ◇ injected env (3) from .env // tip: ⌘ suppress logs { quiet: true }
2026-05-09 03:26:47: ◇ injected env (3) from .env // tip: ⌘ enable debugging { debug: true }
2026-05-09 03:26:48: ◇ injected env (3) from .env // tip: ⌁ auth for agents [www.vestauth.com]
2026-05-09 03:26:49: ◇ injected env (3) from .env // tip: ⌘ override existing { override: true }
2026-05-09 03:26:50: ◇ injected env (3) from .env // tip: ⌘ custom filepath { path: '/custom/path/.env' }
2026-05-09 03:26:51: ◇ injected env (3) from .env // tip: ⌘ enable debugging { debug: true }
2026-05-09 03:26:52: ◇ injected env (3) from .env // tip: ◈ secrets for agents [www.dotenvx.com]
2026-05-09 03:26:53: ◇ injected env (3) from .env // tip: ⌁ auth for agents [www.vestauth.com]
2026-05-09 03:26:54: ◇ injected env (3) from .env // tip: ⌘ suppress logs { quiet: true }
2026-05-09 03:26:55: ◇ injected env (3) from .env // tip: ◈ secrets for agents [www.dotenvx.com]
2026-05-09 03:26:57: ◇ injected env (3) from .env // tip: ⌘ custom filepath { path: '/custom/path/.env' }
2026-05-09 03:26:58: ◇ injected env (3) from .env // tip: ⌘ custom filepath { path: '/custom/path/.env' }
2026-05-09 03:26:59: ◇ injected env (3) from .env // tip: ⌘ suppress logs { quiet: true }
2026-05-09 03:27:00: ◇ injected env (3) from .env // tip: ⌘ enable debugging { debug: true }
2026-05-09 03:27:01: ◇ injected env (3) from .env // tip: ⌘ custom filepath { path: '/custom/path/.env' }
2026-05-09 03:27:02: ◇ injected env (3) from .env // tip: ⌘ override existing { override: true }
2026-05-09 03:27:03: ◇ injected env (3) from .env // tip: ⌘ override existing { override: true }
2026-05-09 03:27:04: ◇ injected env (3) from .env // tip: ⌘ suppress logs { quiet: true }
2026-05-09 03:27:06: ◇ injected env (3) from .env // tip: ⌘ multiple files { path: ['.env.local', '.env'] }
2026-05-09 03:27:07: ◇ injected env (3) from .env // tip: ⌘ custom filepath { path: '/custom/path/.env' }
2026-05-09 03:27:08: ◇ injected env (3) from .env // tip: ⌘ custom filepath { path: '/custom/path/.env' }
2026-05-09 03:27:09: ◇ injected env (3) from .env // tip: ⌁ auth for agents [www.vestauth.com]
2026-05-09 03:27:10: ◇ injected env (3) from .env // tip: ⌘ override existing { override: true }
2026-05-09 03:27:11: ◇ injected env (3) from .env // tip: ⌘ multiple files { path: ['.env.local', '.env'] }
2026-05-09 03:27:12: ◇ injected env (3) from .env // tip: ◈ encrypted .env [www.dotenvx.com]
2026-05-09 03:27:13: ◇ injected env (3) from .env // tip: ⌁ auth for agents [www.vestauth.com]
2026-05-09 03:27:14: ◇ injected env (3) from .env // tip: ◈ encrypted .env [www.dotenvx.com]
2026-05-09 03:27:16: ◇ injected env (3) from .env // tip: ⌘ override existing { override: true }
2026-05-09 03:27:17: ◇ injected env (3) from .env // tip: ⌁ auth for agents [www.vestauth.com]
2026-05-09 03:27:18: ◇ injected env (3) from .env // tip: ◈ encrypted .env [www.dotenvx.com]
2026-05-09 03:27:19: ◇ injected env (3) from .env // tip: ⌘ multiple files { path: ['.env.local', '.env'] }
2026-05-09 03:27:20: ◇ injected env (3) from .env // tip: ⌘ multiple files { path: ['.env.local', '.env'] }
2026-05-09 03:27:21: ◇ injected env (3) from .env // tip: ⌘ enable debugging { debug: true }
2026-05-09 03:27:22: ◇ injected env (3) from .env // tip: ◈ encrypted .env [www.dotenvx.com]
2026-05-09 03:27:23: ◇ injected env (3) from .env // tip: ⌘ custom filepath { path: '/custom/path/.env' }
2026-05-09 03:27:24: ◇ injected env (3) from .env // tip: ◈ secrets for agents [www.dotenvx.com]
2026-05-09 03:27:26: ◇ injected env (3) from .env // tip: ⌘ enable debugging { debug: true }
2026-05-09 03:27:27: ◇ injected env (3) from .env // tip: ⌁ auth for agents [www.vestauth.com]
2026-05-09 03:27:28: ◇ injected env (3) from .env // tip: ⌘ custom filepath { path: '/custom/path/.env' }
2026-05-09 03:27:29: ◇ injected env (3) from .env // tip: ⌘ custom filepath { path: '/custom/path/.env' }
2026-05-09 03:27:30: ◇ injected env (3) from .env // tip: ⌘ custom filepath { path: '/custom/path/.env' }
2026-05-09 03:27:31: ◇ injected env (3) from .env // tip: ⌘ override existing { override: true }
2026-05-09 03:27:32: ◇ injected env (3) from .env // tip: ⌘ suppress logs { quiet: true }
2026-05-09 03:27:33: ◇ injected env (3) from .env // tip: ◈ secrets for agents [www.dotenvx.com]
2026-05-09 03:27:35: ◇ injected env (3) from .env // tip: ◈ encrypted .env [www.dotenvx.com]
2026-05-09 03:27:36: ◇ injected env (3) from .env // tip: ⌘ enable debugging { debug: true }
2026-05-09 03:27:37: ◇ injected env (3) from .env // tip: ◈ secrets for agents [www.dotenvx.com]
2026-05-09 03:27:38: ◇ injected env (3) from .env // tip: ◈ secrets for agents [www.dotenvx.com]
2026-05-09 03:27:39: ◇ injected env (3) from .env // tip: ⌘ suppress logs { quiet: true }
2026-05-09 03:27:40: ◇ injected env (3) from .env // tip: ⌘ custom filepath { path: '/custom/path/.env' }
2026-05-09 03:27:41: ◇ injected env (3) from .env // tip: ◈ secrets for agents [www.dotenvx.com]
2026-05-09 03:27:42: ◇ injected env (3) from .env // tip: ⌁ auth for agents [www.vestauth.com]
2026-05-09 03:27:43: ◇ injected env (3) from .env // tip: ⌘ custom filepath { path: '/custom/path/.env' }
2026-05-09 03:27:45: ◇ injected env (3) from .env // tip: ⌘ override existing { override: true }
2026-05-09 03:27:46: ◇ injected env (3) from .env // tip: ⌘ suppress logs { quiet: true }
2026-05-09 03:27:47: ◇ injected env (3) from .env // tip: ◈ encrypted .env [www.dotenvx.com]
2026-05-09 03:27:48: ◇ injected env (3) from .env // tip: ⌘ suppress logs { quiet: true }
2026-05-09 03:27:49: ◇ injected env (3) from .env // tip: ⌘ multiple files { path: ['.env.local', '.env'] }
2026-05-09 03:27:50: ◇ injected env (3) from .env // tip: ⌘ enable debugging { debug: true }
2026-05-09 03:27:51: ◇ injected env (3) from .env // tip: ⌘ multiple files { path: ['.env.local', '.env'] }
2026-05-09 03:27:52: ◇ injected env (3) from .env // tip: ⌘ suppress logs { quiet: true }
2026-05-09 03:27:53: ◇ injected env (3) from .env // tip: ⌘ multiple files { path: ['.env.local', '.env'] }
2026-05-09 03:27:55: ◇ injected env (3) from .env // tip: ⌘ enable debugging { debug: true }
2026-05-09 03:27:56: ◇ injected env (3) from .env // tip: ⌘ suppress logs { quiet: true }
2026-05-09 03:27:57: ◇ injected env (3) from .env // tip: ⌘ custom filepath { path: '/custom/path/.env' }
2026-05-09 03:27:58: ◇ injected env (3) from .env // tip: ⌘ multiple files { path: ['.env.local', '.env'] }
2026-05-09 03:27:59: ◇ injected env (3) from .env // tip: ⌘ custom filepath { path: '/custom/path/.env' }
2026-05-09 03:28:00: ◇ injected env (3) from .env // tip: ◈ encrypted .env [www.dotenvx.com]
2026-05-09 03:28:01: ◇ injected env (3) from .env // tip: ⌘ enable debugging { debug: true }
2026-05-09 03:28:02: ◇ injected env (3) from .env // tip: ⌘ enable debugging { debug: true }
2026-05-09 03:28:04: ◇ injected env (3) from .env // tip: ⌘ multiple files { path: ['.env.local', '.env'] }
2026-05-09 03:28:05: ◇ injected env (3) from .env // tip: ⌘ custom filepath { path: '/custom/path/.env' }
2026-05-09 03:28:06: ◇ injected env (3) from .env // tip: ⌁ auth for agents [www.vestauth.com]
2026-05-09 03:28:07: ◇ injected env (3) from .env // tip: ⌘ enable debugging { debug: true }
2026-05-09 03:28:08: ◇ injected env (3) from .env // tip: ⌘ enable debugging { debug: true }
2026-05-09 03:28:09: ◇ injected env (3) from .env // tip: ⌘ suppress logs { quiet: true }
2026-05-09 03:28:10: ◇ injected env (3) from .env // tip: ⌘ suppress logs { quiet: true }
2026-05-09 03:28:11: ◇ injected env (3) from .env // tip: ⌘ multiple files { path: ['.env.local', '.env'] }
2026-05-09 03:28:13: ◇ injected env (3) from .env // tip: ⌘ enable debugging { debug: true }
2026-05-09 03:28:14: ◇ injected env (3) from .env // tip: ◈ encrypted .env [www.dotenvx.com]
2026-05-09 03:28:15: ◇ injected env (3) from .env // tip: ◈ secrets for agents [www.dotenvx.com]
2026-05-09 03:28:16: ◇ injected env (3) from .env // tip: ◈ encrypted .env [www.dotenvx.com]
2026-05-09 03:28:17: ◇ injected env (3) from .env // tip: ⌘ custom filepath { path: '/custom/path/.env' }
2026-05-09 03:28:18: ◇ injected env (3) from .env // tip: ⌘ override existing { override: true }
2026-05-09 03:28:19: ◇ injected env (3) from .env // tip: ⌘ multiple files { path: ['.env.local', '.env'] }
2026-05-09 03:28:20: ◇ injected env (3) from .env // tip: ⌁ auth for agents [www.vestauth.com]
2026-05-09 03:28:21: ◇ injected env (3) from .env // tip: ◈ secrets for agents [www.dotenvx.com]
2026-05-09 03:28:22: ◇ injected env (3) from .env // tip: ⌘ multiple files { path: ['.env.local', '.env'] }
2026-05-09 03:28:24: ◇ injected env (3) from .env // tip: ⌘ suppress logs { quiet: true }
2026-05-09 03:28:25: ◇ injected env (3) from .env // tip: ⌘ multiple files { path: ['.env.local', '.env'] }
2026-05-09 03:28:26: ◇ injected env (3) from .env // tip: ⌁ auth for agents [www.vestauth.com]
2026-05-09 03:28:27: ◇ injected env (3) from .env // tip: ◈ encrypted .env [www.dotenvx.com]
2026-05-09 03:28:28: ◇ injected env (3) from .env // tip: ⌘ custom filepath { path: '/custom/path/.env' }
2026-05-09 03:28:29: ◇ injected env (3) from .env // tip: ⌁ auth for agents [www.vestauth.com]
2026-05-09 03:28:30: ◇ injected env (3) from .env // tip: ◈ encrypted .env [www.dotenvx.com]
2026-05-09 03:28:31: ◇ injected env (3) from .env // tip: ◈ encrypted .env [www.dotenvx.com]
2026-05-09 03:28:32: ◇ injected env (3) from .env // tip: ⌁ auth for agents [www.vestauth.com]
2026-05-09 03:28:34: ◇ injected env (3) from .env // tip: ⌘ custom filepath { path: '/custom/path/.env' }
2026-05-09 03:28:35: ◇ injected env (3) from .env // tip: ◈ encrypted .env [www.dotenvx.com]
2026-05-09 03:28:36: ◇ injected env (3) from .env // tip: ◈ secrets for agents [www.dotenvx.com]
2026-05-09 03:28:37: ◇ injected env (3) from .env // tip: ◈ secrets for agents [www.dotenvx.com]
2026-05-09 03:28:38: ◇ injected env (3) from .env // tip: ◈ secrets for agents [www.dotenvx.com]
2026-05-09 03:28:39: ◇ injected env (3) from .env // tip: ⌘ override existing { override: true }
2026-05-09 03:28:40: ◇ injected env (3) from .env // tip: ⌘ custom filepath { path: '/custom/path/.env' }
2026-05-09 03:28:41: ◇ injected env (3) from .env // tip: ⌘ suppress logs { quiet: true }
2026-05-09 03:28:42: ◇ injected env (3) from .env // tip: ⌘ multiple files { path: ['.env.local', '.env'] }
2026-05-09 03:28:44: ◇ injected env (3) from .env // tip: ⌘ enable debugging { debug: true }
2026-05-09 03:28:45: ◇ injected env (3) from .env // tip: ◈ secrets for agents [www.dotenvx.com]
2026-05-09 03:28:46: ◇ injected env (3) from .env // tip: ⌘ enable debugging { debug: true }
2026-05-09 03:28:47: ◇ injected env (3) from .env // tip: ⌁ auth for agents [www.vestauth.com]
2026-05-09 03:28:48: ◇ injected env (3) from .env // tip: ⌁ auth for agents [www.vestauth.com]
2026-05-09 03:28:49: ◇ injected env (3) from .env // tip: ⌘ custom filepath { path: '/custom/path/.env' }
2026-05-09 03:28:50: ◇ injected env (3) from .env // tip: ⌘ suppress logs { quiet: true }
2026-05-09 03:28:52: ◇ injected env (3) from .env // tip: ⌘ suppress logs { quiet: true }
2026-05-09 03:28:53: ◇ injected env (3) from .env // tip: ⌘ enable debugging { debug: true }
2026-05-09 03:28:54: ◇ injected env (3) from .env // tip: ⌘ multiple files { path: ['.env.local', '.env'] }
2026-05-09 03:28:55: ◇ injected env (3) from .env // tip: ⌁ auth for agents [www.vestauth.com]
2026-05-09 03:28:56: ◇ injected env (3) from .env // tip: ◈ encrypted .env [www.dotenvx.com]
2026-05-09 03:28:57: ◇ injected env (3) from .env // tip: ◈ encrypted .env [www.dotenvx.com]
2026-05-09 03:28:58: ◇ injected env (3) from .env // tip: ⌘ multiple files { path: ['.env.local', '.env'] }
2026-05-09 03:28:59: ◇ injected env (3) from .env // tip: ⌘ custom filepath { path: '/custom/path/.env' }
2026-05-09 03:29:00: ◇ injected env (3) from .env // tip: ⌁ auth for agents [www.vestauth.com]
2026-05-09 03:29:01: ◇ injected env (3) from .env // tip: ⌘ override existing { override: true }
2026-05-09 03:29:03: ◇ injected env (3) from .env // tip: ◈ secrets for agents [www.dotenvx.com]
2026-05-09 03:29:04: ◇ injected env (3) from .env // tip: ◈ secrets for agents [www.dotenvx.com]
2026-05-09 03:29:05: ◇ injected env (3) from .env // tip: ◈ encrypted .env [www.dotenvx.com]
2026-05-09 03:29:06: ◇ injected env (3) from .env // tip: ⌘ override existing { override: true }
2026-05-09 03:29:07: ◇ injected env (3) from .env // tip: ⌘ custom filepath { path: '/custom/path/.env' }
2026-05-09 03:29:08: ◇ injected env (3) from .env // tip: ◈ encrypted .env [www.dotenvx.com]
2026-05-09 03:29:09: ◇ injected env (3) from .env // tip: ⌘ suppress logs { quiet: true }
2026-05-09 03:29:10: ◇ injected env (3) from .env // tip: ◈ encrypted .env [www.dotenvx.com]
2026-05-09 03:29:12: ◇ injected env (3) from .env // tip: ⌁ auth for agents [www.vestauth.com]
2026-05-09 03:29:13: ◇ injected env (3) from .env // tip: ⌘ suppress logs { quiet: true }
2026-05-09 03:29:14: ◇ injected env (3) from .env // tip: ⌘ enable debugging { debug: true }
2026-05-09 03:29:15: ◇ injected env (3) from .env // tip: ⌘ multiple files { path: ['.env.local', '.env'] }
2026-05-09 03:29:16: ◇ injected env (3) from .env // tip: ◈ encrypted .env [www.dotenvx.com]
2026-05-09 03:29:17: ◇ injected env (3) from .env // tip: ⌘ enable debugging { debug: true }
2026-05-09 03:29:18: ◇ injected env (3) from .env // tip: ⌘ enable debugging { debug: true }
2026-05-09 03:29:19: ◇ injected env (3) from .env // tip: ◈ secrets for agents [www.dotenvx.com]
2026-05-09 03:29:21: ◇ injected env (3) from .env // tip: ◈ secrets for agents [www.dotenvx.com]
2026-05-09 03:29:22: ◇ injected env (3) from .env // tip: ⌘ multiple files { path: ['.env.local', '.env'] }
2026-05-09 03:29:23: ◇ injected env (3) from .env // tip: ⌘ custom filepath { path: '/custom/path/.env' }
2026-05-09 03:29:24: ◇ injected env (3) from .env // tip: ⌘ custom filepath { path: '/custom/path/.env' }
2026-05-09 03:29:25: ◇ injected env (3) from .env // tip: ◈ secrets for agents [www.dotenvx.com]
2026-05-09 03:29:26: ◇ injected env (3) from .env // tip: ⌘ enable debugging { debug: true }
2026-05-09 03:29:27: ◇ injected env (3) from .env // tip: ⌘ multiple files { path: ['.env.local', '.env'] }
2026-05-09 03:29:28: ◇ injected env (3) from .env // tip: ⌁ auth for agents [www.vestauth.com]
2026-05-09 03:29:29: ◇ injected env (3) from .env // tip: ◈ secrets for agents [www.dotenvx.com]
2026-05-09 03:29:30: ◇ injected env (3) from .env // tip: ⌁ auth for agents [www.vestauth.com]
2026-05-09 03:29:32: ◇ injected env (3) from .env // tip: ◈ encrypted .env [www.dotenvx.com]
2026-05-09 03:29:33: ◇ injected env (3) from .env // tip: ⌘ override existing { override: true }
2026-05-09 03:29:34: ◇ injected env (3) from .env // tip: ⌘ suppress logs { quiet: true }
2026-05-09 03:29:35: ◇ injected env (3) from .env // tip: ◈ secrets for agents [www.dotenvx.com]
2026-05-09 03:29:36: ◇ injected env (3) from .env // tip: ◈ encrypted .env [www.dotenvx.com]
2026-05-09 03:29:37: ◇ injected env (3) from .env // tip: ⌘ custom filepath { path: '/custom/path/.env' }
2026-05-09 03:29:38: ◇ injected env (3) from .env // tip: ◈ encrypted .env [www.dotenvx.com]
2026-05-09 03:29:40: ◇ injected env (3) from .env // tip: ⌘ enable debugging { debug: true }
2026-05-09 03:29:41: ◇ injected env (3) from .env // tip: ⌘ custom filepath { path: '/custom/path/.env' }
2026-05-09 03:29:42: ◇ injected env (3) from .env // tip: ◈ encrypted .env [www.dotenvx.com]
2026-05-09 03:29:43: ◇ injected env (3) from .env // tip: ⌘ multiple files { path: ['.env.local', '.env'] }
2026-05-09 03:29:44: ◇ injected env (3) from .env // tip: ⌘ enable debugging { debug: true }
2026-05-09 03:29:45: ◇ injected env (3) from .env // tip: ◈ encrypted .env [www.dotenvx.com]
2026-05-09 03:29:46: ◇ injected env (3) from .env // tip: ⌘ custom filepath { path: '/custom/path/.env' }
2026-05-09 03:29:47: ◇ injected env (3) from .env // tip: ◈ encrypted .env [www.dotenvx.com]
2026-05-09 03:29:48: ◇ injected env (3) from .env // tip: ◈ encrypted .env [www.dotenvx.com]
2026-05-09 03:29:50: ◇ injected env (3) from .env // tip: ⌘ override existing { override: true }
2026-05-09 03:29:51: ◇ injected env (3) from .env // tip: ⌘ suppress logs { quiet: true }
2026-05-09 03:29:52: ◇ injected env (3) from .env // tip: ◈ encrypted .env [www.dotenvx.com]
2026-05-09 03:29:53: ◇ injected env (3) from .env // tip: ⌁ auth for agents [www.vestauth.com]
2026-05-09 03:29:54: ◇ injected env (3) from .env // tip: ⌘ suppress logs { quiet: true }
2026-05-09 03:29:55: ◇ injected env (3) from .env // tip: ⌘ custom filepath { path: '/custom/path/.env' }
2026-05-09 03:29:56: ◇ injected env (3) from .env // tip: ⌘ suppress logs { quiet: true }
2026-05-09 03:29:57: ◇ injected env (3) from .env // tip: ⌘ multiple files { path: ['.env.local', '.env'] }
2026-05-09 03:29:58: ◇ injected env (3) from .env // tip: ⌘ enable debugging { debug: true }
2026-05-09 03:30:00: ◇ injected env (3) from .env // tip: ◈ secrets for agents [www.dotenvx.com]
2026-05-09 03:30:01: ◇ injected env (3) from .env // tip: ⌘ custom filepath { path: '/custom/path/.env' }
2026-05-09 03:30:02: ◇ injected env (3) from .env // tip: ◈ secrets for agents [www.dotenvx.com]
2026-05-09 03:30:03: ◇ injected env (3) from .env // tip: ◈ secrets for agents [www.dotenvx.com]
2026-05-09 03:30:04: ◇ injected env (3) from .env // tip: ⌘ override existing { override: true }
2026-05-09 03:30:05: ◇ injected env (3) from .env // tip: ⌘ multiple files { path: ['.env.local', '.env'] }
2026-05-09 03:30:06: ◇ injected env (3) from .env // tip: ⌘ suppress logs { quiet: true }
2026-05-09 03:30:07: ◇ injected env (3) from .env // tip: ⌘ suppress logs { quiet: true }
2026-05-09 03:30:08: ◇ injected env (3) from .env // tip: ⌘ multiple files { path: ['.env.local', '.env'] }
2026-05-09 03:30:10: ◇ injected env (3) from .env // tip: ⌘ suppress logs { quiet: true }
2026-05-09 03:30:11: ◇ injected env (3) from .env // tip: ⌘ multiple files { path: ['.env.local', '.env'] }
2026-05-09 03:30:12: ◇ injected env (3) from .env // tip: ◈ secrets for agents [www.dotenvx.com]
2026-05-09 03:30:13: ◇ injected env (3) from .env // tip: ⌘ custom filepath { path: '/custom/path/.env' }
2026-05-09 03:30:14: ◇ injected env (3) from .env // tip: ⌁ auth for agents [www.vestauth.com]
2026-05-09 03:30:15: ◇ injected env (3) from .env // tip: ⌘ custom filepath { path: '/custom/path/.env' }
2026-05-09 03:30:16: ◇ injected env (3) from .env // tip: ⌘ multiple files { path: ['.env.local', '.env'] }
2026-05-09 03:30:17: ◇ injected env (3) from .env // tip: ⌘ multiple files { path: ['.env.local', '.env'] }
2026-05-09 03:30:18: ◇ injected env (3) from .env // tip: ⌘ suppress logs { quiet: true }
2026-05-09 03:30:20: ◇ injected env (3) from .env // tip: ⌘ enable debugging { debug: true }
2026-05-09 03:30:21: ◇ injected env (3) from .env // tip: ⌘ multiple files { path: ['.env.local', '.env'] }
2026-05-09 03:30:22: ◇ injected env (3) from .env // tip: ⌘ suppress logs { quiet: true }
2026-05-09 03:30:23: ◇ injected env (3) from .env // tip: ◈ encrypted .env [www.dotenvx.com]
2026-05-09 03:30:24: ◇ injected env (3) from .env // tip: ⌁ auth for agents [www.vestauth.com]
2026-05-09 03:30:25: ◇ injected env (3) from .env // tip: ◈ secrets for agents [www.dotenvx.com]
2026-05-09 03:30:26: ◇ injected env (3) from .env // tip: ◈ encrypted .env [www.dotenvx.com]
2026-05-09 03:30:27: ◇ injected env (3) from .env // tip: ◈ encrypted .env [www.dotenvx.com]
2026-05-09 03:30:28: ◇ injected env (3) from .env // tip: ⌘ suppress logs { quiet: true }
2026-05-09 03:30:30: ◇ injected env (3) from .env // tip: ⌘ custom filepath { path: '/custom/path/.env' }
2026-05-09 03:30:31: ◇ injected env (3) from .env // tip: ⌘ multiple files { path: ['.env.local', '.env'] }
2026-05-09 03:30:32: ◇ injected env (3) from .env // tip: ⌘ override existing { override: true }
2026-05-09 03:30:33: ◇ injected env (3) from .env // tip: ⌘ enable debugging { debug: true }
2026-05-09 03:30:34: ◇ injected env (3) from .env // tip: ⌘ suppress logs { quiet: true }
2026-05-09 03:30:35: ◇ injected env (3) from .env // tip: ⌁ auth for agents [www.vestauth.com]
2026-05-09 03:30:36: ◇ injected env (3) from .env // tip: ◈ secrets for agents [www.dotenvx.com]
2026-05-09 03:30:37: ◇ injected env (3) from .env // tip: ⌘ suppress logs { quiet: true }
2026-05-09 03:30:38: ◇ injected env (3) from .env // tip: ⌁ auth for agents [www.vestauth.com]
2026-05-09 03:30:40: ◇ injected env (3) from .env // tip: ⌘ multiple files { path: ['.env.local', '.env'] }
2026-05-09 03:30:41: ◇ injected env (3) from .env // tip: ⌘ custom filepath { path: '/custom/path/.env' }
2026-05-09 03:30:42: ◇ injected env (3) from .env // tip: ⌘ suppress logs { quiet: true }
2026-05-09 03:30:43: ◇ injected env (3) from .env // tip: ⌘ custom filepath { path: '/custom/path/.env' }
2026-05-09 03:30:44: ◇ injected env (3) from .env // tip: ⌘ override existing { override: true }
2026-05-09 03:30:45: ◇ injected env (3) from .env // tip: ⌘ enable debugging { debug: true }
2026-05-09 03:30:46: ◇ injected env (3) from .env // tip: ⌘ override existing { override: true }
2026-05-09 03:30:47: ◇ injected env (3) from .env // tip: ⌘ multiple files { path: ['.env.local', '.env'] }
2026-05-09 03:30:48: ◇ injected env (3) from .env // tip: ⌘ suppress logs { quiet: true }
2026-05-09 03:30:49: ◇ injected env (3) from .env // tip: ⌘ enable debugging { debug: true }
2026-05-09 03:30:50: ◇ injected env (3) from .env // tip: ⌁ auth for agents [www.vestauth.com]
2026-05-09 03:30:52: ◇ injected env (3) from .env // tip: ⌁ auth for agents [www.vestauth.com]
2026-05-09 03:30:53: ◇ injected env (3) from .env // tip: ⌘ custom filepath { path: '/custom/path/.env' }
2026-05-09 03:30:54: ◇ injected env (3) from .env // tip: ⌁ auth for agents [www.vestauth.com]
2026-05-09 03:30:55: ◇ injected env (3) from .env // tip: ⌘ enable debugging { debug: true }
2026-05-09 03:30:56: ◇ injected env (3) from .env // tip: ⌘ enable debugging { debug: true }
2026-05-09 03:30:57: ◇ injected env (3) from .env // tip: ⌘ multiple files { path: ['.env.local', '.env'] }
2026-05-09 03:30:58: ◇ injected env (3) from .env // tip: ◈ secrets for agents [www.dotenvx.com]
2026-05-09 03:30:59: ◇ injected env (3) from .env // tip: ⌘ custom filepath { path: '/custom/path/.env' }
2026-05-09 03:31:00: ◇ injected env (3) from .env // tip: ⌘ override existing { override: true }
2026-05-09 03:31:01: ◇ injected env (3) from .env // tip: ⌘ enable debugging { debug: true }
2026-05-09 03:31:02: ◇ injected env (3) from .env // tip: ⌘ custom filepath { path: '/custom/path/.env' }
2026-05-09 03:31:03: ◇ injected env (3) from .env // tip: ⌁ auth for agents [www.vestauth.com]
2026-05-09 03:31:04: ◇ injected env (3) from .env // tip: ⌘ custom filepath { path: '/custom/path/.env' }
2026-05-09 03:31:05: ◇ injected env (3) from .env // tip: ⌘ suppress logs { quiet: true }
2026-05-09 03:31:06: ◇ injected env (3) from .env // tip: ⌘ multiple files { path: ['.env.local', '.env'] }
2026-05-09 03:31:07: ◇ injected env (3) from .env // tip: ⌘ multiple files { path: ['.env.local', '.env'] }
2026-05-09 03:31:09: ◇ injected env (3) from .env // tip: ⌘ suppress logs { quiet: true }
2026-05-09 03:31:10: ◇ injected env (3) from .env // tip: ⌘ multiple files { path: ['.env.local', '.env'] }
2026-05-09 03:31:11: ◇ injected env (3) from .env // tip: ⌘ override existing { override: true }
2026-05-09 03:31:12: ◇ injected env (3) from .env // tip: ⌘ custom filepath { path: '/custom/path/.env' }
2026-05-09 03:31:13: ◇ injected env (3) from .env // tip: ⌘ enable debugging { debug: true }
2026-05-09 03:31:14: ◇ injected env (3) from .env // tip: ⌁ auth for agents [www.vestauth.com]
2026-05-09 03:31:15: ◇ injected env (3) from .env // tip: ⌘ suppress logs { quiet: true }
2026-05-09 03:31:16: ◇ injected env (3) from .env // tip: ⌘ suppress logs { quiet: true }
2026-05-09 03:31:17: ◇ injected env (3) from .env // tip: ⌘ enable debugging { debug: true }
2026-05-09 03:31:18: ◇ injected env (3) from .env // tip: ◈ encrypted .env [www.dotenvx.com]
2026-05-09 03:31:19: ◇ injected env (3) from .env // tip: ⌘ enable debugging { debug: true }
2026-05-09 03:31:20: ◇ injected env (3) from .env // tip: ⌘ custom filepath { path: '/custom/path/.env' }
2026-05-09 03:31:21: ◇ injected env (3) from .env // tip: ⌘ override existing { override: true }
2026-05-09 03:31:23: ◇ injected env (3) from .env // tip: ⌘ custom filepath { path: '/custom/path/.env' }
2026-05-09 03:31:24: ◇ injected env (3) from .env // tip: ◈ secrets for agents [www.dotenvx.com]
2026-05-09 03:31:25: ◇ injected env (3) from .env // tip: ⌘ custom filepath { path: '/custom/path/.env' }
2026-05-09 03:31:26: ◇ injected env (3) from .env // tip: ⌘ custom filepath { path: '/custom/path/.env' }
2026-05-09 03:31:27: ◇ injected env (3) from .env // tip: ⌘ multiple files { path: ['.env.local', '.env'] }
2026-05-09 03:31:28: ◇ injected env (3) from .env // tip: ⌁ auth for agents [www.vestauth.com]
2026-05-09 03:31:29: ◇ injected env (3) from .env // tip: ⌘ custom filepath { path: '/custom/path/.env' }
2026-05-09 03:31:30: ◇ injected env (3) from .env // tip: ⌘ enable debugging { debug: true }
2026-05-09 03:31:31: ◇ injected env (3) from .env // tip: ⌘ override existing { override: true }
2026-05-09 03:31:32: ◇ injected env (3) from .env // tip: ⌘ custom filepath { path: '/custom/path/.env' }
2026-05-09 03:31:33: ◇ injected env (3) from .env // tip: ◈ secrets for agents [www.dotenvx.com]
2026-05-09 03:31:34: ◇ injected env (3) from .env // tip: ⌘ multiple files { path: ['.env.local', '.env'] }
2026-05-09 03:31:35: ◇ injected env (3) from .env // tip: ◈ secrets for agents [www.dotenvx.com]
2026-05-09 03:31:36: ◇ injected env (3) from .env // tip: ⌘ custom filepath { path: '/custom/path/.env' }
2026-05-09 03:31:37: ◇ injected env (3) from .env // tip: ⌘ override existing { override: true }
2026-05-09 03:31:38: ◇ injected env (3) from .env // tip: ⌘ custom filepath { path: '/custom/path/.env' }
2026-05-09 03:31:40: ◇ injected env (3) from .env // tip: ⌁ auth for agents [www.vestauth.com]
2026-05-09 03:31:41: ◇ injected env (3) from .env // tip: ⌁ auth for agents [www.vestauth.com]
2026-05-09 03:31:42: ◇ injected env (3) from .env // tip: ⌘ multiple files { path: ['.env.local', '.env'] }
2026-05-09 03:31:43: ◇ injected env (3) from .env // tip: ⌘ suppress logs { quiet: true }
2026-05-09 03:31:44: ◇ injected env (3) from .env // tip: ⌁ auth for agents [www.vestauth.com]
2026-05-09 03:31:45: ◇ injected env (3) from .env // tip: ⌘ custom filepath { path: '/custom/path/.env' }
2026-05-09 03:31:46: ◇ injected env (3) from .env // tip: ◈ encrypted .env [www.dotenvx.com]
2026-05-09 03:31:47: ◇ injected env (3) from .env // tip: ◈ secrets for agents [www.dotenvx.com]
2026-05-09 03:31:48: ◇ injected env (3) from .env // tip: ⌘ suppress logs { quiet: true }
2026-05-09 03:31:49: ◇ injected env (3) from .env // tip: ⌘ custom filepath { path: '/custom/path/.env' }
2026-05-09 03:31:50: ◇ injected env (3) from .env // tip: ◈ encrypted .env [www.dotenvx.com]
2026-05-09 03:31:51: ◇ injected env (3) from .env // tip: ⌘ enable debugging { debug: true }
2026-05-09 03:31:52: ◇ injected env (3) from .env // tip: ◈ encrypted .env [www.dotenvx.com]
2026-05-09 03:31:53: ◇ injected env (3) from .env // tip: ⌘ enable debugging { debug: true }
2026-05-09 03:31:55: ◇ injected env (3) from .env // tip: ⌘ suppress logs { quiet: true }
2026-05-09 03:31:56: ◇ injected env (3) from .env // tip: ◈ secrets for agents [www.dotenvx.com]
2026-05-09 03:31:57: ◇ injected env (3) from .env // tip: ⌘ enable debugging { debug: true }
2026-05-09 03:31:58: ◇ injected env (3) from .env // tip: ◈ encrypted .env [www.dotenvx.com]
2026-05-09 03:31:59: ◇ injected env (3) from .env // tip: ⌁ auth for agents [www.vestauth.com]
2026-05-09 03:32:00: ◇ injected env (3) from .env // tip: ⌘ enable debugging { debug: true }
2026-05-09 03:32:01: ◇ injected env (3) from .env // tip: ⌘ multiple files { path: ['.env.local', '.env'] }
2026-05-09 03:32:02: ◇ injected env (3) from .env // tip: ⌘ override existing { override: true }
2026-05-09 03:32:03: ◇ injected env (3) from .env // tip: ⌘ enable debugging { debug: true }
2026-05-09 03:32:04: ◇ injected env (3) from .env // tip: ⌘ custom filepath { path: '/custom/path/.env' }
2026-05-09 03:32:05: ◇ injected env (3) from .env // tip: ◈ secrets for agents [www.dotenvx.com]
2026-05-09 03:32:06: ◇ injected env (3) from .env // tip: ⌘ suppress logs { quiet: true }
2026-05-09 03:32:07: ◇ injected env (3) from .env // tip: ◈ secrets for agents [www.dotenvx.com]
2026-05-09 03:32:08: ◇ injected env (3) from .env // tip: ◈ encrypted .env [www.dotenvx.com]
2026-05-09 03:32:10: ◇ injected env (3) from .env // tip: ⌘ enable debugging { debug: true }
2026-05-09 03:32:11: ◇ injected env (3) from .env // tip: ⌘ override existing { override: true }
2026-05-09 03:32:12: ◇ injected env (3) from .env // tip: ⌘ custom filepath { path: '/custom/path/.env' }
2026-05-09 03:32:13: ◇ injected env (3) from .env // tip: ◈ encrypted .env [www.dotenvx.com]
2026-05-09 03:32:14: ◇ injected env (3) from .env // tip: ◈ encrypted .env [www.dotenvx.com]
2026-05-09 03:32:15: ◇ injected env (3) from .env // tip: ⌘ enable debugging { debug: true }
2026-05-09 03:32:16: ◇ injected env (3) from .env // tip: ◈ secrets for agents [www.dotenvx.com]
2026-05-09 03:32:17: ◇ injected env (3) from .env // tip: ⌁ auth for agents [www.vestauth.com]
2026-05-09 03:32:18: ◇ injected env (3) from .env // tip: ⌘ multiple files { path: ['.env.local', '.env'] }
2026-05-09 03:32:19: ◇ injected env (3) from .env // tip: ⌘ custom filepath { path: '/custom/path/.env' }
2026-05-09 03:32:20: ◇ injected env (3) from .env // tip: ⌘ multiple files { path: ['.env.local', '.env'] }
2026-05-09 03:32:21: ◇ injected env (3) from .env // tip: ⌘ multiple files { path: ['.env.local', '.env'] }
2026-05-09 03:32:22: ◇ injected env (3) from .env // tip: ⌘ multiple files { path: ['.env.local', '.env'] }
2026-05-09 03:32:23: ◇ injected env (3) from .env // tip: ◈ encrypted .env [www.dotenvx.com]
2026-05-09 03:32:24: ◇ injected env (3) from .env // tip: ⌘ override existing { override: true }
2026-05-09 03:32:25: ◇ injected env (3) from .env // tip: ◈ encrypted .env [www.dotenvx.com]
2026-05-09 03:32:26: ◇ injected env (3) from .env // tip: ◈ secrets for agents [www.dotenvx.com]
2026-05-09 03:32:28: ◇ injected env (3) from .env // tip: ◈ encrypted .env [www.dotenvx.com]
2026-05-09 03:32:29: ◇ injected env (3) from .env // tip: ⌘ override existing { override: true }
2026-05-09 03:32:30: ◇ injected env (3) from .env // tip: ◈ encrypted .env [www.dotenvx.com]
2026-05-09 03:32:31: ◇ injected env (3) from .env // tip: ⌘ custom filepath { path: '/custom/path/.env' }
2026-05-09 03:32:32: ◇ injected env (3) from .env // tip: ⌘ override existing { override: true }
2026-05-09 03:32:33: ◇ injected env (3) from .env // tip: ◈ secrets for agents [www.dotenvx.com]
2026-05-09 03:32:34: ◇ injected env (3) from .env // tip: ⌘ suppress logs { quiet: true }
2026-05-09 03:32:35: ◇ injected env (3) from .env // tip: ⌘ multiple files { path: ['.env.local', '.env'] }
2026-05-09 03:32:36: ◇ injected env (3) from .env // tip: ⌁ auth for agents [www.vestauth.com]
2026-05-09 03:32:37: ◇ injected env (3) from .env // tip: ◈ encrypted .env [www.dotenvx.com]
2026-05-09 03:32:38: ◇ injected env (3) from .env // tip: ◈ encrypted .env [www.dotenvx.com]
2026-05-09 03:32:40: ◇ injected env (3) from .env // tip: ◈ secrets for agents [www.dotenvx.com]
2026-05-09 03:32:41: ◇ injected env (3) from .env // tip: ⌘ override existing { override: true }
2026-05-09 03:32:42: ◇ injected env (3) from .env // tip: ◈ encrypted .env [www.dotenvx.com]
2026-05-09 03:32:43: ◇ injected env (3) from .env // tip: ⌁ auth for agents [www.vestauth.com]
2026-05-09 03:32:44: ◇ injected env (3) from .env // tip: ⌁ auth for agents [www.vestauth.com]
2026-05-09 03:32:45: ◇ injected env (3) from .env // tip: ⌘ multiple files { path: ['.env.local', '.env'] }
2026-05-09 03:32:46: ◇ injected env (3) from .env // tip: ⌁ auth for agents [www.vestauth.com]
2026-05-09 03:32:47: ◇ injected env (3) from .env // tip: ⌘ multiple files { path: ['.env.local', '.env'] }
2026-05-09 03:32:48: ◇ injected env (3) from .env // tip: ⌁ auth for agents [www.vestauth.com]
2026-05-09 03:32:49: ◇ injected env (3) from .env // tip: ⌘ multiple files { path: ['.env.local', '.env'] }
2026-05-09 03:32:50: ◇ injected env (3) from .env // tip: ◈ encrypted .env [www.dotenvx.com]
2026-05-09 03:32:51: ◇ injected env (3) from .env // tip: ⌘ custom filepath { path: '/custom/path/.env' }
2026-05-09 03:32:52: ◇ injected env (3) from .env // tip: ⌘ enable debugging { debug: true }
2026-05-09 03:32:53: ◇ injected env (3) from .env // tip: ⌘ custom filepath { path: '/custom/path/.env' }
2026-05-09 03:32:54: ◇ injected env (3) from .env // tip: ⌘ custom filepath { path: '/custom/path/.env' }
2026-05-09 03:32:56: ◇ injected env (3) from .env // tip: ⌘ override existing { override: true }
2026-05-09 03:32:57: ◇ injected env (3) from .env // tip: ⌘ custom filepath { path: '/custom/path/.env' }
2026-05-09 03:32:58: ◇ injected env (3) from .env // tip: ◈ secrets for agents [www.dotenvx.com]
2026-05-09 03:32:59: ◇ injected env (3) from .env // tip: ⌘ multiple files { path: ['.env.local', '.env'] }
2026-05-09 03:33:00: ◇ injected env (3) from .env // tip: ◈ encrypted .env [www.dotenvx.com]
2026-05-09 03:33:01: ◇ injected env (3) from .env // tip: ⌘ enable debugging { debug: true }
2026-05-09 03:33:02: ◇ injected env (3) from .env // tip: ◈ secrets for agents [www.dotenvx.com]
2026-05-09 03:33:03: ◇ injected env (3) from .env // tip: ⌘ multiple files { path: ['.env.local', '.env'] }
2026-05-09 03:33:04: ◇ injected env (3) from .env // tip: ⌘ multiple files { path: ['.env.local', '.env'] }
2026-05-09 03:33:05: ◇ injected env (3) from .env // tip: ◈ encrypted .env [www.dotenvx.com]
2026-05-09 03:33:06: ◇ injected env (3) from .env // tip: ⌘ custom filepath { path: '/custom/path/.env' }
2026-05-09 03:33:07: ◇ injected env (3) from .env // tip: ⌘ override existing { override: true }
2026-05-09 03:33:08: ◇ injected env (3) from .env // tip: ◈ encrypted .env [www.dotenvx.com]
2026-05-09 03:33:09: ◇ injected env (3) from .env // tip: ⌘ multiple files { path: ['.env.local', '.env'] }
2026-05-09 03:33:11: ◇ injected env (3) from .env // tip: ⌘ override existing { override: true }
2026-05-09 03:33:12: ◇ injected env (3) from .env // tip: ⌘ override existing { override: true }
2026-05-09 03:33:13: ◇ injected env (3) from .env // tip: ⌘ enable debugging { debug: true }
2026-05-09 03:33:14: ◇ injected env (3) from .env // tip: ⌘ multiple files { path: ['.env.local', '.env'] }
2026-05-09 03:33:15: ◇ injected env (3) from .env // tip: ⌘ custom filepath { path: '/custom/path/.env' }
2026-05-09 03:33:16: ◇ injected env (3) from .env // tip: ⌘ custom filepath { path: '/custom/path/.env' }
2026-05-09 03:33:17: ◇ injected env (3) from .env // tip: ◈ secrets for agents [www.dotenvx.com]
2026-05-09 03:33:18: ◇ injected env (3) from .env // tip: ⌁ auth for agents [www.vestauth.com]
2026-05-09 03:33:19: ◇ injected env (3) from .env // tip: ◈ encrypted .env [www.dotenvx.com]
2026-05-09 03:33:20: ◇ injected env (3) from .env // tip: ⌘ override existing { override: true }
2026-05-09 03:33:21: ◇ injected env (3) from .env // tip: ⌘ custom filepath { path: '/custom/path/.env' }
2026-05-09 03:33:22: ◇ injected env (3) from .env // tip: ⌘ enable debugging { debug: true }
2026-05-09 03:33:23: ◇ injected env (3) from .env // tip: ◈ encrypted .env [www.dotenvx.com]
2026-05-09 03:33:24: ◇ injected env (3) from .env // tip: ⌘ enable debugging { debug: true }
2026-05-09 03:33:25: ◇ injected env (3) from .env // tip: ⌘ multiple files { path: ['.env.local', '.env'] }
2026-05-09 03:33:26: ◇ injected env (3) from .env // tip: ⌘ multiple files { path: ['.env.local', '.env'] }
2026-05-09 03:33:27: ◇ injected env (3) from .env // tip: ⌘ override existing { override: true }
2026-05-09 03:33:29: ◇ injected env (3) from .env // tip: ◈ encrypted .env [www.dotenvx.com]
2026-05-09 03:33:30: ◇ injected env (3) from .env // tip: ⌘ suppress logs { quiet: true }
2026-05-09 03:33:31: ◇ injected env (3) from .env // tip: ⌁ auth for agents [www.vestauth.com]
2026-05-09 03:33:32: ◇ injected env (3) from .env // tip: ⌘ override existing { override: true }
2026-05-09 03:33:33: ◇ injected env (3) from .env // tip: ⌘ multiple files { path: ['.env.local', '.env'] }
2026-05-09 03:33:34: ◇ injected env (3) from .env // tip: ⌘ enable debugging { debug: true }
2026-05-09 03:33:35: ◇ injected env (3) from .env // tip: ⌘ override existing { override: true }
2026-05-09 03:33:36: ◇ injected env (3) from .env // tip: ◈ secrets for agents [www.dotenvx.com]
2026-05-09 03:33:37: ◇ injected env (3) from .env // tip: ⌘ enable debugging { debug: true }
2026-05-09 03:33:38: ◇ injected env (3) from .env // tip: ◈ encrypted .env [www.dotenvx.com]
2026-05-09 03:33:39: ◇ injected env (3) from .env // tip: ⌘ multiple files { path: ['.env.local', '.env'] }
2026-05-09 03:33:40: ◇ injected env (3) from .env // tip: ⌘ override existing { override: true }
2026-05-09 03:33:42: ◇ injected env (3) from .env // tip: ⌁ auth for agents [www.vestauth.com]
2026-05-09 03:33:43: ◇ injected env (3) from .env // tip: ◈ encrypted .env [www.dotenvx.com]
2026-05-09 03:33:44: ◇ injected env (3) from .env // tip: ⌘ enable debugging { debug: true }
2026-05-09 03:33:45: ◇ injected env (3) from .env // tip: ⌘ override existing { override: true }
2026-05-09 03:33:46: ◇ injected env (3) from .env // tip: ⌘ override existing { override: true }
2026-05-09 03:33:47: ◇ injected env (3) from .env // tip: ◈ encrypted .env [www.dotenvx.com]
2026-05-09 03:33:48: ◇ injected env (3) from .env // tip: ◈ encrypted .env [www.dotenvx.com]
2026-05-09 03:33:49: ◇ injected env (3) from .env // tip: ◈ encrypted .env [www.dotenvx.com]
2026-05-09 03:33:50: ◇ injected env (3) from .env // tip: ◈ encrypted .env [www.dotenvx.com]
2026-05-09 03:33:51: ◇ injected env (3) from .env // tip: ⌘ enable debugging { debug: true }
2026-05-09 03:33:52: ◇ injected env (3) from .env // tip: ⌘ suppress logs { quiet: true }
2026-05-09 03:33:53: ◇ injected env (3) from .env // tip: ◈ secrets for agents [www.dotenvx.com]
2026-05-09 03:33:54: ◇ injected env (3) from .env // tip: ⌘ multiple files { path: ['.env.local', '.env'] }
2026-05-09 03:33:55: ◇ injected env (3) from .env // tip: ⌘ override existing { override: true }
2026-05-09 03:33:56: ◇ injected env (3) from .env // tip: ◈ secrets for agents [www.dotenvx.com]
2026-05-09 03:33:57: ◇ injected env (3) from .env // tip: ⌘ multiple files { path: ['.env.local', '.env'] }
2026-05-09 03:33:58: ◇ injected env (3) from .env // tip: ⌘ suppress logs { quiet: true }
2026-05-09 03:34:00: ◇ injected env (3) from .env // tip: ⌘ custom filepath { path: '/custom/path/.env' }
2026-05-09 03:34:01: ◇ injected env (3) from .env // tip: ⌘ custom filepath { path: '/custom/path/.env' }
2026-05-09 03:34:02: ◇ injected env (3) from .env // tip: ⌘ suppress logs { quiet: true }
2026-05-09 03:34:03: ◇ injected env (3) from .env // tip: ⌁ auth for agents [www.vestauth.com]
2026-05-09 03:34:04: ◇ injected env (3) from .env // tip: ⌘ override existing { override: true }
2026-05-09 03:34:05: ◇ injected env (3) from .env // tip: ◈ secrets for agents [www.dotenvx.com]
2026-05-09 03:34:06: ◇ injected env (3) from .env // tip: ⌁ auth for agents [www.vestauth.com]
2026-05-09 03:34:07: ◇ injected env (3) from .env // tip: ◈ secrets for agents [www.dotenvx.com]
2026-05-09 03:34:08: ◇ injected env (3) from .env // tip: ◈ secrets for agents [www.dotenvx.com]
2026-05-09 03:34:09: ◇ injected env (3) from .env // tip: ◈ secrets for agents [www.dotenvx.com]
2026-05-09 03:34:10: ◇ injected env (3) from .env // tip: ◈ secrets for agents [www.dotenvx.com]
2026-05-09 03:34:11: ◇ injected env (3) from .env // tip: ◈ encrypted .env [www.dotenvx.com]
2026-05-09 03:34:12: ◇ injected env (3) from .env // tip: ⌘ multiple files { path: ['.env.local', '.env'] }
2026-05-09 03:34:13: ◇ injected env (3) from .env // tip: ⌁ auth for agents [www.vestauth.com]
2026-05-09 03:34:15: ◇ injected env (3) from .env // tip: ⌁ auth for agents [www.vestauth.com]
2026-05-09 03:34:16: ◇ injected env (3) from .env // tip: ⌘ custom filepath { path: '/custom/path/.env' }
2026-05-09 03:34:17: ◇ injected env (3) from .env // tip: ⌘ suppress logs { quiet: true }
2026-05-09 03:34:18: ◇ injected env (3) from .env // tip: ⌘ enable debugging { debug: true }
2026-05-09 03:34:19: ◇ injected env (3) from .env // tip: ⌘ custom filepath { path: '/custom/path/.env' }
2026-05-09 03:34:20: ◇ injected env (3) from .env // tip: ⌘ multiple files { path: ['.env.local', '.env'] }
2026-05-09 03:34:21: ◇ injected env (3) from .env // tip: ⌘ custom filepath { path: '/custom/path/.env' }
2026-05-09 03:34:22: ◇ injected env (3) from .env // tip: ◈ encrypted .env [www.dotenvx.com]
2026-05-09 03:34:23: ◇ injected env (3) from .env // tip: ⌘ enable debugging { debug: true }
2026-05-09 03:34:24: ◇ injected env (3) from .env // tip: ⌘ suppress logs { quiet: true }
2026-05-09 03:34:25: ◇ injected env (3) from .env // tip: ⌘ custom filepath { path: '/custom/path/.env' }
2026-05-09 03:34:26: ◇ injected env (3) from .env // tip: ⌘ enable debugging { debug: true }
2026-05-09 03:34:27: ◇ injected env (3) from .env // tip: ⌁ auth for agents [www.vestauth.com]
2026-05-09 03:34:28: ◇ injected env (3) from .env // tip: ⌁ auth for agents [www.vestauth.com]
2026-05-09 03:34:30: ◇ injected env (3) from .env // tip: ⌘ multiple files { path: ['.env.local', '.env'] }
2026-05-09 03:34:31: ◇ injected env (3) from .env // tip: ⌘ enable debugging { debug: true }
2026-05-09 03:34:32: ◇ injected env (3) from .env // tip: ⌘ custom filepath { path: '/custom/path/.env' }
2026-05-09 03:34:33: ◇ injected env (3) from .env // tip: ⌘ suppress logs { quiet: true }
2026-05-09 03:34:34: ◇ injected env (3) from .env // tip: ⌘ override existing { override: true }
2026-05-09 03:34:35: ◇ injected env (3) from .env // tip: ⌁ auth for agents [www.vestauth.com]
2026-05-09 03:34:36: ◇ injected env (3) from .env // tip: ⌘ enable debugging { debug: true }
2026-05-09 03:34:37: ◇ injected env (3) from .env // tip: ⌘ custom filepath { path: '/custom/path/.env' }
2026-05-09 03:34:38: ◇ injected env (3) from .env // tip: ◈ secrets for agents [www.dotenvx.com]
2026-05-09 03:34:39: ◇ injected env (3) from .env // tip: ⌘ suppress logs { quiet: true }
2026-05-09 03:34:40: ◇ injected env (3) from .env // tip: ⌘ suppress logs { quiet: true }
2026-05-09 03:34:41: ◇ injected env (3) from .env // tip: ⌘ enable debugging { debug: true }
2026-05-09 03:34:43: ◇ injected env (3) from .env // tip: ⌘ multiple files { path: ['.env.local', '.env'] }
2026-05-09 03:34:44: ◇ injected env (3) from .env // tip: ⌁ auth for agents [www.vestauth.com]
2026-05-09 03:34:45: ◇ injected env (3) from .env // tip: ⌘ override existing { override: true }
2026-05-09 03:34:46: ◇ injected env (3) from .env // tip: ⌘ suppress logs { quiet: true }
2026-05-09 03:34:47: ◇ injected env (3) from .env // tip: ◈ secrets for agents [www.dotenvx.com]
2026-05-09 03:34:48: ◇ injected env (3) from .env // tip: ⌘ override existing { override: true }
2026-05-09 03:34:49: ◇ injected env (3) from .env // tip: ◈ encrypted .env [www.dotenvx.com]
2026-05-09 03:34:50: ◇ injected env (3) from .env // tip: ⌘ multiple files { path: ['.env.local', '.env'] }
2026-05-09 03:34:51: ◇ injected env (3) from .env // tip: ⌘ enable debugging { debug: true }
2026-05-09 03:34:52: ◇ injected env (3) from .env // tip: ⌁ auth for agents [www.vestauth.com]
2026-05-09 03:34:53: ◇ injected env (3) from .env // tip: ⌘ override existing { override: true }
2026-05-09 03:34:54: ◇ injected env (3) from .env // tip: ⌘ suppress logs { quiet: true }
2026-05-09 03:34:55: ◇ injected env (3) from .env // tip: ◈ encrypted .env [www.dotenvx.com]
2026-05-09 03:34:56: ◇ injected env (3) from .env // tip: ⌁ auth for agents [www.vestauth.com]
2026-05-09 03:34:57: ◇ injected env (3) from .env // tip: ◈ encrypted .env [www.dotenvx.com]
2026-05-09 03:34:58: ◇ injected env (3) from .env // tip: ⌘ override existing { override: true }
2026-05-09 03:34:59: ◇ injected env (3) from .env // tip: ⌘ override existing { override: true }
2026-05-09 03:35:01: ◇ injected env (3) from .env // tip: ⌘ custom filepath { path: '/custom/path/.env' }
2026-05-09 03:35:02: ◇ injected env (3) from .env // tip: ⌘ multiple files { path: ['.env.local', '.env'] }
2026-05-09 03:35:03: ◇ injected env (3) from .env // tip: ⌘ multiple files { path: ['.env.local', '.env'] }
2026-05-09 03:35:04: ◇ injected env (3) from .env // tip: ⌘ multiple files { path: ['.env.local', '.env'] }
2026-05-09 03:35:05: ◇ injected env (3) from .env // tip: ⌘ suppress logs { quiet: true }
2026-05-09 03:35:06: ◇ injected env (3) from .env // tip: ⌘ override existing { override: true }
2026-05-09 03:35:07: ◇ injected env (3) from .env // tip: ⌘ multiple files { path: ['.env.local', '.env'] }
2026-05-09 03:35:08: ◇ injected env (3) from .env // tip: ⌘ suppress logs { quiet: true }
2026-05-09 03:35:09: ◇ injected env (3) from .env // tip: ◈ secrets for agents [www.dotenvx.com]
2026-05-09 03:35:10: ◇ injected env (3) from .env // tip: ⌘ custom filepath { path: '/custom/path/.env' }
2026-05-09 03:35:11: ◇ injected env (3) from .env // tip: ⌘ custom filepath { path: '/custom/path/.env' }
2026-05-09 03:35:12: ◇ injected env (3) from .env // tip: ⌘ multiple files { path: ['.env.local', '.env'] }
2026-05-09 03:35:13: ◇ injected env (3) from .env // tip: ⌘ multiple files { path: ['.env.local', '.env'] }
2026-05-09 03:35:14: ◇ injected env (3) from .env // tip: ⌘ custom filepath { path: '/custom/path/.env' }
2026-05-09 03:35:16: ◇ injected env (3) from .env // tip: ◈ encrypted .env [www.dotenvx.com]
2026-05-09 03:35:17: ◇ injected env (3) from .env // tip: ⌘ enable debugging { debug: true }
2026-05-09 03:35:18: ◇ injected env (3) from .env // tip: ⌁ auth for agents [www.vestauth.com]
2026-05-09 03:35:19: ◇ injected env (3) from .env // tip: ⌘ custom filepath { path: '/custom/path/.env' }
2026-05-09 03:35:20: ◇ injected env (3) from .env // tip: ◈ encrypted .env [www.dotenvx.com]
2026-05-09 03:35:21: ◇ injected env (3) from .env // tip: ⌘ custom filepath { path: '/custom/path/.env' }
2026-05-09 03:35:22: ◇ injected env (3) from .env // tip: ⌘ enable debugging { debug: true }
2026-05-09 03:35:23: ◇ injected env (3) from .env // tip: ⌘ multiple files { path: ['.env.local', '.env'] }
2026-05-09 03:35:24: ◇ injected env (3) from .env // tip: ⌘ enable debugging { debug: true }
2026-05-09 03:35:25: ◇ injected env (3) from .env // tip: ◈ encrypted .env [www.dotenvx.com]
2026-05-09 03:35:26: ◇ injected env (3) from .env // tip: ⌘ custom filepath { path: '/custom/path/.env' }
2026-05-09 03:35:27: ◇ injected env (3) from .env // tip: ⌘ enable debugging { debug: true }
2026-05-09 03:35:28: ◇ injected env (3) from .env // tip: ⌁ auth for agents [www.vestauth.com]
2026-05-09 03:35:29: ◇ injected env (3) from .env // tip: ◈ encrypted .env [www.dotenvx.com]
2026-05-09 03:35:30: ◇ injected env (3) from .env // tip: ◈ secrets for agents [www.dotenvx.com]
2026-05-09 03:35:31: ◇ injected env (3) from .env // tip: ⌘ multiple files { path: ['.env.local', '.env'] }
2026-05-09 03:35:33: ◇ injected env (3) from .env // tip: ⌘ enable debugging { debug: true }
2026-05-09 03:35:34: ◇ injected env (3) from .env // tip: ⌘ suppress logs { quiet: true }
2026-05-09 03:35:35: ◇ injected env (3) from .env // tip: ⌘ custom filepath { path: '/custom/path/.env' }
2026-05-09 03:35:36: ◇ injected env (3) from .env // tip: ⌘ enable debugging { debug: true }
2026-05-09 03:35:37: ◇ injected env (3) from .env // tip: ⌁ auth for agents [www.vestauth.com]
2026-05-09 03:35:38: ◇ injected env (3) from .env // tip: ◈ secrets for agents [www.dotenvx.com]
2026-05-09 03:35:39: ◇ injected env (3) from .env // tip: ⌁ auth for agents [www.vestauth.com]
2026-05-09 03:35:40: ◇ injected env (3) from .env // tip: ⌘ override existing { override: true }
2026-05-09 03:35:41: ◇ injected env (3) from .env // tip: ⌘ enable debugging { debug: true }
2026-05-09 03:35:42: ◇ injected env (3) from .env // tip: ⌘ suppress logs { quiet: true }
2026-05-09 03:35:43: ◇ injected env (3) from .env // tip: ⌘ enable debugging { debug: true }
2026-05-09 03:35:44: ◇ injected env (3) from .env // tip: ⌘ custom filepath { path: '/custom/path/.env' }
2026-05-09 03:35:45: ◇ injected env (3) from .env // tip: ⌘ override existing { override: true }
2026-05-09 03:35:46: ◇ injected env (3) from .env // tip: ⌘ custom filepath { path: '/custom/path/.env' }
2026-05-09 03:35:47: ◇ injected env (3) from .env // tip: ⌘ suppress logs { quiet: true }
2026-05-09 03:35:48: ◇ injected env (3) from .env // tip: ⌘ custom filepath { path: '/custom/path/.env' }
2026-05-09 03:35:50: ◇ injected env (3) from .env // tip: ⌘ enable debugging { debug: true }
2026-05-09 03:35:51: ◇ injected env (3) from .env // tip: ⌘ suppress logs { quiet: true }
2026-05-09 03:35:52: ◇ injected env (3) from .env // tip: ⌁ auth for agents [www.vestauth.com]
2026-05-09 03:35:53: ◇ injected env (3) from .env // tip: ◈ secrets for agents [www.dotenvx.com]
2026-05-09 03:35:54: ◇ injected env (3) from .env // tip: ⌘ override existing { override: true }
2026-05-09 03:35:55: ◇ injected env (3) from .env // tip: ⌘ enable debugging { debug: true }
2026-05-09 03:35:56: ◇ injected env (3) from .env // tip: ⌘ suppress logs { quiet: true }
2026-05-09 03:35:57: ◇ injected env (3) from .env // tip: ⌘ override existing { override: true }
2026-05-09 03:35:58: ◇ injected env (3) from .env // tip: ⌘ multiple files { path: ['.env.local', '.env'] }
2026-05-09 03:35:59: ◇ injected env (3) from .env // tip: ⌘ custom filepath { path: '/custom/path/.env' }
2026-05-09 03:36:00: ◇ injected env (3) from .env // tip: ◈ encrypted .env [www.dotenvx.com]
2026-05-09 03:36:01: ◇ injected env (3) from .env // tip: ◈ secrets for agents [www.dotenvx.com]
2026-05-09 03:36:02: ◇ injected env (3) from .env // tip: ⌘ suppress logs { quiet: true }
2026-05-09 03:36:03: ◇ injected env (3) from .env // tip: ◈ encrypted .env [www.dotenvx.com]
2026-05-09 03:36:04: ◇ injected env (3) from .env // tip: ⌘ suppress logs { quiet: true }
2026-05-09 03:36:06: ◇ injected env (3) from .env // tip: ⌘ suppress logs { quiet: true }
2026-05-09 03:36:07: ◇ injected env (3) from .env // tip: ⌘ custom filepath { path: '/custom/path/.env' }
2026-05-09 03:36:08: ◇ injected env (3) from .env // tip: ⌘ enable debugging { debug: true }
2026-05-09 03:36:09: ◇ injected env (3) from .env // tip: ⌘ multiple files { path: ['.env.local', '.env'] }
2026-05-09 03:36:10: ◇ injected env (3) from .env // tip: ◈ encrypted .env [www.dotenvx.com]
2026-05-09 03:36:11: ◇ injected env (3) from .env // tip: ⌁ auth for agents [www.vestauth.com]
2026-05-09 03:36:12: ◇ injected env (3) from .env // tip: ⌘ multiple files { path: ['.env.local', '.env'] }
2026-05-09 03:36:13: ◇ injected env (3) from .env // tip: ⌘ custom filepath { path: '/custom/path/.env' }
2026-05-09 03:36:14: ◇ injected env (3) from .env // tip: ◈ secrets for agents [www.dotenvx.com]
2026-05-09 03:36:15: ◇ injected env (3) from .env // tip: ⌁ auth for agents [www.vestauth.com]
2026-05-09 03:36:16: ◇ injected env (3) from .env // tip: ⌘ override existing { override: true }
2026-05-09 03:36:17: ◇ injected env (3) from .env // tip: ◈ encrypted .env [www.dotenvx.com]
2026-05-09 03:36:18: ◇ injected env (3) from .env // tip: ⌁ auth for agents [www.vestauth.com]
2026-05-09 03:36:19: ◇ injected env (3) from .env // tip: ⌘ multiple files { path: ['.env.local', '.env'] }
2026-05-09 03:36:20: ◇ injected env (3) from .env // tip: ⌘ multiple files { path: ['.env.local', '.env'] }
2026-05-09 03:36:22: ◇ injected env (3) from .env // tip: ⌁ auth for agents [www.vestauth.com]
2026-05-09 03:36:23: ◇ injected env (3) from .env // tip: ⌘ override existing { override: true }
2026-05-09 03:36:24: ◇ injected env (3) from .env // tip: ⌘ enable debugging { debug: true }
2026-05-09 03:36:25: ◇ injected env (3) from .env // tip: ⌘ enable debugging { debug: true }
2026-05-09 03:36:26: ◇ injected env (3) from .env // tip: ⌘ custom filepath { path: '/custom/path/.env' }
2026-05-09 03:36:27: ◇ injected env (3) from .env // tip: ◈ encrypted .env [www.dotenvx.com]
2026-05-09 03:36:28: ◇ injected env (3) from .env // tip: ⌘ suppress logs { quiet: true }
2026-05-09 03:36:29: ◇ injected env (3) from .env // tip: ⌘ multiple files { path: ['.env.local', '.env'] }
2026-05-09 03:36:30: ◇ injected env (3) from .env // tip: ⌘ multiple files { path: ['.env.local', '.env'] }
2026-05-09 03:36:31: ◇ injected env (3) from .env // tip: ⌁ auth for agents [www.vestauth.com]
2026-05-09 03:36:32: ◇ injected env (3) from .env // tip: ◈ secrets for agents [www.dotenvx.com]
2026-05-09 03:36:33: ◇ injected env (3) from .env // tip: ⌁ auth for agents [www.vestauth.com]
2026-05-09 03:36:34: ◇ injected env (3) from .env // tip: ⌘ enable debugging { debug: true }
2026-05-09 03:36:35: ◇ injected env (3) from .env // tip: ⌘ custom filepath { path: '/custom/path/.env' }
2026-05-09 03:36:36: ◇ injected env (3) from .env // tip: ⌘ multiple files { path: ['.env.local', '.env'] }
2026-05-09 03:36:38: ◇ injected env (3) from .env // tip: ⌘ suppress logs { quiet: true }
2026-05-09 03:36:39: ◇ injected env (3) from .env // tip: ⌘ enable debugging { debug: true }
2026-05-09 03:36:40: ◇ injected env (3) from .env // tip: ◈ encrypted .env [www.dotenvx.com]
2026-05-09 03:36:41: ◇ injected env (3) from .env // tip: ⌘ multiple files { path: ['.env.local', '.env'] }
2026-05-09 03:36:42: ◇ injected env (3) from .env // tip: ⌘ enable debugging { debug: true }
2026-05-09 03:36:43: ◇ injected env (3) from .env // tip: ⌘ custom filepath { path: '/custom/path/.env' }
2026-05-09 03:36:44: ◇ injected env (3) from .env // tip: ◈ encrypted .env [www.dotenvx.com]
2026-05-09 03:36:45: ◇ injected env (3) from .env // tip: ⌘ enable debugging { debug: true }
2026-05-09 03:36:46: ◇ injected env (3) from .env // tip: ◈ encrypted .env [www.dotenvx.com]
2026-05-09 03:36:47: ◇ injected env (3) from .env // tip: ⌘ override existing { override: true }
2026-05-09 03:36:48: ◇ injected env (3) from .env // tip: ◈ secrets for agents [www.dotenvx.com]
2026-05-09 03:36:49: ◇ injected env (3) from .env // tip: ⌁ auth for agents [www.vestauth.com]
2026-05-09 03:36:50: ◇ injected env (3) from .env // tip: ⌘ custom filepath { path: '/custom/path/.env' }
2026-05-09 03:36:51: ◇ injected env (3) from .env // tip: ⌘ custom filepath { path: '/custom/path/.env' }
2026-05-09 03:36:52: ◇ injected env (3) from .env // tip: ⌘ enable debugging { debug: true }
2026-05-09 03:36:53: ◇ injected env (3) from .env // tip: ⌘ suppress logs { quiet: true }
2026-05-09 03:36:55: ◇ injected env (3) from .env // tip: ◈ encrypted .env [www.dotenvx.com]
2026-05-09 03:36:56: ◇ injected env (3) from .env // tip: ⌘ suppress logs { quiet: true }
2026-05-09 03:36:57: ◇ injected env (3) from .env // tip: ◈ secrets for agents [www.dotenvx.com]
2026-05-09 03:36:58: ◇ injected env (3) from .env // tip: ◈ secrets for agents [www.dotenvx.com]
2026-05-09 03:36:59: ◇ injected env (3) from .env // tip: ⌘ custom filepath { path: '/custom/path/.env' }
2026-05-09 03:37:00: ◇ injected env (3) from .env // tip: ⌁ auth for agents [www.vestauth.com]
2026-05-09 03:37:01: ◇ injected env (3) from .env // tip: ⌁ auth for agents [www.vestauth.com]
2026-05-09 03:37:02: ◇ injected env (3) from .env // tip: ⌘ multiple files { path: ['.env.local', '.env'] }
2026-05-09 03:37:03: ◇ injected env (3) from .env // tip: ⌘ custom filepath { path: '/custom/path/.env' }
2026-05-09 03:37:04: ◇ injected env (3) from .env // tip: ⌘ multiple files { path: ['.env.local', '.env'] }
2026-05-09 03:37:05: ◇ injected env (3) from .env // tip: ⌘ suppress logs { quiet: true }
2026-05-09 03:37:06: ◇ injected env (3) from .env // tip: ⌁ auth for agents [www.vestauth.com]
2026-05-09 03:37:07: ◇ injected env (3) from .env // tip: ⌁ auth for agents [www.vestauth.com]
2026-05-09 03:37:09: ◇ injected env (3) from .env // tip: ⌘ custom filepath { path: '/custom/path/.env' }
2026-05-09 03:37:10: ◇ injected env (3) from .env // tip: ⌘ multiple files { path: ['.env.local', '.env'] }
2026-05-09 03:37:11: ◇ injected env (3) from .env // tip: ◈ secrets for agents [www.dotenvx.com]
2026-05-09 03:37:12: ◇ injected env (3) from .env // tip: ⌘ enable debugging { debug: true }
2026-05-09 03:37:13: ◇ injected env (3) from .env // tip: ⌘ override existing { override: true }
2026-05-09 03:37:14: ◇ injected env (3) from .env // tip: ⌘ multiple files { path: ['.env.local', '.env'] }
2026-05-09 03:37:15: ◇ injected env (3) from .env // tip: ◈ secrets for agents [www.dotenvx.com]
2026-05-09 03:37:16: ◇ injected env (3) from .env // tip: ⌘ suppress logs { quiet: true }
2026-05-09 03:37:17: ◇ injected env (3) from .env // tip: ⌘ enable debugging { debug: true }
2026-05-09 03:37:18: ◇ injected env (3) from .env // tip: ◈ encrypted .env [www.dotenvx.com]
2026-05-09 03:37:19: ◇ injected env (3) from .env // tip: ⌁ auth for agents [www.vestauth.com]
2026-05-09 03:37:20: ◇ injected env (3) from .env // tip: ⌁ auth for agents [www.vestauth.com]
2026-05-09 03:37:21: ◇ injected env (3) from .env // tip: ◈ encrypted .env [www.dotenvx.com]
2026-05-09 03:37:22: ◇ injected env (3) from .env // tip: ◈ secrets for agents [www.dotenvx.com]
2026-05-09 03:37:23: ◇ injected env (3) from .env // tip: ⌘ multiple files { path: ['.env.local', '.env'] }
2026-05-09 03:37:24: ◇ injected env (3) from .env // tip: ◈ secrets for agents [www.dotenvx.com]
2026-05-09 03:37:25: ◇ injected env (3) from .env // tip: ◈ encrypted .env [www.dotenvx.com]
2026-05-09 03:37:27: ◇ injected env (3) from .env // tip: ⌁ auth for agents [www.vestauth.com]
2026-05-09 03:37:28: ◇ injected env (3) from .env // tip: ⌘ enable debugging { debug: true }
2026-05-09 03:37:29: ◇ injected env (3) from .env // tip: ◈ encrypted .env [www.dotenvx.com]
2026-05-09 03:37:30: ◇ injected env (3) from .env // tip: ⌘ multiple files { path: ['.env.local', '.env'] }
2026-05-09 03:37:31: ◇ injected env (3) from .env // tip: ⌘ enable debugging { debug: true }
2026-05-09 03:37:32: ◇ injected env (3) from .env // tip: ⌘ custom filepath { path: '/custom/path/.env' }
2026-05-09 03:37:33: ◇ injected env (3) from .env // tip: ⌘ multiple files { path: ['.env.local', '.env'] }
2026-05-09 03:37:34: ◇ injected env (3) from .env // tip: ⌘ enable debugging { debug: true }
2026-05-09 03:37:35: ◇ injected env (3) from .env // tip: ⌘ override existing { override: true }
2026-05-09 03:37:36: ◇ injected env (3) from .env // tip: ⌁ auth for agents [www.vestauth.com]
2026-05-09 03:37:37: ◇ injected env (3) from .env // tip: ◈ encrypted .env [www.dotenvx.com]
2026-05-09 03:37:38: ◇ injected env (3) from .env // tip: ⌘ custom filepath { path: '/custom/path/.env' }
2026-05-09 03:37:40: ◇ injected env (3) from .env // tip: ⌘ custom filepath { path: '/custom/path/.env' }
2026-05-09 03:37:41: ◇ injected env (3) from .env // tip: ⌁ auth for agents [www.vestauth.com]
2026-05-09 03:37:42: ◇ injected env (3) from .env // tip: ⌘ multiple files { path: ['.env.local', '.env'] }
2026-05-09 03:37:43: ◇ injected env (3) from .env // tip: ⌘ custom filepath { path: '/custom/path/.env' }
2026-05-09 03:37:44: ◇ injected env (3) from .env // tip: ⌘ custom filepath { path: '/custom/path/.env' }
2026-05-09 03:37:45: ◇ injected env (3) from .env // tip: ⌘ custom filepath { path: '/custom/path/.env' }
2026-05-09 03:37:46: ◇ injected env (3) from .env // tip: ⌘ suppress logs { quiet: true }
2026-05-09 03:37:47: ◇ injected env (3) from .env // tip: ⌘ override existing { override: true }
2026-05-09 03:37:48: ◇ injected env (3) from .env // tip: ⌘ suppress logs { quiet: true }
2026-05-09 03:37:49: ◇ injected env (3) from .env // tip: ⌁ auth for agents [www.vestauth.com]
2026-05-09 03:37:50: ◇ injected env (3) from .env // tip: ◈ encrypted .env [www.dotenvx.com]
2026-05-09 03:37:51: ◇ injected env (3) from .env // tip: ⌘ suppress logs { quiet: true }
2026-05-09 03:37:52: ◇ injected env (3) from .env // tip: ⌘ custom filepath { path: '/custom/path/.env' }
2026-05-09 03:37:53: ◇ injected env (3) from .env // tip: ⌘ suppress logs { quiet: true }
2026-05-09 03:37:54: ◇ injected env (3) from .env // tip: ⌘ override existing { override: true }
2026-05-09 03:37:56: ◇ injected env (3) from .env // tip: ⌁ auth for agents [www.vestauth.com]
2026-05-09 03:37:57: ◇ injected env (3) from .env // tip: ⌘ multiple files { path: ['.env.local', '.env'] }
2026-05-09 03:37:58: ◇ injected env (3) from .env // tip: ⌘ custom filepath { path: '/custom/path/.env' }
2026-05-09 03:37:59: ◇ injected env (3) from .env // tip: ◈ encrypted .env [www.dotenvx.com]
2026-05-09 03:38:00: ◇ injected env (3) from .env // tip: ◈ secrets for agents [www.dotenvx.com]
2026-05-09 03:38:01: ◇ injected env (3) from .env // tip: ⌘ suppress logs { quiet: true }
2026-05-09 03:38:02: ◇ injected env (3) from .env // tip: ◈ secrets for agents [www.dotenvx.com]
2026-05-09 03:38:03: ◇ injected env (3) from .env // tip: ◈ secrets for agents [www.dotenvx.com]
2026-05-09 03:38:04: ◇ injected env (3) from .env // tip: ◈ encrypted .env [www.dotenvx.com]
2026-05-09 03:38:05: ◇ injected env (3) from .env // tip: ◈ encrypted .env [www.dotenvx.com]
2026-05-09 03:38:06: ◇ injected env (3) from .env // tip: ⌁ auth for agents [www.vestauth.com]
2026-05-09 03:38:07: ◇ injected env (3) from .env // tip: ⌘ enable debugging { debug: true }
2026-05-09 03:38:08: ◇ injected env (3) from .env // tip: ◈ encrypted .env [www.dotenvx.com]
2026-05-09 03:38:10: ◇ injected env (3) from .env // tip: ⌘ override existing { override: true }
2026-05-09 03:38:11: ◇ injected env (3) from .env // tip: ◈ secrets for agents [www.dotenvx.com]
2026-05-09 03:38:12: ◇ injected env (3) from .env // tip: ⌘ override existing { override: true }
2026-05-09 03:38:13: ◇ injected env (3) from .env // tip: ⌘ custom filepath { path: '/custom/path/.env' }
2026-05-09 03:38:14: ◇ injected env (3) from .env // tip: ⌘ multiple files { path: ['.env.local', '.env'] }
2026-05-09 03:38:15: ◇ injected env (3) from .env // tip: ◈ secrets for agents [www.dotenvx.com]
2026-05-09 03:38:16: ◇ injected env (3) from .env // tip: ⌘ enable debugging { debug: true }
2026-05-09 03:38:17: ◇ injected env (3) from .env // tip: ⌘ custom filepath { path: '/custom/path/.env' }
2026-05-09 03:38:18: ◇ injected env (3) from .env // tip: ⌘ enable debugging { debug: true }
2026-05-09 03:38:19: ◇ injected env (3) from .env // tip: ⌁ auth for agents [www.vestauth.com]
2026-05-09 03:38:20: ◇ injected env (3) from .env // tip: ⌘ override existing { override: true }
2026-05-09 03:38:21: ◇ injected env (3) from .env // tip: ◈ encrypted .env [www.dotenvx.com]
2026-05-09 03:38:22: ◇ injected env (3) from .env // tip: ⌘ override existing { override: true }
2026-05-09 03:38:23: ◇ injected env (3) from .env // tip: ⌘ suppress logs { quiet: true }
2026-05-09 03:38:24: ◇ injected env (3) from .env // tip: ◈ secrets for agents [www.dotenvx.com]
2026-05-09 03:38:25: ◇ injected env (3) from .env // tip: ⌘ override existing { override: true }
2026-05-09 03:38:26: ◇ injected env (3) from .env // tip: ⌁ auth for agents [www.vestauth.com]
2026-05-09 03:38:28: ◇ injected env (3) from .env // tip: ⌘ multiple files { path: ['.env.local', '.env'] }
2026-05-09 03:38:29: ◇ injected env (3) from .env // tip: ◈ encrypted .env [www.dotenvx.com]
2026-05-09 03:38:30: ◇ injected env (3) from .env // tip: ⌘ custom filepath { path: '/custom/path/.env' }
2026-05-09 03:38:31: ◇ injected env (3) from .env // tip: ⌘ multiple files { path: ['.env.local', '.env'] }
2026-05-09 03:38:32: ◇ injected env (3) from .env // tip: ⌘ custom filepath { path: '/custom/path/.env' }
2026-05-09 03:38:33: ◇ injected env (3) from .env // tip: ⌘ custom filepath { path: '/custom/path/.env' }
2026-05-09 03:38:34: ◇ injected env (3) from .env // tip: ◈ encrypted .env [www.dotenvx.com]
2026-05-09 03:38:35: ◇ injected env (3) from .env // tip: ⌘ enable debugging { debug: true }
2026-05-09 03:38:36: ◇ injected env (3) from .env // tip: ⌘ custom filepath { path: '/custom/path/.env' }
2026-05-09 03:38:37: ◇ injected env (3) from .env // tip: ⌘ override existing { override: true }
2026-05-09 03:38:38: ◇ injected env (3) from .env // tip: ⌁ auth for agents [www.vestauth.com]
2026-05-09 03:38:39: ◇ injected env (3) from .env // tip: ⌘ multiple files { path: ['.env.local', '.env'] }
2026-05-09 03:38:40: ◇ injected env (3) from .env // tip: ⌘ enable debugging { debug: true }
2026-05-09 03:38:42: ◇ injected env (3) from .env // tip: ◈ secrets for agents [www.dotenvx.com]
2026-05-09 03:38:43: ◇ injected env (3) from .env // tip: ◈ encrypted .env [www.dotenvx.com]
2026-05-09 03:38:44: ◇ injected env (3) from .env // tip: ⌘ custom filepath { path: '/custom/path/.env' }
2026-05-09 03:38:45: ◇ injected env (3) from .env // tip: ⌘ custom filepath { path: '/custom/path/.env' }
2026-05-09 03:38:46: ◇ injected env (3) from .env // tip: ⌘ custom filepath { path: '/custom/path/.env' }
2026-05-09 03:38:47: ◇ injected env (3) from .env // tip: ⌘ override existing { override: true }
2026-05-09 03:38:48: ◇ injected env (3) from .env // tip: ⌘ suppress logs { quiet: true }
2026-05-09 03:38:49: ◇ injected env (3) from .env // tip: ⌁ auth for agents [www.vestauth.com]
2026-05-09 03:38:50: ◇ injected env (3) from .env // tip: ◈ secrets for agents [www.dotenvx.com]
2026-05-09 03:38:51: ◇ injected env (3) from .env // tip: ◈ secrets for agents [www.dotenvx.com]
2026-05-09 03:38:52: ◇ injected env (3) from .env // tip: ⌘ override existing { override: true }
2026-05-09 03:38:53: ◇ injected env (3) from .env // tip: ◈ encrypted .env [www.dotenvx.com]
2026-05-09 03:38:54: ◇ injected env (3) from .env // tip: ◈ secrets for agents [www.dotenvx.com]
2026-05-09 03:38:55: ◇ injected env (3) from .env // tip: ⌘ enable debugging { debug: true }
2026-05-09 03:38:56: ◇ injected env (3) from .env // tip: ◈ secrets for agents [www.dotenvx.com]
2026-05-09 03:38:57: ◇ injected env (3) from .env // tip: ⌁ auth for agents [www.vestauth.com]
2026-05-09 03:38:59: ◇ injected env (3) from .env // tip: ⌁ auth for agents [www.vestauth.com]
2026-05-09 03:39:00: ◇ injected env (3) from .env // tip: ⌁ auth for agents [www.vestauth.com]
2026-05-09 03:39:01: ◇ injected env (3) from .env // tip: ⌘ suppress logs { quiet: true }
2026-05-09 03:39:02: ◇ injected env (3) from .env // tip: ⌘ multiple files { path: ['.env.local', '.env'] }
2026-05-09 03:39:03: ◇ injected env (3) from .env // tip: ◈ secrets for agents [www.dotenvx.com]
2026-05-09 03:39:04: ◇ injected env (3) from .env // tip: ⌘ enable debugging { debug: true }
2026-05-09 03:39:05: ◇ injected env (3) from .env // tip: ◈ secrets for agents [www.dotenvx.com]
2026-05-09 03:39:06: ◇ injected env (3) from .env // tip: ⌘ override existing { override: true }
2026-05-09 03:39:07: ◇ injected env (3) from .env // tip: ⌘ custom filepath { path: '/custom/path/.env' }
2026-05-09 03:39:08: ◇ injected env (3) from .env // tip: ⌘ suppress logs { quiet: true }
2026-05-09 03:39:09: ◇ injected env (3) from .env // tip: ⌁ auth for agents [www.vestauth.com]
2026-05-09 03:39:10: ◇ injected env (3) from .env // tip: ⌘ override existing { override: true }
2026-05-09 03:39:11: ◇ injected env (3) from .env // tip: ⌘ multiple files { path: ['.env.local', '.env'] }
2026-05-09 03:39:13: ◇ injected env (3) from .env // tip: ⌘ suppress logs { quiet: true }
2026-05-09 03:39:14: ◇ injected env (3) from .env // tip: ⌘ suppress logs { quiet: true }
2026-05-09 03:39:15: ◇ injected env (3) from .env // tip: ⌘ custom filepath { path: '/custom/path/.env' }
2026-05-09 03:39:16: ◇ injected env (3) from .env // tip: ⌘ suppress logs { quiet: true }
2026-05-09 03:39:17: ◇ injected env (3) from .env // tip: ⌘ suppress logs { quiet: true }
2026-05-09 03:39:18: ◇ injected env (3) from .env // tip: ⌘ enable debugging { debug: true }
2026-05-09 03:39:19: ◇ injected env (3) from .env // tip: ⌘ custom filepath { path: '/custom/path/.env' }
2026-05-09 03:39:20: ◇ injected env (3) from .env // tip: ◈ secrets for agents [www.dotenvx.com]
2026-05-09 03:39:21: ◇ injected env (3) from .env // tip: ⌘ custom filepath { path: '/custom/path/.env' }
2026-05-09 03:39:22: ◇ injected env (3) from .env // tip: ⌘ suppress logs { quiet: true }
2026-05-09 03:39:23: ◇ injected env (3) from .env // tip: ◈ secrets for agents [www.dotenvx.com]
2026-05-09 03:39:24: ◇ injected env (3) from .env // tip: ⌁ auth for agents [www.vestauth.com]
2026-05-09 03:39:25: ◇ injected env (3) from .env // tip: ⌁ auth for agents [www.vestauth.com]
2026-05-09 03:39:26: ◇ injected env (3) from .env // tip: ⌘ multiple files { path: ['.env.local', '.env'] }
2026-05-09 03:39:27: ◇ injected env (3) from .env // tip: ⌁ auth for agents [www.vestauth.com]
2026-05-09 03:39:28: ◇ injected env (3) from .env // tip: ⌘ suppress logs { quiet: true }
2026-05-09 03:39:29: ◇ injected env (3) from .env // tip: ◈ encrypted .env [www.dotenvx.com]
2026-05-09 03:39:31: ◇ injected env (3) from .env // tip: ⌘ multiple files { path: ['.env.local', '.env'] }
2026-05-09 03:39:32: ◇ injected env (3) from .env // tip: ⌘ enable debugging { debug: true }
2026-05-09 03:39:33: ◇ injected env (3) from .env // tip: ⌘ suppress logs { quiet: true }
2026-05-09 03:39:34: ◇ injected env (3) from .env // tip: ⌘ suppress logs { quiet: true }
2026-05-09 03:39:35: ◇ injected env (3) from .env // tip: ◈ secrets for agents [www.dotenvx.com]
2026-05-09 03:39:36: ◇ injected env (3) from .env // tip: ⌘ multiple files { path: ['.env.local', '.env'] }
2026-05-09 03:39:37: ◇ injected env (3) from .env // tip: ⌘ enable debugging { debug: true }
2026-05-09 03:39:38: ◇ injected env (3) from .env // tip: ◈ secrets for agents [www.dotenvx.com]
2026-05-09 03:39:39: ◇ injected env (3) from .env // tip: ⌘ suppress logs { quiet: true }
2026-05-09 03:39:40: ◇ injected env (3) from .env // tip: ◈ secrets for agents [www.dotenvx.com]
2026-05-09 03:39:41: ◇ injected env (3) from .env // tip: ◈ secrets for agents [www.dotenvx.com]
2026-05-09 03:39:42: ◇ injected env (3) from .env // tip: ⌘ suppress logs { quiet: true }
2026-05-09 03:39:44: ◇ injected env (3) from .env // tip: ⌘ custom filepath { path: '/custom/path/.env' }
2026-05-09 03:39:45: ◇ injected env (3) from .env // tip: ◈ secrets for agents [www.dotenvx.com]
2026-05-09 03:39:46: ◇ injected env (3) from .env // tip: ◈ secrets for agents [www.dotenvx.com]
2026-05-09 03:39:47: ◇ injected env (3) from .env // tip: ◈ encrypted .env [www.dotenvx.com]
2026-05-09 03:39:48: ◇ injected env (3) from .env // tip: ⌘ suppress logs { quiet: true }
2026-05-09 03:39:49: ◇ injected env (3) from .env // tip: ⌘ suppress logs { quiet: true }
2026-05-09 03:39:50: ◇ injected env (3) from .env // tip: ⌘ enable debugging { debug: true }
2026-05-09 03:39:51: ◇ injected env (3) from .env // tip: ◈ encrypted .env [www.dotenvx.com]
2026-05-09 03:39:52: ◇ injected env (3) from .env // tip: ⌘ multiple files { path: ['.env.local', '.env'] }
2026-05-09 03:39:53: ◇ injected env (3) from .env // tip: ⌘ custom filepath { path: '/custom/path/.env' }
2026-05-09 03:39:54: ◇ injected env (3) from .env // tip: ⌘ suppress logs { quiet: true }
2026-05-09 03:39:55: ◇ injected env (3) from .env // tip: ⌘ suppress logs { quiet: true }
2026-05-09 03:39:56: ◇ injected env (3) from .env // tip: ◈ secrets for agents [www.dotenvx.com]
2026-05-09 03:39:57: ◇ injected env (3) from .env // tip: ◈ encrypted .env [www.dotenvx.com]
2026-05-09 03:39:59: ◇ injected env (3) from .env // tip: ⌘ multiple files { path: ['.env.local', '.env'] }
2026-05-09 03:40:00: ◇ injected env (3) from .env // tip: ⌘ custom filepath { path: '/custom/path/.env' }
2026-05-09 03:40:01: ◇ injected env (3) from .env // tip: ◈ secrets for agents [www.dotenvx.com]
2026-05-09 03:40:02: ◇ injected env (3) from .env // tip: ⌘ suppress logs { quiet: true }
2026-05-09 03:40:03: ◇ injected env (3) from .env // tip: ⌁ auth for agents [www.vestauth.com]
2026-05-09 03:40:04: ◇ injected env (3) from .env // tip: ⌁ auth for agents [www.vestauth.com]
2026-05-09 03:40:05: ◇ injected env (3) from .env // tip: ⌘ enable debugging { debug: true }
2026-05-09 03:40:06: ◇ injected env (3) from .env // tip: ◈ secrets for agents [www.dotenvx.com]
2026-05-09 03:40:07: ◇ injected env (3) from .env // tip: ◈ secrets for agents [www.dotenvx.com]
2026-05-09 03:40:08: ◇ injected env (3) from .env // tip: ⌘ enable debugging { debug: true }
2026-05-09 03:40:09: ◇ injected env (3) from .env // tip: ⌘ suppress logs { quiet: true }
2026-05-09 03:40:10: ◇ injected env (3) from .env // tip: ⌘ suppress logs { quiet: true }
2026-05-09 03:40:12: ◇ injected env (3) from .env // tip: ⌘ suppress logs { quiet: true }
2026-05-09 03:40:13: ◇ injected env (3) from .env // tip: ⌘ custom filepath { path: '/custom/path/.env' }
2026-05-09 03:40:14: ◇ injected env (3) from .env // tip: ⌁ auth for agents [www.vestauth.com]
2026-05-09 03:40:15: ◇ injected env (3) from .env // tip: ◈ secrets for agents [www.dotenvx.com]
2026-05-09 03:40:16: ◇ injected env (3) from .env // tip: ◈ secrets for agents [www.dotenvx.com]
2026-05-09 03:40:17: ◇ injected env (3) from .env // tip: ⌘ override existing { override: true }
2026-05-09 03:40:18: ◇ injected env (3) from .env // tip: ◈ secrets for agents [www.dotenvx.com]
2026-05-09 03:40:19: ◇ injected env (3) from .env // tip: ⌘ enable debugging { debug: true }
2026-05-09 03:40:20: ◇ injected env (3) from .env // tip: ⌁ auth for agents [www.vestauth.com]
2026-05-09 03:40:21: ◇ injected env (3) from .env // tip: ⌁ auth for agents [www.vestauth.com]
2026-05-09 03:40:22: ◇ injected env (3) from .env // tip: ⌘ enable debugging { debug: true }
2026-05-09 03:40:23: ◇ injected env (3) from .env // tip: ⌁ auth for agents [www.vestauth.com]
2026-05-09 03:40:24: ◇ injected env (3) from .env // tip: ⌘ suppress logs { quiet: true }
2026-05-09 03:40:25: ◇ injected env (3) from .env // tip: ⌘ enable debugging { debug: true }
2026-05-09 03:40:26: ◇ injected env (3) from .env // tip: ⌘ enable debugging { debug: true }
2026-05-09 03:40:27: ◇ injected env (3) from .env // tip: ⌁ auth for agents [www.vestauth.com]
2026-05-09 03:40:29: ◇ injected env (3) from .env // tip: ⌘ multiple files { path: ['.env.local', '.env'] }
2026-05-09 03:40:30: ◇ injected env (3) from .env // tip: ◈ secrets for agents [www.dotenvx.com]
2026-05-09 03:40:31: ◇ injected env (3) from .env // tip: ⌘ enable debugging { debug: true }
2026-05-09 03:40:32: ◇ injected env (3) from .env // tip: ⌘ suppress logs { quiet: true }
2026-05-09 03:40:33: ◇ injected env (3) from .env // tip: ⌘ override existing { override: true }
2026-05-09 03:40:34: ◇ injected env (3) from .env // tip: ⌘ suppress logs { quiet: true }
2026-05-09 03:40:35: ◇ injected env (3) from .env // tip: ◈ encrypted .env [www.dotenvx.com]
2026-05-09 03:40:36: ◇ injected env (3) from .env // tip: ⌘ override existing { override: true }
2026-05-09 03:40:37: ◇ injected env (3) from .env // tip: ◈ encrypted .env [www.dotenvx.com]
2026-05-09 03:40:38: ◇ injected env (3) from .env // tip: ⌘ override existing { override: true }
2026-05-09 03:40:39: ◇ injected env (3) from .env // tip: ⌘ custom filepath { path: '/custom/path/.env' }
2026-05-09 03:40:40: ◇ injected env (3) from .env // tip: ⌘ override existing { override: true }
2026-05-09 03:40:41: ◇ injected env (3) from .env // tip: ⌘ enable debugging { debug: true }
2026-05-09 03:40:42: ◇ injected env (3) from .env // tip: ⌁ auth for agents [www.vestauth.com]
2026-05-09 03:40:43: ◇ injected env (3) from .env // tip: ◈ secrets for agents [www.dotenvx.com]
2026-05-09 03:40:45: ◇ injected env (3) from .env // tip: ⌁ auth for agents [www.vestauth.com]
2026-05-09 03:40:46: ◇ injected env (3) from .env // tip: ⌘ multiple files { path: ['.env.local', '.env'] }
2026-05-09 03:40:47: ◇ injected env (3) from .env // tip: ⌘ suppress logs { quiet: true }
2026-05-09 03:40:48: ◇ injected env (3) from .env // tip: ⌘ suppress logs { quiet: true }
2026-05-09 03:40:49: ◇ injected env (3) from .env // tip: ◈ secrets for agents [www.dotenvx.com]
2026-05-09 03:40:50: ◇ injected env (3) from .env // tip: ⌘ suppress logs { quiet: true }
2026-05-09 03:40:51: ◇ injected env (3) from .env // tip: ◈ encrypted .env [www.dotenvx.com]
2026-05-09 03:40:52: ◇ injected env (3) from .env // tip: ⌘ suppress logs { quiet: true }
2026-05-09 03:40:53: ◇ injected env (3) from .env // tip: ⌘ suppress logs { quiet: true }
2026-05-09 03:40:54: ◇ injected env (3) from .env // tip: ⌘ multiple files { path: ['.env.local', '.env'] }
2026-05-09 03:40:55: ◇ injected env (3) from .env // tip: ⌘ enable debugging { debug: true }
2026-05-09 03:40:56: ◇ injected env (3) from .env // tip: ⌁ auth for agents [www.vestauth.com]
2026-05-09 03:40:57: ◇ injected env (3) from .env // tip: ⌘ custom filepath { path: '/custom/path/.env' }
2026-05-09 03:40:58: ◇ injected env (3) from .env // tip: ⌘ override existing { override: true }
2026-05-09 03:40:59: ◇ injected env (3) from .env // tip: ⌘ multiple files { path: ['.env.local', '.env'] }
2026-05-09 03:41:00: ◇ injected env (3) from .env // tip: ⌘ multiple files { path: ['.env.local', '.env'] }
2026-05-09 03:41:01: ◇ injected env (3) from .env // tip: ⌘ custom filepath { path: '/custom/path/.env' }
2026-05-09 03:41:03: ◇ injected env (3) from .env // tip: ⌘ suppress logs { quiet: true }
2026-05-09 03:41:04: ◇ injected env (3) from .env // tip: ⌘ custom filepath { path: '/custom/path/.env' }
2026-05-09 03:41:05: ◇ injected env (3) from .env // tip: ⌁ auth for agents [www.vestauth.com]
2026-05-09 03:41:06: ◇ injected env (3) from .env // tip: ⌘ custom filepath { path: '/custom/path/.env' }
2026-05-09 03:41:07: ◇ injected env (3) from .env // tip: ⌘ multiple files { path: ['.env.local', '.env'] }
2026-05-09 03:41:08: ◇ injected env (3) from .env // tip: ◈ secrets for agents [www.dotenvx.com]
2026-05-09 03:41:09: ◇ injected env (3) from .env // tip: ⌘ override existing { override: true }
2026-05-09 03:41:10: ◇ injected env (3) from .env // tip: ⌘ override existing { override: true }
2026-05-09 03:41:11: ◇ injected env (3) from .env // tip: ⌘ multiple files { path: ['.env.local', '.env'] }
2026-05-09 03:41:12: ◇ injected env (3) from .env // tip: ⌁ auth for agents [www.vestauth.com]
2026-05-09 03:41:13: ◇ injected env (3) from .env // tip: ◈ encrypted .env [www.dotenvx.com]
2026-05-09 03:41:14: ◇ injected env (3) from .env // tip: ⌘ custom filepath { path: '/custom/path/.env' }
2026-05-09 03:41:15: ◇ injected env (3) from .env // tip: ⌁ auth for agents [www.vestauth.com]
2026-05-09 03:41:16: ◇ injected env (3) from .env // tip: ◈ encrypted .env [www.dotenvx.com]
2026-05-09 03:41:18: ◇ injected env (3) from .env // tip: ⌘ multiple files { path: ['.env.local', '.env'] }
2026-05-09 03:41:19: ◇ injected env (3) from .env // tip: ⌘ multiple files { path: ['.env.local', '.env'] }
2026-05-09 03:41:20: ◇ injected env (3) from .env // tip: ◈ encrypted .env [www.dotenvx.com]
2026-05-09 03:41:21: ◇ injected env (3) from .env // tip: ⌘ custom filepath { path: '/custom/path/.env' }
2026-05-09 03:41:22: ◇ injected env (3) from .env // tip: ⌘ suppress logs { quiet: true }
2026-05-09 03:41:23: ◇ injected env (3) from .env // tip: ⌘ suppress logs { quiet: true }
2026-05-09 03:41:24: ◇ injected env (3) from .env // tip: ⌘ suppress logs { quiet: true }
2026-05-09 03:41:25: ◇ injected env (3) from .env // tip: ⌘ override existing { override: true }
2026-05-09 03:41:26: ◇ injected env (3) from .env // tip: ⌘ multiple files { path: ['.env.local', '.env'] }
2026-05-09 03:41:27: ◇ injected env (3) from .env // tip: ⌘ enable debugging { debug: true }
2026-05-09 03:41:28: ◇ injected env (3) from .env // tip: ⌘ multiple files { path: ['.env.local', '.env'] }
2026-05-09 03:41:29: ◇ injected env (3) from .env // tip: ◈ secrets for agents [www.dotenvx.com]
2026-05-09 03:41:30: ◇ injected env (3) from .env // tip: ⌘ custom filepath { path: '/custom/path/.env' }
2026-05-09 03:41:31: ◇ injected env (3) from .env // tip: ⌘ override existing { override: true }
2026-05-09 03:41:32: ◇ injected env (3) from .env // tip: ⌘ override existing { override: true }
2026-05-09 03:41:33: ◇ injected env (3) from .env // tip: ⌘ multiple files { path: ['.env.local', '.env'] }
2026-05-09 03:41:35: ◇ injected env (3) from .env // tip: ⌘ override existing { override: true }
2026-05-09 03:41:36: ◇ injected env (3) from .env // tip: ◈ encrypted .env [www.dotenvx.com]
2026-05-09 03:41:37: ◇ injected env (3) from .env // tip: ⌘ override existing { override: true }
2026-05-09 03:41:38: ◇ injected env (3) from .env // tip: ⌁ auth for agents [www.vestauth.com]
2026-05-09 03:41:39: ◇ injected env (3) from .env // tip: ⌘ custom filepath { path: '/custom/path/.env' }
2026-05-09 03:41:40: ◇ injected env (3) from .env // tip: ⌘ custom filepath { path: '/custom/path/.env' }
2026-05-09 03:41:41: ◇ injected env (3) from .env // tip: ◈ secrets for agents [www.dotenvx.com]
2026-05-09 03:41:42: ◇ injected env (3) from .env // tip: ⌁ auth for agents [www.vestauth.com]
2026-05-09 03:41:43: ◇ injected env (3) from .env // tip: ⌘ enable debugging { debug: true }
2026-05-09 03:41:44: ◇ injected env (3) from .env // tip: ⌘ suppress logs { quiet: true }
2026-05-09 03:41:45: ◇ injected env (3) from .env // tip: ⌘ override existing { override: true }
2026-05-09 03:41:46: ◇ injected env (3) from .env // tip: ⌘ custom filepath { path: '/custom/path/.env' }
2026-05-09 03:41:47: ◇ injected env (3) from .env // tip: ⌘ custom filepath { path: '/custom/path/.env' }
2026-05-09 03:41:48: ◇ injected env (3) from .env // tip: ◈ secrets for agents [www.dotenvx.com]
2026-05-09 03:41:49: ◇ injected env (3) from .env // tip: ⌘ override existing { override: true }
2026-05-09 03:41:51: ◇ injected env (3) from .env // tip: ◈ encrypted .env [www.dotenvx.com]
2026-05-09 03:41:52: ◇ injected env (3) from .env // tip: ⌘ multiple files { path: ['.env.local', '.env'] }
2026-05-09 03:41:53: ◇ injected env (3) from .env // tip: ◈ encrypted .env [www.dotenvx.com]
2026-05-09 03:41:54: ◇ injected env (3) from .env // tip: ⌘ enable debugging { debug: true }
2026-05-09 03:41:55: ◇ injected env (3) from .env // tip: ◈ encrypted .env [www.dotenvx.com]
2026-05-09 03:41:56: ◇ injected env (3) from .env // tip: ◈ encrypted .env [www.dotenvx.com]
2026-05-09 03:41:57: ◇ injected env (3) from .env // tip: ⌘ override existing { override: true }
2026-05-09 03:41:58: ◇ injected env (3) from .env // tip: ⌘ enable debugging { debug: true }
2026-05-09 03:41:59: ◇ injected env (3) from .env // tip: ⌁ auth for agents [www.vestauth.com]
2026-05-09 03:42:00: ◇ injected env (3) from .env // tip: ⌘ enable debugging { debug: true }
2026-05-09 03:42:01: ◇ injected env (3) from .env // tip: ⌘ override existing { override: true }
2026-05-09 03:42:02: ◇ injected env (3) from .env // tip: ⌘ multiple files { path: ['.env.local', '.env'] }
2026-05-09 03:42:03: ◇ injected env (3) from .env // tip: ⌘ custom filepath { path: '/custom/path/.env' }
2026-05-09 03:42:04: ◇ injected env (3) from .env // tip: ◈ secrets for agents [www.dotenvx.com]
2026-05-09 03:42:05: ◇ injected env (3) from .env // tip: ⌘ multiple files { path: ['.env.local', '.env'] }
2026-05-09 03:42:06: ◇ injected env (3) from .env // tip: ◈ encrypted .env [www.dotenvx.com]
2026-05-09 03:42:07: ◇ injected env (3) from .env // tip: ⌘ custom filepath { path: '/custom/path/.env' }
2026-05-09 03:42:09: ◇ injected env (3) from .env // tip: ◈ encrypted .env [www.dotenvx.com]
2026-05-09 03:42:10: ◇ injected env (3) from .env // tip: ⌘ custom filepath { path: '/custom/path/.env' }
2026-05-09 03:42:11: ◇ injected env (3) from .env // tip: ⌘ custom filepath { path: '/custom/path/.env' }
2026-05-09 03:42:12: ◇ injected env (3) from .env // tip: ◈ encrypted .env [www.dotenvx.com]
2026-05-09 03:42:13: ◇ injected env (3) from .env // tip: ⌘ override existing { override: true }
2026-05-09 03:42:14: ◇ injected env (3) from .env // tip: ◈ encrypted .env [www.dotenvx.com]
2026-05-09 03:42:15: ◇ injected env (3) from .env // tip: ⌘ multiple files { path: ['.env.local', '.env'] }
2026-05-09 03:42:16: ◇ injected env (3) from .env // tip: ⌘ custom filepath { path: '/custom/path/.env' }
2026-05-09 03:42:17: ◇ injected env (3) from .env // tip: ⌘ custom filepath { path: '/custom/path/.env' }
2026-05-09 03:42:18: ◇ injected env (3) from .env // tip: ⌁ auth for agents [www.vestauth.com]
2026-05-09 03:42:19: ◇ injected env (3) from .env // tip: ◈ encrypted .env [www.dotenvx.com]
2026-05-09 03:42:20: ◇ injected env (3) from .env // tip: ⌁ auth for agents [www.vestauth.com]
2026-05-09 03:42:21: ◇ injected env (3) from .env // tip: ⌘ custom filepath { path: '/custom/path/.env' }
2026-05-09 03:42:22: ◇ injected env (3) from .env // tip: ◈ secrets for agents [www.dotenvx.com]
2026-05-09 03:42:23: ◇ injected env (3) from .env // tip: ⌘ custom filepath { path: '/custom/path/.env' }
2026-05-09 03:42:24: ◇ injected env (3) from .env // tip: ⌘ enable debugging { debug: true }
2026-05-09 03:42:25: ◇ injected env (3) from .env // tip: ◈ encrypted .env [www.dotenvx.com]
2026-05-09 03:42:27: ◇ injected env (3) from .env // tip: ◈ secrets for agents [www.dotenvx.com]
2026-05-09 03:42:28: ◇ injected env (3) from .env // tip: ⌘ suppress logs { quiet: true }
2026-05-09 03:42:29: ◇ injected env (3) from .env // tip: ◈ secrets for agents [www.dotenvx.com]
2026-05-09 03:42:30: ◇ injected env (3) from .env // tip: ⌘ enable debugging { debug: true }
2026-05-09 03:42:31: ◇ injected env (3) from .env // tip: ◈ encrypted .env [www.dotenvx.com]
2026-05-09 03:42:32: ◇ injected env (3) from .env // tip: ⌘ override existing { override: true }
2026-05-09 03:42:33: ◇ injected env (3) from .env // tip: ◈ encrypted .env [www.dotenvx.com]
2026-05-09 03:42:34: ◇ injected env (3) from .env // tip: ⌁ auth for agents [www.vestauth.com]
2026-05-09 03:42:35: ◇ injected env (3) from .env // tip: ⌁ auth for agents [www.vestauth.com]
2026-05-09 03:42:36: ◇ injected env (3) from .env // tip: ◈ secrets for agents [www.dotenvx.com]
2026-05-09 03:42:37: ◇ injected env (3) from .env // tip: ◈ secrets for agents [www.dotenvx.com]
2026-05-09 03:42:38: ◇ injected env (3) from .env // tip: ⌘ custom filepath { path: '/custom/path/.env' }
2026-05-09 03:42:39: ◇ injected env (3) from .env // tip: ⌘ multiple files { path: ['.env.local', '.env'] }
2026-05-09 03:42:41: ◇ injected env (3) from .env // tip: ⌘ multiple files { path: ['.env.local', '.env'] }
2026-05-09 03:42:42: ◇ injected env (3) from .env // tip: ◈ secrets for agents [www.dotenvx.com]
2026-05-09 03:42:43: ◇ injected env (3) from .env // tip: ⌘ suppress logs { quiet: true }
2026-05-09 03:42:44: ◇ injected env (3) from .env // tip: ◈ encrypted .env [www.dotenvx.com]
2026-05-09 03:42:45: ◇ injected env (3) from .env // tip: ⌘ custom filepath { path: '/custom/path/.env' }
2026-05-09 03:42:46: ◇ injected env (3) from .env // tip: ⌁ auth for agents [www.vestauth.com]
2026-05-09 03:42:47: ◇ injected env (3) from .env // tip: ◈ secrets for agents [www.dotenvx.com]
2026-05-09 03:42:48: ◇ injected env (3) from .env // tip: ◈ secrets for agents [www.dotenvx.com]
2026-05-09 03:42:49: ◇ injected env (3) from .env // tip: ◈ secrets for agents [www.dotenvx.com]
2026-05-09 03:42:50: ◇ injected env (3) from .env // tip: ⌘ custom filepath { path: '/custom/path/.env' }
2026-05-09 03:42:51: ◇ injected env (3) from .env // tip: ⌁ auth for agents [www.vestauth.com]
2026-05-09 03:42:52: ◇ injected env (3) from .env // tip: ⌘ enable debugging { debug: true }
2026-05-09 03:42:53: ◇ injected env (3) from .env // tip: ⌁ auth for agents [www.vestauth.com]
2026-05-09 03:42:54: ◇ injected env (3) from .env // tip: ⌘ override existing { override: true }
2026-05-09 03:42:55: ◇ injected env (3) from .env // tip: ⌁ auth for agents [www.vestauth.com]
2026-05-09 03:42:56: ◇ injected env (3) from .env // tip: ◈ encrypted .env [www.dotenvx.com]
2026-05-09 03:42:58: ◇ injected env (3) from .env // tip: ⌘ override existing { override: true }
2026-05-09 03:42:59: ◇ injected env (3) from .env // tip: ⌘ custom filepath { path: '/custom/path/.env' }
2026-05-09 03:43:00: ◇ injected env (3) from .env // tip: ⌘ custom filepath { path: '/custom/path/.env' }
2026-05-09 03:43:01: ◇ injected env (3) from .env // tip: ◈ encrypted .env [www.dotenvx.com]
2026-05-09 03:43:02: ◇ injected env (3) from .env // tip: ◈ encrypted .env [www.dotenvx.com]
2026-05-09 03:43:03: ◇ injected env (3) from .env // tip: ◈ secrets for agents [www.dotenvx.com]
2026-05-09 03:43:04: ◇ injected env (3) from .env // tip: ⌘ multiple files { path: ['.env.local', '.env'] }
2026-05-09 03:43:05: ◇ injected env (3) from .env // tip: ⌘ custom filepath { path: '/custom/path/.env' }
2026-05-09 03:43:06: ◇ injected env (3) from .env // tip: ⌘ custom filepath { path: '/custom/path/.env' }
2026-05-09 03:43:07: ◇ injected env (3) from .env // tip: ◈ encrypted .env [www.dotenvx.com]
2026-05-09 03:43:08: ◇ injected env (3) from .env // tip: ⌘ override existing { override: true }
2026-05-09 03:43:09: ◇ injected env (3) from .env // tip: ⌁ auth for agents [www.vestauth.com]
2026-05-09 03:43:10: ◇ injected env (3) from .env // tip: ◈ encrypted .env [www.dotenvx.com]
2026-05-09 03:43:12: ◇ injected env (3) from .env // tip: ◈ secrets for agents [www.dotenvx.com]
2026-05-09 03:43:13: ◇ injected env (3) from .env // tip: ⌘ enable debugging { debug: true }
2026-05-09 03:43:14: ◇ injected env (3) from .env // tip: ◈ secrets for agents [www.dotenvx.com]
2026-05-09 03:43:15: ◇ injected env (3) from .env // tip: ⌁ auth for agents [www.vestauth.com]
2026-05-09 03:43:16: ◇ injected env (3) from .env // tip: ⌁ auth for agents [www.vestauth.com]
2026-05-09 03:43:17: ◇ injected env (3) from .env // tip: ⌘ override existing { override: true }
2026-05-09 03:43:18: ◇ injected env (3) from .env // tip: ⌘ suppress logs { quiet: true }
2026-05-09 03:43:19: ◇ injected env (3) from .env // tip: ◈ encrypted .env [www.dotenvx.com]
2026-05-09 03:43:20: ◇ injected env (3) from .env // tip: ⌘ enable debugging { debug: true }
2026-05-09 03:43:21: ◇ injected env (3) from .env // tip: ◈ secrets for agents [www.dotenvx.com]
2026-05-09 03:43:22: ◇ injected env (3) from .env // tip: ⌘ enable debugging { debug: true }
2026-05-09 03:43:23: ◇ injected env (3) from .env // tip: ⌘ multiple files { path: ['.env.local', '.env'] }
2026-05-09 03:43:24: ◇ injected env (3) from .env // tip: ⌘ multiple files { path: ['.env.local', '.env'] }
2026-05-09 03:43:25: ◇ injected env (3) from .env // tip: ◈ encrypted .env [www.dotenvx.com]
2026-05-09 03:43:26: ◇ injected env (3) from .env // tip: ⌘ custom filepath { path: '/custom/path/.env' }
2026-05-09 03:43:27: ◇ injected env (3) from .env // tip: ⌘ multiple files { path: ['.env.local', '.env'] }
2026-05-09 03:43:28: ◇ injected env (3) from .env // tip: ⌘ custom filepath { path: '/custom/path/.env' }
2026-05-09 03:43:30: ◇ injected env (3) from .env // tip: ⌘ enable debugging { debug: true }
2026-05-09 03:43:31: ◇ injected env (3) from .env // tip: ⌘ suppress logs { quiet: true }
2026-05-09 03:43:32: ◇ injected env (3) from .env // tip: ◈ encrypted .env [www.dotenvx.com]
2026-05-09 03:43:33: ◇ injected env (3) from .env // tip: ⌘ multiple files { path: ['.env.local', '.env'] }
2026-05-09 03:43:34: ◇ injected env (3) from .env // tip: ◈ encrypted .env [www.dotenvx.com]
2026-05-09 03:43:35: ◇ injected env (3) from .env // tip: ◈ encrypted .env [www.dotenvx.com]
2026-05-09 03:43:36: ◇ injected env (3) from .env // tip: ⌘ suppress logs { quiet: true }
2026-05-09 03:43:37: ◇ injected env (3) from .env // tip: ⌘ enable debugging { debug: true }
2026-05-09 03:43:38: ◇ injected env (3) from .env // tip: ◈ encrypted .env [www.dotenvx.com]
2026-05-09 03:43:39: ◇ injected env (3) from .env // tip: ⌘ multiple files { path: ['.env.local', '.env'] }
2026-05-09 03:43:40: ◇ injected env (3) from .env // tip: ⌘ enable debugging { debug: true }
2026-05-09 03:43:41: ◇ injected env (3) from .env // tip: ◈ secrets for agents [www.dotenvx.com]
2026-05-09 03:43:42: ◇ injected env (3) from .env // tip: ⌁ auth for agents [www.vestauth.com]
2026-05-09 03:43:43: ◇ injected env (3) from .env // tip: ⌘ suppress logs { quiet: true }
2026-05-09 03:43:44: ◇ injected env (3) from .env // tip: ◈ secrets for agents [www.dotenvx.com]
2026-05-09 03:43:45: ◇ injected env (3) from .env // tip: ⌘ enable debugging { debug: true }
2026-05-09 03:43:47: ◇ injected env (3) from .env // tip: ⌘ enable debugging { debug: true }
2026-05-09 03:43:48: ◇ injected env (3) from .env // tip: ◈ encrypted .env [www.dotenvx.com]
2026-05-09 03:43:49: ◇ injected env (3) from .env // tip: ⌁ auth for agents [www.vestauth.com]
2026-05-09 03:43:50: ◇ injected env (3) from .env // tip: ⌘ override existing { override: true }
2026-05-09 03:43:51: ◇ injected env (3) from .env // tip: ⌁ auth for agents [www.vestauth.com]
2026-05-09 03:43:52: ◇ injected env (3) from .env // tip: ◈ secrets for agents [www.dotenvx.com]
2026-05-09 03:43:53: ◇ injected env (3) from .env // tip: ⌘ override existing { override: true }
2026-05-09 03:43:54: ◇ injected env (3) from .env // tip: ◈ encrypted .env [www.dotenvx.com]
2026-05-09 03:43:55: ◇ injected env (3) from .env // tip: ⌘ multiple files { path: ['.env.local', '.env'] }
2026-05-09 03:43:56: ◇ injected env (3) from .env // tip: ⌘ suppress logs { quiet: true }
2026-05-09 03:43:57: ◇ injected env (3) from .env // tip: ⌘ multiple files { path: ['.env.local', '.env'] }
2026-05-09 03:43:58: ◇ injected env (3) from .env // tip: ◈ encrypted .env [www.dotenvx.com]
2026-05-09 03:43:59: ◇ injected env (3) from .env // tip: ◈ secrets for agents [www.dotenvx.com]
2026-05-09 03:44:00: ◇ injected env (3) from .env // tip: ◈ encrypted .env [www.dotenvx.com]
2026-05-09 03:44:01: ◇ injected env (3) from .env // tip: ⌘ custom filepath { path: '/custom/path/.env' }
2026-05-09 03:44:03: ◇ injected env (3) from .env // tip: ⌘ multiple files { path: ['.env.local', '.env'] }
2026-05-09 03:44:04: ◇ injected env (3) from .env // tip: ⌘ multiple files { path: ['.env.local', '.env'] }
2026-05-09 03:44:05: ◇ injected env (3) from .env // tip: ⌘ custom filepath { path: '/custom/path/.env' }
2026-05-09 03:44:06: ◇ injected env (3) from .env // tip: ⌁ auth for agents [www.vestauth.com]
2026-05-09 03:44:07: ◇ injected env (3) from .env // tip: ⌁ auth for agents [www.vestauth.com]
2026-05-09 03:44:08: ◇ injected env (3) from .env // tip: ◈ encrypted .env [www.dotenvx.com]
2026-05-09 03:44:09: ◇ injected env (3) from .env // tip: ⌘ enable debugging { debug: true }
2026-05-09 03:44:10: ◇ injected env (3) from .env // tip: ◈ encrypted .env [www.dotenvx.com]
2026-05-09 03:44:11: ◇ injected env (3) from .env // tip: ⌘ suppress logs { quiet: true }
2026-05-09 03:44:12: ◇ injected env (3) from .env // tip: ⌘ enable debugging { debug: true }
2026-05-09 03:44:13: ◇ injected env (3) from .env // tip: ⌘ override existing { override: true }
2026-05-09 03:44:14: ◇ injected env (3) from .env // tip: ⌘ suppress logs { quiet: true }
2026-05-09 03:44:15: ◇ injected env (3) from .env // tip: ◈ encrypted .env [www.dotenvx.com]
2026-05-09 03:44:17: ◇ injected env (3) from .env // tip: ⌁ auth for agents [www.vestauth.com]
2026-05-09 03:44:18: ◇ injected env (3) from .env // tip: ⌘ suppress logs { quiet: true }
2026-05-09 03:44:19: ◇ injected env (3) from .env // tip: ⌘ multiple files { path: ['.env.local', '.env'] }
2026-05-09 03:44:20: ◇ injected env (3) from .env // tip: ◈ secrets for agents [www.dotenvx.com]
2026-05-09 03:44:21: ◇ injected env (3) from .env // tip: ⌘ custom filepath { path: '/custom/path/.env' }
2026-05-09 03:44:22: ◇ injected env (3) from .env // tip: ⌘ suppress logs { quiet: true }
2026-05-09 03:44:23: ◇ injected env (3) from .env // tip: ⌘ suppress logs { quiet: true }
2026-05-09 03:44:24: ◇ injected env (3) from .env // tip: ⌘ suppress logs { quiet: true }
2026-05-09 03:44:25: ◇ injected env (3) from .env // tip: ⌘ multiple files { path: ['.env.local', '.env'] }
2026-05-09 03:44:26: ◇ injected env (3) from .env // tip: ◈ secrets for agents [www.dotenvx.com]
2026-05-09 03:44:27: ◇ injected env (3) from .env // tip: ⌘ override existing { override: true }
2026-05-09 03:44:28: ◇ injected env (3) from .env // tip: ◈ encrypted .env [www.dotenvx.com]
2026-05-09 03:44:29: ◇ injected env (3) from .env // tip: ◈ secrets for agents [www.dotenvx.com]
2026-05-09 03:44:30: ◇ injected env (3) from .env // tip: ⌘ override existing { override: true }
2026-05-09 03:44:31: ◇ injected env (3) from .env // tip: ⌘ custom filepath { path: '/custom/path/.env' }
2026-05-09 03:44:33: ◇ injected env (3) from .env // tip: ⌘ multiple files { path: ['.env.local', '.env'] }
2026-05-09 03:44:34: ◇ injected env (3) from .env // tip: ⌁ auth for agents [www.vestauth.com]
2026-05-09 03:44:35: ◇ injected env (3) from .env // tip: ⌘ override existing { override: true }
2026-05-09 03:44:36: ◇ injected env (3) from .env // tip: ◈ encrypted .env [www.dotenvx.com]
2026-05-09 03:44:37: ◇ injected env (3) from .env // tip: ⌘ multiple files { path: ['.env.local', '.env'] }
2026-05-09 03:44:38: ◇ injected env (3) from .env // tip: ⌘ override existing { override: true }
2026-05-09 03:44:39: ◇ injected env (3) from .env // tip: ⌘ suppress logs { quiet: true }
2026-05-09 03:44:40: ◇ injected env (3) from .env // tip: ⌁ auth for agents [www.vestauth.com]
2026-05-09 03:44:41: ◇ injected env (3) from .env // tip: ⌘ custom filepath { path: '/custom/path/.env' }
2026-05-09 03:44:42: ◇ injected env (3) from .env // tip: ◈ encrypted .env [www.dotenvx.com]
2026-05-09 03:44:43: ◇ injected env (3) from .env // tip: ⌁ auth for agents [www.vestauth.com]
2026-05-09 03:44:44: ◇ injected env (3) from .env // tip: ⌘ override existing { override: true }
2026-05-09 03:44:45: ◇ injected env (3) from .env // tip: ⌘ suppress logs { quiet: true }
2026-05-09 03:44:46: ◇ injected env (3) from .env // tip: ⌘ suppress logs { quiet: true }
2026-05-09 03:44:48: ◇ injected env (3) from .env // tip: ◈ secrets for agents [www.dotenvx.com]
2026-05-09 03:44:49: ◇ injected env (3) from .env // tip: ⌁ auth for agents [www.vestauth.com]
2026-05-09 03:44:50: ◇ injected env (3) from .env // tip: ⌁ auth for agents [www.vestauth.com]
2026-05-09 03:44:51: ◇ injected env (3) from .env // tip: ⌘ multiple files { path: ['.env.local', '.env'] }
2026-05-09 03:44:52: ◇ injected env (3) from .env // tip: ⌘ suppress logs { quiet: true }
2026-05-09 03:44:53: ◇ injected env (3) from .env // tip: ⌁ auth for agents [www.vestauth.com]
2026-05-09 03:44:54: ◇ injected env (3) from .env // tip: ⌘ enable debugging { debug: true }
2026-05-09 03:44:55: ◇ injected env (3) from .env // tip: ⌘ enable debugging { debug: true }
2026-05-09 03:44:56: ◇ injected env (3) from .env // tip: ◈ secrets for agents [www.dotenvx.com]
2026-05-09 03:44:57: ◇ injected env (3) from .env // tip: ⌁ auth for agents [www.vestauth.com]
2026-05-09 03:44:58: ◇ injected env (3) from .env // tip: ⌘ multiple files { path: ['.env.local', '.env'] }
2026-05-09 03:44:59: ◇ injected env (3) from .env // tip: ⌘ custom filepath { path: '/custom/path/.env' }
2026-05-09 03:45:00: ◇ injected env (3) from .env // tip: ⌘ custom filepath { path: '/custom/path/.env' }
2026-05-09 03:45:01: ◇ injected env (3) from .env // tip: ◈ encrypted .env [www.dotenvx.com]
2026-05-09 03:45:03: ◇ injected env (3) from .env // tip: ⌘ multiple files { path: ['.env.local', '.env'] }
2026-05-09 03:45:04: ◇ injected env (3) from .env // tip: ⌘ override existing { override: true }
2026-05-09 03:45:05: ◇ injected env (3) from .env // tip: ⌘ override existing { override: true }
2026-05-09 03:45:06: ◇ injected env (3) from .env // tip: ⌘ multiple files { path: ['.env.local', '.env'] }
2026-05-09 03:45:07: ◇ injected env (3) from .env // tip: ⌘ suppress logs { quiet: true }
2026-05-09 03:45:08: ◇ injected env (3) from .env // tip: ⌁ auth for agents [www.vestauth.com]
2026-05-09 03:45:09: ◇ injected env (3) from .env // tip: ⌘ suppress logs { quiet: true }
2026-05-09 03:45:10: ◇ injected env (3) from .env // tip: ⌁ auth for agents [www.vestauth.com]
2026-05-09 03:45:11: ◇ injected env (3) from .env // tip: ⌘ override existing { override: true }
2026-05-09 03:45:12: ◇ injected env (3) from .env // tip: ◈ encrypted .env [www.dotenvx.com]
2026-05-09 03:45:13: ◇ injected env (3) from .env // tip: ⌘ suppress logs { quiet: true }
2026-05-09 03:45:14: ◇ injected env (3) from .env // tip: ◈ secrets for agents [www.dotenvx.com]
2026-05-09 03:45:15: ◇ injected env (3) from .env // tip: ⌘ custom filepath { path: '/custom/path/.env' }
2026-05-09 03:45:16: ◇ injected env (3) from .env // tip: ⌘ multiple files { path: ['.env.local', '.env'] }
2026-05-09 03:45:17: ◇ injected env (3) from .env // tip: ⌁ auth for agents [www.vestauth.com]
2026-05-09 03:45:18: ◇ injected env (3) from .env // tip: ⌘ custom filepath { path: '/custom/path/.env' }
2026-05-09 03:45:20: ◇ injected env (3) from .env // tip: ⌘ multiple files { path: ['.env.local', '.env'] }
2026-05-09 03:45:21: ◇ injected env (3) from .env // tip: ⌘ multiple files { path: ['.env.local', '.env'] }
2026-05-09 03:45:22: ◇ injected env (3) from .env // tip: ◈ encrypted .env [www.dotenvx.com]
2026-05-09 03:45:23: ◇ injected env (3) from .env // tip: ⌘ suppress logs { quiet: true }
2026-05-09 03:45:24: ◇ injected env (3) from .env // tip: ⌘ multiple files { path: ['.env.local', '.env'] }
2026-05-09 03:45:25: ◇ injected env (3) from .env // tip: ◈ secrets for agents [www.dotenvx.com]
2026-05-09 03:45:26: ◇ injected env (3) from .env // tip: ⌘ custom filepath { path: '/custom/path/.env' }
2026-05-09 03:45:27: ◇ injected env (3) from .env // tip: ⌁ auth for agents [www.vestauth.com]
2026-05-09 03:45:28: ◇ injected env (3) from .env // tip: ◈ secrets for agents [www.dotenvx.com]
2026-05-09 03:45:29: ◇ injected env (3) from .env // tip: ⌘ suppress logs { quiet: true }
2026-05-09 03:45:30: ◇ injected env (3) from .env // tip: ⌘ override existing { override: true }
2026-05-09 03:45:31: ◇ injected env (3) from .env // tip: ⌘ suppress logs { quiet: true }
2026-05-09 03:45:32: ◇ injected env (3) from .env // tip: ⌘ override existing { override: true }
2026-05-09 03:45:34: ◇ injected env (3) from .env // tip: ⌘ suppress logs { quiet: true }
2026-05-09 03:45:35: ◇ injected env (3) from .env // tip: ⌘ suppress logs { quiet: true }
2026-05-09 03:45:36: ◇ injected env (3) from .env // tip: ◈ encrypted .env [www.dotenvx.com]
2026-05-09 03:45:37: ◇ injected env (3) from .env // tip: ⌘ multiple files { path: ['.env.local', '.env'] }
2026-05-09 03:45:38: ◇ injected env (3) from .env // tip: ⌘ override existing { override: true }
2026-05-09 03:45:39: ◇ injected env (3) from .env // tip: ⌘ enable debugging { debug: true }
2026-05-09 03:45:40: ◇ injected env (3) from .env // tip: ⌘ override existing { override: true }
2026-05-09 03:45:41: ◇ injected env (3) from .env // tip: ⌘ custom filepath { path: '/custom/path/.env' }
2026-05-09 03:45:42: ◇ injected env (3) from .env // tip: ⌘ override existing { override: true }
2026-05-09 03:45:43: ◇ injected env (3) from .env // tip: ⌘ multiple files { path: ['.env.local', '.env'] }
2026-05-09 03:45:44: ◇ injected env (3) from .env // tip: ⌁ auth for agents [www.vestauth.com]
2026-05-09 03:45:45: ◇ injected env (3) from .env // tip: ⌘ override existing { override: true }
2026-05-09 03:45:46: ◇ injected env (3) from .env // tip: ⌘ enable debugging { debug: true }
2026-05-09 03:45:47: ◇ injected env (3) from .env // tip: ◈ secrets for agents [www.dotenvx.com]
2026-05-09 03:45:48: ◇ injected env (3) from .env // tip: ⌘ override existing { override: true }
2026-05-09 03:45:49: ◇ injected env (3) from .env // tip: ⌘ override existing { override: true }
2026-05-09 03:45:50: ◇ injected env (3) from .env // tip: ◈ secrets for agents [www.dotenvx.com]
2026-05-09 03:45:52: ◇ injected env (3) from .env // tip: ⌘ multiple files { path: ['.env.local', '.env'] }
2026-05-09 03:45:53: ◇ injected env (3) from .env // tip: ◈ secrets for agents [www.dotenvx.com]
2026-05-09 03:45:54: ◇ injected env (3) from .env // tip: ⌘ override existing { override: true }
2026-05-09 03:45:55: ◇ injected env (3) from .env // tip: ◈ encrypted .env [www.dotenvx.com]
2026-05-09 03:45:56: ◇ injected env (3) from .env // tip: ⌘ suppress logs { quiet: true }
2026-05-09 03:45:57: ◇ injected env (3) from .env // tip: ⌁ auth for agents [www.vestauth.com]
2026-05-09 03:45:58: ◇ injected env (3) from .env // tip: ⌘ multiple files { path: ['.env.local', '.env'] }
2026-05-09 03:45:59: ◇ injected env (3) from .env // tip: ⌁ auth for agents [www.vestauth.com]
2026-05-09 03:46:00: ◇ injected env (3) from .env // tip: ⌘ custom filepath { path: '/custom/path/.env' }
2026-05-09 03:46:01: ◇ injected env (3) from .env // tip: ⌁ auth for agents [www.vestauth.com]
2026-05-09 03:46:02: ◇ injected env (3) from .env // tip: ◈ secrets for agents [www.dotenvx.com]
2026-05-09 03:46:03: ◇ injected env (3) from .env // tip: ⌘ suppress logs { quiet: true }
2026-05-09 03:46:04: ◇ injected env (3) from .env // tip: ⌘ custom filepath { path: '/custom/path/.env' }
2026-05-09 03:46:06: ◇ injected env (3) from .env // tip: ⌘ override existing { override: true }
2026-05-09 03:46:07: ◇ injected env (3) from .env // tip: ⌘ multiple files { path: ['.env.local', '.env'] }
2026-05-09 03:46:08: ◇ injected env (3) from .env // tip: ◈ secrets for agents [www.dotenvx.com]
2026-05-09 03:46:09: ◇ injected env (3) from .env // tip: ⌘ multiple files { path: ['.env.local', '.env'] }
2026-05-09 03:46:10: ◇ injected env (3) from .env // tip: ◈ encrypted .env [www.dotenvx.com]
2026-05-09 03:46:11: ◇ injected env (3) from .env // tip: ◈ secrets for agents [www.dotenvx.com]
2026-05-09 03:46:12: ◇ injected env (3) from .env // tip: ⌁ auth for agents [www.vestauth.com]
2026-05-09 03:46:13: ◇ injected env (3) from .env // tip: ◈ encrypted .env [www.dotenvx.com]
2026-05-09 03:46:14: ◇ injected env (3) from .env // tip: ◈ secrets for agents [www.dotenvx.com]
2026-05-09 03:46:15: ◇ injected env (3) from .env // tip: ◈ encrypted .env [www.dotenvx.com]
2026-05-09 03:46:16: ◇ injected env (3) from .env // tip: ◈ secrets for agents [www.dotenvx.com]
2026-05-09 03:46:17: ◇ injected env (3) from .env // tip: ◈ encrypted .env [www.dotenvx.com]
2026-05-09 03:46:18: ◇ injected env (3) from .env // tip: ◈ secrets for agents [www.dotenvx.com]
2026-05-09 03:46:19: ◇ injected env (3) from .env // tip: ⌘ suppress logs { quiet: true }
2026-05-09 03:46:20: ◇ injected env (3) from .env // tip: ◈ encrypted .env [www.dotenvx.com]
2026-05-09 03:46:21: ◇ injected env (3) from .env // tip: ◈ secrets for agents [www.dotenvx.com]
2026-05-09 03:46:22: ◇ injected env (3) from .env // tip: ⌘ custom filepath { path: '/custom/path/.env' }
2026-05-09 03:46:24: ◇ injected env (3) from .env // tip: ⌁ auth for agents [www.vestauth.com]
2026-05-09 03:46:25: ◇ injected env (3) from .env // tip: ⌁ auth for agents [www.vestauth.com]
2026-05-09 03:46:26: ◇ injected env (3) from .env // tip: ⌘ enable debugging { debug: true }
2026-05-09 03:46:27: ◇ injected env (3) from .env // tip: ⌘ suppress logs { quiet: true }
2026-05-09 03:46:28: ◇ injected env (3) from .env // tip: ⌁ auth for agents [www.vestauth.com]
2026-05-09 03:46:29: ◇ injected env (3) from .env // tip: ⌘ multiple files { path: ['.env.local', '.env'] }
2026-05-09 03:46:30: ◇ injected env (3) from .env // tip: ⌘ suppress logs { quiet: true }
2026-05-09 03:46:31: ◇ injected env (3) from .env // tip: ⌘ enable debugging { debug: true }
2026-05-09 03:46:32: ◇ injected env (3) from .env // tip: ⌘ custom filepath { path: '/custom/path/.env' }
2026-05-09 03:46:33: ◇ injected env (3) from .env // tip: ⌘ multiple files { path: ['.env.local', '.env'] }
2026-05-09 03:46:34: ◇ injected env (3) from .env // tip: ⌁ auth for agents [www.vestauth.com]
2026-05-09 03:46:35: ◇ injected env (3) from .env // tip: ⌘ suppress logs { quiet: true }
2026-05-09 03:46:36: ◇ injected env (3) from .env // tip: ◈ secrets for agents [www.dotenvx.com]
2026-05-09 03:46:37: ◇ injected env (3) from .env // tip: ⌘ enable debugging { debug: true }
2026-05-09 03:46:39: ◇ injected env (3) from .env // tip: ⌁ auth for agents [www.vestauth.com]
2026-05-09 03:46:40: ◇ injected env (3) from .env // tip: ⌘ override existing { override: true }
2026-05-09 03:46:41: ◇ injected env (3) from .env // tip: ⌘ enable debugging { debug: true }
2026-05-09 03:46:42: ◇ injected env (3) from .env // tip: ⌘ suppress logs { quiet: true }
2026-05-09 03:46:43: ◇ injected env (3) from .env // tip: ⌁ auth for agents [www.vestauth.com]
2026-05-09 03:46:44: ◇ injected env (3) from .env // tip: ⌘ multiple files { path: ['.env.local', '.env'] }
2026-05-09 03:46:45: ◇ injected env (3) from .env // tip: ⌘ custom filepath { path: '/custom/path/.env' }
2026-05-09 03:46:46: ◇ injected env (3) from .env // tip: ⌘ multiple files { path: ['.env.local', '.env'] }
2026-05-09 03:46:47: ◇ injected env (3) from .env // tip: ⌘ custom filepath { path: '/custom/path/.env' }
2026-05-09 03:46:48: ◇ injected env (3) from .env // tip: ⌘ suppress logs { quiet: true }
2026-05-09 03:46:49: ◇ injected env (3) from .env // tip: ⌘ enable debugging { debug: true }
2026-05-09 03:46:50: ◇ injected env (3) from .env // tip: ⌘ custom filepath { path: '/custom/path/.env' }
2026-05-09 03:46:51: ◇ injected env (3) from .env // tip: ⌘ override existing { override: true }
2026-05-09 03:46:52: ◇ injected env (3) from .env // tip: ⌘ multiple files { path: ['.env.local', '.env'] }
2026-05-09 03:46:53: ◇ injected env (3) from .env // tip: ⌁ auth for agents [www.vestauth.com]
2026-05-09 03:46:54: ◇ injected env (3) from .env // tip: ◈ secrets for agents [www.dotenvx.com]
2026-05-09 03:46:56: ◇ injected env (3) from .env // tip: ⌘ custom filepath { path: '/custom/path/.env' }
2026-05-09 03:46:57: ◇ injected env (3) from .env // tip: ◈ secrets for agents [www.dotenvx.com]
2026-05-09 03:46:58: ◇ injected env (3) from .env // tip: ⌘ multiple files { path: ['.env.local', '.env'] }
2026-05-09 03:46:59: ◇ injected env (3) from .env // tip: ⌘ suppress logs { quiet: true }
2026-05-09 03:47:00: ◇ injected env (3) from .env // tip: ⌘ override existing { override: true }
2026-05-09 03:47:01: ◇ injected env (3) from .env // tip: ⌘ enable debugging { debug: true }
2026-05-09 03:47:02: ◇ injected env (3) from .env // tip: ⌘ custom filepath { path: '/custom/path/.env' }
2026-05-09 03:47:03: ◇ injected env (3) from .env // tip: ◈ secrets for agents [www.dotenvx.com]
2026-05-09 03:47:04: ◇ injected env (3) from .env // tip: ⌘ enable debugging { debug: true }
2026-05-09 03:47:05: ◇ injected env (3) from .env // tip: ⌘ multiple files { path: ['.env.local', '.env'] }
2026-05-09 03:47:06: ◇ injected env (3) from .env // tip: ◈ encrypted .env [www.dotenvx.com]
2026-05-09 03:47:07: ◇ injected env (3) from .env // tip: ◈ secrets for agents [www.dotenvx.com]
2026-05-09 03:47:08: ◇ injected env (3) from .env // tip: ⌘ enable debugging { debug: true }
2026-05-09 03:47:09: ◇ injected env (3) from .env // tip: ⌘ multiple files { path: ['.env.local', '.env'] }
2026-05-09 03:47:10: ◇ injected env (3) from .env // tip: ◈ encrypted .env [www.dotenvx.com]
2026-05-09 03:47:12: ◇ injected env (3) from .env // tip: ⌘ override existing { override: true }
2026-05-09 03:47:13: ◇ injected env (3) from .env // tip: ⌘ suppress logs { quiet: true }
2026-05-09 03:47:14: ◇ injected env (3) from .env // tip: ⌘ custom filepath { path: '/custom/path/.env' }
2026-05-09 03:47:15: ◇ injected env (3) from .env // tip: ◈ encrypted .env [www.dotenvx.com]
2026-05-09 03:47:16: ◇ injected env (3) from .env // tip: ⌘ suppress logs { quiet: true }
2026-05-09 03:47:17: ◇ injected env (3) from .env // tip: ⌘ suppress logs { quiet: true }
2026-05-09 03:47:18: ◇ injected env (3) from .env // tip: ◈ encrypted .env [www.dotenvx.com]
2026-05-09 03:47:19: ◇ injected env (3) from .env // tip: ⌁ auth for agents [www.vestauth.com]
2026-05-09 03:47:20: ◇ injected env (3) from .env // tip: ⌘ override existing { override: true }
2026-05-09 03:47:21: ◇ injected env (3) from .env // tip: ⌘ suppress logs { quiet: true }
2026-05-09 03:47:22: ◇ injected env (3) from .env // tip: ◈ encrypted .env [www.dotenvx.com]
2026-05-09 03:47:23: ◇ injected env (3) from .env // tip: ⌘ enable debugging { debug: true }
2026-05-09 03:47:24: ◇ injected env (3) from .env // tip: ◈ encrypted .env [www.dotenvx.com]
2026-05-09 03:47:25: ◇ injected env (3) from .env // tip: ⌁ auth for agents [www.vestauth.com]
2026-05-09 03:47:26: ◇ injected env (3) from .env // tip: ◈ secrets for agents [www.dotenvx.com]
2026-05-09 03:47:28: ◇ injected env (3) from .env // tip: ⌘ suppress logs { quiet: true }
2026-05-09 03:47:29: ◇ injected env (3) from .env // tip: ⌘ override existing { override: true }
2026-05-09 03:47:30: ◇ injected env (3) from .env // tip: ⌁ auth for agents [www.vestauth.com]
2026-05-09 03:47:31: ◇ injected env (3) from .env // tip: ⌘ custom filepath { path: '/custom/path/.env' }
2026-05-09 03:47:32: ◇ injected env (3) from .env // tip: ⌘ suppress logs { quiet: true }
2026-05-09 03:47:33: ◇ injected env (3) from .env // tip: ⌘ suppress logs { quiet: true }
2026-05-09 03:47:34: ◇ injected env (3) from .env // tip: ⌘ multiple files { path: ['.env.local', '.env'] }
2026-05-09 03:47:35: ◇ injected env (3) from .env // tip: ⌘ multiple files { path: ['.env.local', '.env'] }
2026-05-09 03:47:36: ◇ injected env (3) from .env // tip: ⌘ custom filepath { path: '/custom/path/.env' }
2026-05-09 03:47:37: ◇ injected env (3) from .env // tip: ◈ encrypted .env [www.dotenvx.com]
2026-05-09 03:47:38: ◇ injected env (3) from .env // tip: ◈ encrypted .env [www.dotenvx.com]
2026-05-09 03:47:40: ◇ injected env (3) from .env // tip: ⌘ enable debugging { debug: true }
2026-05-09 03:47:41: ◇ injected env (3) from .env // tip: ◈ encrypted .env [www.dotenvx.com]
2026-05-09 03:47:42: ◇ injected env (3) from .env // tip: ⌘ enable debugging { debug: true }
2026-05-09 03:47:43: ◇ injected env (3) from .env // tip: ⌘ suppress logs { quiet: true }
2026-05-09 03:47:44: ◇ injected env (3) from .env // tip: ◈ secrets for agents [www.dotenvx.com]
2026-05-09 03:47:45: ◇ injected env (3) from .env // tip: ⌘ enable debugging { debug: true }
2026-05-09 03:47:46: ◇ injected env (3) from .env // tip: ◈ secrets for agents [www.dotenvx.com]
2026-05-09 03:47:47: ◇ injected env (3) from .env // tip: ⌘ enable debugging { debug: true }
2026-05-09 03:47:48: ◇ injected env (3) from .env // tip: ◈ encrypted .env [www.dotenvx.com]
2026-05-09 03:47:49: ◇ injected env (3) from .env // tip: ◈ encrypted .env [www.dotenvx.com]
2026-05-09 03:47:50: ◇ injected env (3) from .env // tip: ⌘ enable debugging { debug: true }
2026-05-09 03:47:51: ◇ injected env (3) from .env // tip: ◈ encrypted .env [www.dotenvx.com]
2026-05-09 03:47:52: ◇ injected env (3) from .env // tip: ⌘ multiple files { path: ['.env.local', '.env'] }
2026-05-09 03:47:53: ◇ injected env (3) from .env // tip: ◈ secrets for agents [www.dotenvx.com]
2026-05-09 03:47:54: ◇ injected env (3) from .env // tip: ⌘ override existing { override: true }
2026-05-09 03:47:55: ◇ injected env (3) from .env // tip: ⌘ override existing { override: true }
2026-05-09 03:47:57: ◇ injected env (3) from .env // tip: ⌘ multiple files { path: ['.env.local', '.env'] }
2026-05-09 03:47:58: ◇ injected env (3) from .env // tip: ◈ encrypted .env [www.dotenvx.com]
2026-05-09 03:47:59: ◇ injected env (3) from .env // tip: ◈ encrypted .env [www.dotenvx.com]
2026-05-09 03:48:00: ◇ injected env (3) from .env // tip: ⌘ custom filepath { path: '/custom/path/.env' }
2026-05-09 03:48:01: ◇ injected env (3) from .env // tip: ◈ secrets for agents [www.dotenvx.com]
2026-05-09 03:48:02: ◇ injected env (3) from .env // tip: ⌘ suppress logs { quiet: true }
2026-05-09 03:48:03: ◇ injected env (3) from .env // tip: ◈ encrypted .env [www.dotenvx.com]
2026-05-09 03:48:04: ◇ injected env (3) from .env // tip: ◈ encrypted .env [www.dotenvx.com]
2026-05-09 03:48:05: ◇ injected env (3) from .env // tip: ⌘ enable debugging { debug: true }
2026-05-09 03:48:06: ◇ injected env (3) from .env // tip: ⌘ custom filepath { path: '/custom/path/.env' }
2026-05-09 03:48:07: ◇ injected env (3) from .env // tip: ◈ encrypted .env [www.dotenvx.com]
2026-05-09 03:48:09: ◇ injected env (3) from .env // tip: ⌘ multiple files { path: ['.env.local', '.env'] }
2026-05-09 03:48:10: ◇ injected env (3) from .env // tip: ◈ secrets for agents [www.dotenvx.com]
2026-05-09 03:48:11: ◇ injected env (3) from .env // tip: ◈ secrets for agents [www.dotenvx.com]
2026-05-09 03:48:12: ◇ injected env (3) from .env // tip: ⌘ enable debugging { debug: true }
2026-05-09 03:48:13: ◇ injected env (3) from .env // tip: ◈ secrets for agents [www.dotenvx.com]
2026-05-09 03:48:14: ◇ injected env (3) from .env // tip: ⌘ enable debugging { debug: true }
2026-05-09 03:48:15: ◇ injected env (3) from .env // tip: ⌘ multiple files { path: ['.env.local', '.env'] }
2026-05-09 03:48:16: ◇ injected env (3) from .env // tip: ⌘ custom filepath { path: '/custom/path/.env' }
2026-05-09 03:48:17: ◇ injected env (3) from .env // tip: ◈ encrypted .env [www.dotenvx.com]
2026-05-09 03:48:18: ◇ injected env (3) from .env // tip: ⌁ auth for agents [www.vestauth.com]
2026-05-09 03:48:19: ◇ injected env (3) from .env // tip: ⌘ suppress logs { quiet: true }
2026-05-09 03:48:20: ◇ injected env (3) from .env // tip: ⌘ override existing { override: true }
2026-05-09 03:48:21: ◇ injected env (3) from .env // tip: ⌘ override existing { override: true }
2026-05-09 03:48:22: ◇ injected env (3) from .env // tip: ⌘ suppress logs { quiet: true }
2026-05-09 03:48:23: ◇ injected env (3) from .env // tip: ⌘ suppress logs { quiet: true }
2026-05-09 03:48:24: ◇ injected env (3) from .env // tip: ⌘ suppress logs { quiet: true }
2026-05-09 03:48:25: ◇ injected env (3) from .env // tip: ⌘ multiple files { path: ['.env.local', '.env'] }
2026-05-09 03:48:27: ◇ injected env (3) from .env // tip: ⌘ suppress logs { quiet: true }
2026-05-09 03:48:28: ◇ injected env (3) from .env // tip: ⌘ suppress logs { quiet: true }
2026-05-09 03:48:29: ◇ injected env (3) from .env // tip: ◈ secrets for agents [www.dotenvx.com]
2026-05-09 03:48:30: ◇ injected env (3) from .env // tip: ⌁ auth for agents [www.vestauth.com]
2026-05-09 03:48:31: ◇ injected env (3) from .env // tip: ⌘ custom filepath { path: '/custom/path/.env' }
2026-05-09 03:48:32: ◇ injected env (3) from .env // tip: ⌘ override existing { override: true }
2026-05-09 03:48:33: ◇ injected env (3) from .env // tip: ⌘ custom filepath { path: '/custom/path/.env' }
2026-05-09 03:48:34: ◇ injected env (3) from .env // tip: ⌘ custom filepath { path: '/custom/path/.env' }
2026-05-09 03:48:35: ◇ injected env (3) from .env // tip: ⌘ suppress logs { quiet: true }
2026-05-09 03:48:36: ◇ injected env (3) from .env // tip: ◈ encrypted .env [www.dotenvx.com]
2026-05-09 03:48:37: ◇ injected env (3) from .env // tip: ⌘ override existing { override: true }
2026-05-09 03:48:38: ◇ injected env (3) from .env // tip: ⌁ auth for agents [www.vestauth.com]
2026-05-09 03:48:39: ◇ injected env (3) from .env // tip: ⌘ enable debugging { debug: true }
2026-05-09 03:48:41: ◇ injected env (3) from .env // tip: ◈ secrets for agents [www.dotenvx.com]
2026-05-09 03:48:42: ◇ injected env (3) from .env // tip: ⌁ auth for agents [www.vestauth.com]
2026-05-09 03:48:43: ◇ injected env (3) from .env // tip: ⌘ suppress logs { quiet: true }
2026-05-09 03:48:44: ◇ injected env (3) from .env // tip: ⌘ multiple files { path: ['.env.local', '.env'] }
2026-05-09 03:48:45: ◇ injected env (3) from .env // tip: ⌘ multiple files { path: ['.env.local', '.env'] }
2026-05-09 03:48:46: ◇ injected env (3) from .env // tip: ◈ encrypted .env [www.dotenvx.com]
2026-05-09 03:48:47: ◇ injected env (3) from .env // tip: ⌘ suppress logs { quiet: true }
2026-05-09 03:48:48: ◇ injected env (3) from .env // tip: ⌘ suppress logs { quiet: true }
2026-05-09 03:48:49: ◇ injected env (3) from .env // tip: ⌘ multiple files { path: ['.env.local', '.env'] }
2026-05-09 03:48:50: ◇ injected env (3) from .env // tip: ⌘ override existing { override: true }
2026-05-09 03:48:51: ◇ injected env (3) from .env // tip: ◈ encrypted .env [www.dotenvx.com]
2026-05-09 03:48:52: ◇ injected env (3) from .env // tip: ⌘ suppress logs { quiet: true }
2026-05-09 03:48:53: ◇ injected env (3) from .env // tip: ⌘ suppress logs { quiet: true }
2026-05-09 03:48:54: ◇ injected env (3) from .env // tip: ◈ secrets for agents [www.dotenvx.com]
2026-05-09 03:48:55: ◇ injected env (3) from .env // tip: ⌁ auth for agents [www.vestauth.com]
2026-05-09 03:48:56: ◇ injected env (3) from .env // tip: ⌘ override existing { override: true }
2026-05-09 03:48:57: ◇ injected env (3) from .env // tip: ⌁ auth for agents [www.vestauth.com]
2026-05-09 03:48:59: ◇ injected env (3) from .env // tip: ◈ encrypted .env [www.dotenvx.com]
2026-05-09 03:49:00: ◇ injected env (3) from .env // tip: ⌁ auth for agents [www.vestauth.com]
2026-05-09 03:49:01: ◇ injected env (3) from .env // tip: ⌘ custom filepath { path: '/custom/path/.env' }
2026-05-09 03:49:02: ◇ injected env (3) from .env // tip: ⌁ auth for agents [www.vestauth.com]
2026-05-09 03:49:03: ◇ injected env (3) from .env // tip: ⌘ multiple files { path: ['.env.local', '.env'] }
2026-05-09 03:49:04: ◇ injected env (3) from .env // tip: ⌘ multiple files { path: ['.env.local', '.env'] }
2026-05-09 03:49:05: ◇ injected env (3) from .env // tip: ⌘ suppress logs { quiet: true }
2026-05-09 03:49:06: ◇ injected env (3) from .env // tip: ◈ encrypted .env [www.dotenvx.com]
2026-05-09 03:49:07: ◇ injected env (3) from .env // tip: ⌘ suppress logs { quiet: true }
2026-05-09 03:49:08: ◇ injected env (3) from .env // tip: ⌘ suppress logs { quiet: true }
2026-05-09 03:49:10: ◇ injected env (3) from .env // tip: ⌘ override existing { override: true }
2026-05-09 03:49:11: ◇ injected env (3) from .env // tip: ◈ secrets for agents [www.dotenvx.com]
2026-05-09 03:49:12: ◇ injected env (3) from .env // tip: ⌘ multiple files { path: ['.env.local', '.env'] }
2026-05-09 03:49:13: ◇ injected env (3) from .env // tip: ⌘ multiple files { path: ['.env.local', '.env'] }
2026-05-09 03:49:14: ◇ injected env (3) from .env // tip: ⌘ custom filepath { path: '/custom/path/.env' }
2026-05-09 03:49:15: ◇ injected env (3) from .env // tip: ⌁ auth for agents [www.vestauth.com]
2026-05-09 03:49:16: ◇ injected env (3) from .env // tip: ⌘ multiple files { path: ['.env.local', '.env'] }
2026-05-09 03:49:17: ◇ injected env (3) from .env // tip: ⌁ auth for agents [www.vestauth.com]
2026-05-09 03:49:18: ◇ injected env (3) from .env // tip: ◈ encrypted .env [www.dotenvx.com]
2026-05-09 03:49:19: ◇ injected env (3) from .env // tip: ⌘ override existing { override: true }
2026-05-09 03:49:20: ◇ injected env (3) from .env // tip: ⌘ enable debugging { debug: true }
2026-05-09 03:49:21: ◇ injected env (3) from .env // tip: ⌘ suppress logs { quiet: true }
2026-05-09 03:49:22: ◇ injected env (3) from .env // tip: ◈ secrets for agents [www.dotenvx.com]
2026-05-09 03:49:23: ◇ injected env (3) from .env // tip: ⌁ auth for agents [www.vestauth.com]
2026-05-09 03:49:24: ◇ injected env (3) from .env // tip: ◈ secrets for agents [www.dotenvx.com]
2026-05-09 03:49:25: ◇ injected env (3) from .env // tip: ◈ secrets for agents [www.dotenvx.com]
2026-05-09 03:49:26: ◇ injected env (3) from .env // tip: ⌁ auth for agents [www.vestauth.com]
2026-05-09 03:49:27: ◇ injected env (3) from .env // tip: ⌘ enable debugging { debug: true }
2026-05-09 03:49:29: ◇ injected env (3) from .env // tip: ◈ encrypted .env [www.dotenvx.com]
2026-05-09 03:49:30: ◇ injected env (3) from .env // tip: ⌁ auth for agents [www.vestauth.com]
2026-05-09 03:49:31: ◇ injected env (3) from .env // tip: ⌘ enable debugging { debug: true }
2026-05-09 03:49:32: ◇ injected env (3) from .env // tip: ◈ secrets for agents [www.dotenvx.com]
2026-05-09 03:49:33: ◇ injected env (3) from .env // tip: ⌘ enable debugging { debug: true }
2026-05-09 03:49:34: ◇ injected env (3) from .env // tip: ⌘ override existing { override: true }
2026-05-09 03:49:35: ◇ injected env (3) from .env // tip: ◈ encrypted .env [www.dotenvx.com]
2026-05-09 03:49:36: ◇ injected env (3) from .env // tip: ⌘ override existing { override: true }
2026-05-09 03:49:37: ◇ injected env (3) from .env // tip: ⌘ multiple files { path: ['.env.local', '.env'] }
2026-05-09 03:49:38: ◇ injected env (3) from .env // tip: ⌘ multiple files { path: ['.env.local', '.env'] }
2026-05-09 03:49:39: ◇ injected env (3) from .env // tip: ⌁ auth for agents [www.vestauth.com]
2026-05-09 03:49:40: ◇ injected env (3) from .env // tip: ⌘ suppress logs { quiet: true }
2026-05-09 03:49:41: ◇ injected env (3) from .env // tip: ⌘ custom filepath { path: '/custom/path/.env' }
2026-05-09 03:49:43: ◇ injected env (3) from .env // tip: ◈ secrets for agents [www.dotenvx.com]
2026-05-09 03:49:44: ◇ injected env (3) from .env // tip: ⌘ multiple files { path: ['.env.local', '.env'] }
2026-05-09 03:49:45: ◇ injected env (3) from .env // tip: ⌁ auth for agents [www.vestauth.com]
2026-05-09 03:49:46: ◇ injected env (3) from .env // tip: ◈ encrypted .env [www.dotenvx.com]
2026-05-09 03:49:47: ◇ injected env (3) from .env // tip: ⌘ enable debugging { debug: true }
2026-05-09 03:49:48: ◇ injected env (3) from .env // tip: ◈ secrets for agents [www.dotenvx.com]
2026-05-09 03:49:49: ◇ injected env (3) from .env // tip: ◈ encrypted .env [www.dotenvx.com]
2026-05-09 03:49:50: ◇ injected env (3) from .env // tip: ⌘ multiple files { path: ['.env.local', '.env'] }
2026-05-09 03:49:51: ◇ injected env (3) from .env // tip: ⌘ suppress logs { quiet: true }
2026-05-09 03:49:52: ◇ injected env (3) from .env // tip: ◈ secrets for agents [www.dotenvx.com]
2026-05-09 03:49:53: ◇ injected env (3) from .env // tip: ⌘ suppress logs { quiet: true }
2026-05-09 03:49:54: ◇ injected env (3) from .env // tip: ⌘ multiple files { path: ['.env.local', '.env'] }
2026-05-09 03:49:55: ◇ injected env (3) from .env // tip: ⌘ multiple files { path: ['.env.local', '.env'] }
2026-05-09 03:49:57: ◇ injected env (3) from .env // tip: ⌘ enable debugging { debug: true }
2026-05-09 03:49:58: ◇ injected env (3) from .env // tip: ⌘ suppress logs { quiet: true }
2026-05-09 03:49:59: ◇ injected env (3) from .env // tip: ◈ secrets for agents [www.dotenvx.com]
2026-05-09 03:50:00: ◇ injected env (3) from .env // tip: ⌘ enable debugging { debug: true }
2026-05-09 03:50:01: ◇ injected env (3) from .env // tip: ⌘ enable debugging { debug: true }
2026-05-09 03:50:02: ◇ injected env (3) from .env // tip: ⌘ multiple files { path: ['.env.local', '.env'] }
2026-05-09 03:50:03: ◇ injected env (3) from .env // tip: ⌘ override existing { override: true }
2026-05-09 03:50:04: ◇ injected env (3) from .env // tip: ⌘ enable debugging { debug: true }
2026-05-09 03:50:05: ◇ injected env (3) from .env // tip: ⌘ enable debugging { debug: true }
2026-05-09 03:50:06: ◇ injected env (3) from .env // tip: ⌁ auth for agents [www.vestauth.com]
2026-05-09 03:50:07: ◇ injected env (3) from .env // tip: ⌘ multiple files { path: ['.env.local', '.env'] }
2026-05-09 03:50:08: ◇ injected env (3) from .env // tip: ◈ encrypted .env [www.dotenvx.com]
2026-05-09 03:50:09: ◇ injected env (3) from .env // tip: ⌘ custom filepath { path: '/custom/path/.env' }
2026-05-09 03:50:10: ◇ injected env (3) from .env // tip: ◈ encrypted .env [www.dotenvx.com]
2026-05-09 03:50:12: ◇ injected env (3) from .env // tip: ◈ secrets for agents [www.dotenvx.com]
2026-05-09 03:50:13: ◇ injected env (3) from .env // tip: ⌘ enable debugging { debug: true }
2026-05-09 03:50:14: ◇ injected env (3) from .env // tip: ◈ secrets for agents [www.dotenvx.com]
2026-05-09 03:50:15: ◇ injected env (3) from .env // tip: ◈ encrypted .env [www.dotenvx.com]
2026-05-09 03:50:16: ◇ injected env (3) from .env // tip: ⌘ enable debugging { debug: true }
2026-05-09 03:50:17: ◇ injected env (3) from .env // tip: ⌘ enable debugging { debug: true }
2026-05-09 03:50:18: ◇ injected env (3) from .env // tip: ⌘ override existing { override: true }
2026-05-09 03:50:19: ◇ injected env (3) from .env // tip: ◈ secrets for agents [www.dotenvx.com]
2026-05-09 03:50:20: ◇ injected env (3) from .env // tip: ◈ secrets for agents [www.dotenvx.com]
2026-05-09 03:50:21: ◇ injected env (3) from .env // tip: ◈ encrypted .env [www.dotenvx.com]
2026-05-09 03:50:22: ◇ injected env (3) from .env // tip: ⌘ custom filepath { path: '/custom/path/.env' }
2026-05-09 03:50:23: ◇ injected env (3) from .env // tip: ⌘ custom filepath { path: '/custom/path/.env' }
2026-05-09 03:50:24: ◇ injected env (3) from .env // tip: ⌘ override existing { override: true }
2026-05-09 03:50:25: ◇ injected env (3) from .env // tip: ⌘ suppress logs { quiet: true }
2026-05-09 03:50:26: ◇ injected env (3) from .env // tip: ⌘ enable debugging { debug: true }
2026-05-09 03:50:27: ◇ injected env (3) from .env // tip: ⌘ custom filepath { path: '/custom/path/.env' }
2026-05-09 03:50:29: ◇ injected env (3) from .env // tip: ⌘ override existing { override: true }
2026-05-09 03:50:30: ◇ injected env (3) from .env // tip: ⌘ suppress logs { quiet: true }
2026-05-09 03:50:31: ◇ injected env (3) from .env // tip: ◈ encrypted .env [www.dotenvx.com]
2026-05-09 03:50:32: ◇ injected env (3) from .env // tip: ⌘ enable debugging { debug: true }
2026-05-09 03:50:33: ◇ injected env (3) from .env // tip: ⌘ multiple files { path: ['.env.local', '.env'] }
2026-05-09 03:50:34: ◇ injected env (3) from .env // tip: ⌘ override existing { override: true }
2026-05-09 03:50:35: ◇ injected env (3) from .env // tip: ⌘ enable debugging { debug: true }
2026-05-09 03:50:36: ◇ injected env (3) from .env // tip: ⌘ suppress logs { quiet: true }
2026-05-09 03:50:37: ◇ injected env (3) from .env // tip: ⌘ enable debugging { debug: true }
2026-05-09 03:50:38: ◇ injected env (3) from .env // tip: ⌘ suppress logs { quiet: true }
2026-05-09 03:50:39: ◇ injected env (3) from .env // tip: ◈ secrets for agents [www.dotenvx.com]
2026-05-09 03:50:40: ◇ injected env (3) from .env // tip: ⌘ override existing { override: true }
2026-05-09 03:50:42: ◇ injected env (3) from .env // tip: ⌁ auth for agents [www.vestauth.com]
2026-05-09 03:50:43: ◇ injected env (3) from .env // tip: ⌘ suppress logs { quiet: true }
2026-05-09 03:50:44: ◇ injected env (3) from .env // tip: ⌁ auth for agents [www.vestauth.com]
2026-05-09 03:50:45: ◇ injected env (3) from .env // tip: ⌘ enable debugging { debug: true }
2026-05-09 03:50:46: ◇ injected env (3) from .env // tip: ⌘ multiple files { path: ['.env.local', '.env'] }
2026-05-09 03:50:47: ◇ injected env (3) from .env // tip: ⌘ custom filepath { path: '/custom/path/.env' }
2026-05-09 03:50:48: ◇ injected env (3) from .env // tip: ⌘ override existing { override: true }
2026-05-09 03:50:49: ◇ injected env (3) from .env // tip: ⌘ multiple files { path: ['.env.local', '.env'] }
2026-05-09 03:50:50: ◇ injected env (3) from .env // tip: ⌘ suppress logs { quiet: true }
2026-05-09 03:50:51: ◇ injected env (3) from .env // tip: ⌘ custom filepath { path: '/custom/path/.env' }
2026-05-09 03:50:52: ◇ injected env (3) from .env // tip: ⌁ auth for agents [www.vestauth.com]
2026-05-09 03:50:53: ◇ injected env (3) from .env // tip: ⌘ suppress logs { quiet: true }
2026-05-09 03:50:54: ◇ injected env (3) from .env // tip: ⌁ auth for agents [www.vestauth.com]
2026-05-09 03:50:55: ◇ injected env (3) from .env // tip: ⌘ multiple files { path: ['.env.local', '.env'] }
2026-05-09 03:50:56: ◇ injected env (3) from .env // tip: ⌘ suppress logs { quiet: true }
2026-05-09 03:50:57: ◇ injected env (3) from .env // tip: ⌁ auth for agents [www.vestauth.com]
2026-05-09 03:50:59: ◇ injected env (3) from .env // tip: ⌁ auth for agents [www.vestauth.com]
2026-05-09 03:51:00: ◇ injected env (3) from .env // tip: ⌁ auth for agents [www.vestauth.com]
2026-05-09 03:51:01: ◇ injected env (3) from .env // tip: ⌘ multiple files { path: ['.env.local', '.env'] }
2026-05-09 03:51:02: ◇ injected env (3) from .env // tip: ⌘ enable debugging { debug: true }
2026-05-09 03:51:03: ◇ injected env (3) from .env // tip: ◈ encrypted .env [www.dotenvx.com]
2026-05-09 03:51:04: ◇ injected env (3) from .env // tip: ⌘ multiple files { path: ['.env.local', '.env'] }
2026-05-09 03:51:05: ◇ injected env (3) from .env // tip: ⌘ multiple files { path: ['.env.local', '.env'] }
2026-05-09 03:51:06: ◇ injected env (3) from .env // tip: ◈ encrypted .env [www.dotenvx.com]
2026-05-09 03:51:07: ◇ injected env (3) from .env // tip: ◈ encrypted .env [www.dotenvx.com]
2026-05-09 03:51:08: ◇ injected env (3) from .env // tip: ⌁ auth for agents [www.vestauth.com]
2026-05-09 03:51:09: ◇ injected env (3) from .env // tip: ◈ secrets for agents [www.dotenvx.com]
2026-05-09 03:51:10: ◇ injected env (3) from .env // tip: ◈ encrypted .env [www.dotenvx.com]
2026-05-09 03:51:11: ◇ injected env (3) from .env // tip: ⌘ multiple files { path: ['.env.local', '.env'] }
2026-05-09 03:51:12: ◇ injected env (3) from .env // tip: ⌘ override existing { override: true }
2026-05-09 03:51:13: ◇ injected env (3) from .env // tip: ⌘ enable debugging { debug: true }
2026-05-09 03:51:14: ◇ injected env (3) from .env // tip: ◈ encrypted .env [www.dotenvx.com]
2026-05-09 03:51:16: ◇ injected env (3) from .env // tip: ◈ secrets for agents [www.dotenvx.com]
2026-05-09 03:51:17: ◇ injected env (3) from .env // tip: ⌘ enable debugging { debug: true }
2026-05-09 03:51:18: ◇ injected env (3) from .env // tip: ◈ encrypted .env [www.dotenvx.com]
2026-05-09 03:51:19: ◇ injected env (3) from .env // tip: ◈ secrets for agents [www.dotenvx.com]
2026-05-09 03:51:20: ◇ injected env (3) from .env // tip: ⌘ suppress logs { quiet: true }
2026-05-09 03:51:21: ◇ injected env (3) from .env // tip: ⌘ multiple files { path: ['.env.local', '.env'] }
2026-05-09 03:51:22: ◇ injected env (3) from .env // tip: ⌘ multiple files { path: ['.env.local', '.env'] }
2026-05-09 03:51:23: ◇ injected env (3) from .env // tip: ⌘ enable debugging { debug: true }
2026-05-09 03:51:24: ◇ injected env (3) from .env // tip: ⌁ auth for agents [www.vestauth.com]
2026-05-09 03:51:25: ◇ injected env (3) from .env // tip: ◈ encrypted .env [www.dotenvx.com]
2026-05-09 03:51:26: ◇ injected env (3) from .env // tip: ⌘ custom filepath { path: '/custom/path/.env' }
2026-05-09 03:51:27: ◇ injected env (3) from .env // tip: ⌘ suppress logs { quiet: true }
2026-05-09 03:51:28: ◇ injected env (3) from .env // tip: ⌘ suppress logs { quiet: true }
2026-05-09 03:51:29: ◇ injected env (3) from .env // tip: ⌘ override existing { override: true }
2026-05-09 03:51:30: ◇ injected env (3) from .env // tip: ⌘ multiple files { path: ['.env.local', '.env'] }
2026-05-09 03:51:31: ◇ injected env (3) from .env // tip: ⌘ suppress logs { quiet: true }
2026-05-09 03:51:33: ◇ injected env (3) from .env // tip: ⌘ custom filepath { path: '/custom/path/.env' }
2026-05-09 03:51:34: ◇ injected env (3) from .env // tip: ⌁ auth for agents [www.vestauth.com]
2026-05-09 03:51:35: ◇ injected env (3) from .env // tip: ◈ encrypted .env [www.dotenvx.com]
2026-05-09 03:51:36: ◇ injected env (3) from .env // tip: ⌘ custom filepath { path: '/custom/path/.env' }
2026-05-09 03:51:37: ◇ injected env (3) from .env // tip: ⌘ suppress logs { quiet: true }
2026-05-09 03:51:38: ◇ injected env (3) from .env // tip: ⌘ multiple files { path: ['.env.local', '.env'] }
2026-05-09 03:51:39: ◇ injected env (3) from .env // tip: ⌘ custom filepath { path: '/custom/path/.env' }
2026-05-09 03:51:40: ◇ injected env (3) from .env // tip: ⌘ multiple files { path: ['.env.local', '.env'] }
2026-05-09 03:51:41: ◇ injected env (3) from .env // tip: ⌘ override existing { override: true }
2026-05-09 03:51:43: ◇ injected env (3) from .env // tip: ⌁ auth for agents [www.vestauth.com]
2026-05-09 03:51:44: ◇ injected env (3) from .env // tip: ⌘ custom filepath { path: '/custom/path/.env' }
2026-05-09 03:51:45: ◇ injected env (3) from .env // tip: ⌘ enable debugging { debug: true }
2026-05-09 03:51:46: ◇ injected env (3) from .env // tip: ⌘ override existing { override: true }
2026-05-09 03:51:47: ◇ injected env (3) from .env // tip: ⌘ multiple files { path: ['.env.local', '.env'] }
2026-05-09 03:51:48: ◇ injected env (3) from .env // tip: ⌁ auth for agents [www.vestauth.com]
2026-05-09 03:51:49: ◇ injected env (3) from .env // tip: ⌘ suppress logs { quiet: true }
2026-05-09 03:51:50: ◇ injected env (3) from .env // tip: ⌘ custom filepath { path: '/custom/path/.env' }
2026-05-09 03:51:51: ◇ injected env (3) from .env // tip: ◈ encrypted .env [www.dotenvx.com]
2026-05-09 03:51:52: ◇ injected env (3) from .env // tip: ◈ secrets for agents [www.dotenvx.com]
2026-05-09 03:51:53: ◇ injected env (3) from .env // tip: ⌘ override existing { override: true }
2026-05-09 03:51:54: ◇ injected env (3) from .env // tip: ⌘ multiple files { path: ['.env.local', '.env'] }
2026-05-09 03:51:55: ◇ injected env (3) from .env // tip: ◈ secrets for agents [www.dotenvx.com]
2026-05-09 03:51:56: ◇ injected env (3) from .env // tip: ⌘ multiple files { path: ['.env.local', '.env'] }
2026-05-09 03:51:57: ◇ injected env (3) from .env // tip: ⌘ multiple files { path: ['.env.local', '.env'] }
2026-05-09 03:51:58: ◇ injected env (3) from .env // tip: ⌘ suppress logs { quiet: true }
2026-05-09 03:51:59: ◇ injected env (3) from .env // tip: ⌘ override existing { override: true }
2026-05-09 03:52:00: ◇ injected env (3) from .env // tip: ⌘ suppress logs { quiet: true }
2026-05-09 03:52:02: ◇ injected env (3) from .env // tip: ⌘ custom filepath { path: '/custom/path/.env' }
2026-05-09 03:52:03: ◇ injected env (3) from .env // tip: ⌘ enable debugging { debug: true }
2026-05-09 03:52:04: ◇ injected env (3) from .env // tip: ⌁ auth for agents [www.vestauth.com]
2026-05-09 03:52:05: ◇ injected env (3) from .env // tip: ⌘ override existing { override: true }
2026-05-09 03:52:06: ◇ injected env (3) from .env // tip: ◈ secrets for agents [www.dotenvx.com]
2026-05-09 03:52:07: ◇ injected env (3) from .env // tip: ⌘ override existing { override: true }
2026-05-09 03:52:08: ◇ injected env (3) from .env // tip: ⌘ override existing { override: true }
2026-05-09 03:52:09: ◇ injected env (3) from .env // tip: ◈ encrypted .env [www.dotenvx.com]
2026-05-09 03:52:10: ◇ injected env (3) from .env // tip: ⌘ override existing { override: true }
2026-05-09 03:52:11: ◇ injected env (3) from .env // tip: ⌘ multiple files { path: ['.env.local', '.env'] }
2026-05-09 03:52:12: ◇ injected env (3) from .env // tip: ⌘ custom filepath { path: '/custom/path/.env' }
2026-05-09 03:52:13: ◇ injected env (3) from .env // tip: ⌘ override existing { override: true }
2026-05-09 03:52:14: ◇ injected env (3) from .env // tip: ⌘ enable debugging { debug: true }
2026-05-09 03:52:15: ◇ injected env (3) from .env // tip: ◈ encrypted .env [www.dotenvx.com]
2026-05-09 03:52:16: ◇ injected env (3) from .env // tip: ⌁ auth for agents [www.vestauth.com]
2026-05-09 03:52:17: ◇ injected env (3) from .env // tip: ◈ encrypted .env [www.dotenvx.com]
2026-05-09 03:52:19: ◇ injected env (3) from .env // tip: ⌁ auth for agents [www.vestauth.com]
2026-05-09 03:52:20: ◇ injected env (3) from .env // tip: ◈ encrypted .env [www.dotenvx.com]
2026-05-09 03:52:21: ◇ injected env (3) from .env // tip: ⌘ suppress logs { quiet: true }
2026-05-09 03:52:22: ◇ injected env (3) from .env // tip: ⌘ enable debugging { debug: true }
2026-05-09 03:52:23: ◇ injected env (3) from .env // tip: ⌘ enable debugging { debug: true }
2026-05-09 03:52:24: ◇ injected env (3) from .env // tip: ◈ secrets for agents [www.dotenvx.com]
2026-05-09 03:52:25: ◇ injected env (3) from .env // tip: ⌘ custom filepath { path: '/custom/path/.env' }
2026-05-09 03:52:26: ◇ injected env (3) from .env // tip: ⌘ enable debugging { debug: true }
2026-05-09 03:52:27: ◇ injected env (3) from .env // tip: ⌘ enable debugging { debug: true }
2026-05-09 03:52:28: ◇ injected env (3) from .env // tip: ◈ secrets for agents [www.dotenvx.com]
2026-05-09 03:52:29: ◇ injected env (3) from .env // tip: ⌘ multiple files { path: ['.env.local', '.env'] }
2026-05-09 03:52:30: ◇ injected env (3) from .env // tip: ⌘ custom filepath { path: '/custom/path/.env' }
2026-05-09 03:52:31: ◇ injected env (3) from .env // tip: ⌁ auth for agents [www.vestauth.com]
2026-05-09 03:52:32: ◇ injected env (3) from .env // tip: ◈ encrypted .env [www.dotenvx.com]
2026-05-09 03:52:33: ◇ injected env (3) from .env // tip: ◈ secrets for agents [www.dotenvx.com]
2026-05-09 03:52:34: ◇ injected env (3) from .env // tip: ⌘ enable debugging { debug: true }
2026-05-09 03:52:36: ◇ injected env (3) from .env // tip: ⌘ enable debugging { debug: true }
2026-05-09 03:52:37: ◇ injected env (3) from .env // tip: ⌘ multiple files { path: ['.env.local', '.env'] }
2026-05-09 03:52:38: ◇ injected env (3) from .env // tip: ◈ secrets for agents [www.dotenvx.com]
2026-05-09 03:52:39: ◇ injected env (3) from .env // tip: ⌘ custom filepath { path: '/custom/path/.env' }
2026-05-09 03:52:40: ◇ injected env (3) from .env // tip: ⌘ suppress logs { quiet: true }
2026-05-09 03:52:41: ◇ injected env (3) from .env // tip: ⌁ auth for agents [www.vestauth.com]
2026-05-09 03:52:42: ◇ injected env (3) from .env // tip: ⌘ custom filepath { path: '/custom/path/.env' }
2026-05-09 03:52:43: ◇ injected env (3) from .env // tip: ⌁ auth for agents [www.vestauth.com]
2026-05-09 03:52:44: ◇ injected env (3) from .env // tip: ◈ encrypted .env [www.dotenvx.com]
2026-05-09 03:52:45: ◇ injected env (3) from .env // tip: ⌘ override existing { override: true }
2026-05-09 03:52:46: ◇ injected env (3) from .env // tip: ⌘ multiple files { path: ['.env.local', '.env'] }
2026-05-09 03:52:47: ◇ injected env (3) from .env // tip: ⌘ override existing { override: true }
2026-05-09 03:52:48: ◇ injected env (3) from .env // tip: ⌘ suppress logs { quiet: true }
2026-05-09 03:52:49: ◇ injected env (3) from .env // tip: ⌁ auth for agents [www.vestauth.com]
2026-05-09 03:52:50: ◇ injected env (3) from .env // tip: ⌘ multiple files { path: ['.env.local', '.env'] }
2026-05-09 03:52:52: ◇ injected env (3) from .env // tip: ⌘ multiple files { path: ['.env.local', '.env'] }
2026-05-09 03:52:53: ◇ injected env (3) from .env // tip: ◈ encrypted .env [www.dotenvx.com]
2026-05-09 03:52:54: ◇ injected env (3) from .env // tip: ⌘ custom filepath { path: '/custom/path/.env' }
2026-05-09 03:52:55: ◇ injected env (3) from .env // tip: ⌁ auth for agents [www.vestauth.com]
2026-05-09 03:52:56: ◇ injected env (3) from .env // tip: ⌘ custom filepath { path: '/custom/path/.env' }
2026-05-09 03:52:57: ◇ injected env (3) from .env // tip: ⌘ suppress logs { quiet: true }
2026-05-09 03:52:58: ◇ injected env (3) from .env // tip: ⌘ multiple files { path: ['.env.local', '.env'] }
2026-05-09 03:52:59: ◇ injected env (3) from .env // tip: ⌘ override existing { override: true }
2026-05-09 03:53:00: ◇ injected env (3) from .env // tip: ⌘ enable debugging { debug: true }
2026-05-09 03:53:01: ◇ injected env (3) from .env // tip: ⌘ suppress logs { quiet: true }
2026-05-09 03:53:02: ◇ injected env (3) from .env // tip: ⌘ multiple files { path: ['.env.local', '.env'] }
2026-05-09 03:53:03: ◇ injected env (3) from .env // tip: ⌘ override existing { override: true }
2026-05-09 03:53:04: ◇ injected env (3) from .env // tip: ⌁ auth for agents [www.vestauth.com]
2026-05-09 03:53:05: ◇ injected env (3) from .env // tip: ⌘ enable debugging { debug: true }
2026-05-09 03:53:06: ◇ injected env (3) from .env // tip: ◈ encrypted .env [www.dotenvx.com]
2026-05-09 03:53:07: ◇ injected env (3) from .env // tip: ⌘ enable debugging { debug: true }
2026-05-09 03:53:09: ◇ injected env (3) from .env // tip: ⌁ auth for agents [www.vestauth.com]
2026-05-09 03:53:10: ◇ injected env (3) from .env // tip: ⌘ enable debugging { debug: true }
2026-05-09 03:53:11: ◇ injected env (3) from .env // tip: ◈ encrypted .env [www.dotenvx.com]
2026-05-09 03:53:12: ◇ injected env (3) from .env // tip: ⌘ multiple files { path: ['.env.local', '.env'] }
2026-05-09 03:53:13: ◇ injected env (3) from .env // tip: ⌘ enable debugging { debug: true }
2026-05-09 03:53:14: ◇ injected env (3) from .env // tip: ⌘ override existing { override: true }
2026-05-09 03:53:15: ◇ injected env (3) from .env // tip: ⌁ auth for agents [www.vestauth.com]
2026-05-09 03:53:16: ◇ injected env (3) from .env // tip: ◈ encrypted .env [www.dotenvx.com]
2026-05-09 03:53:17: ◇ injected env (3) from .env // tip: ⌁ auth for agents [www.vestauth.com]
2026-05-09 03:53:18: ◇ injected env (3) from .env // tip: ⌘ override existing { override: true }
2026-05-09 03:53:19: ◇ injected env (3) from .env // tip: ◈ encrypted .env [www.dotenvx.com]
2026-05-09 03:53:20: ◇ injected env (3) from .env // tip: ⌘ override existing { override: true }
2026-05-09 03:53:21: ◇ injected env (3) from .env // tip: ⌘ multiple files { path: ['.env.local', '.env'] }
2026-05-09 03:53:22: ◇ injected env (3) from .env // tip: ⌘ enable debugging { debug: true }
2026-05-09 03:53:23: ◇ injected env (3) from .env // tip: ◈ secrets for agents [www.dotenvx.com]
2026-05-09 03:53:24: ◇ injected env (3) from .env // tip: ⌘ enable debugging { debug: true }
2026-05-09 03:53:26: ◇ injected env (3) from .env // tip: ⌘ override existing { override: true }
2026-05-09 03:53:27: ◇ injected env (3) from .env // tip: ◈ encrypted .env [www.dotenvx.com]
2026-05-09 03:53:28: ◇ injected env (3) from .env // tip: ⌘ override existing { override: true }
2026-05-09 03:53:29: ◇ injected env (3) from .env // tip: ⌘ enable debugging { debug: true }
2026-05-09 03:53:30: ◇ injected env (3) from .env // tip: ⌘ enable debugging { debug: true }
2026-05-09 03:53:31: ◇ injected env (3) from .env // tip: ◈ encrypted .env [www.dotenvx.com]
2026-05-09 03:53:32: ◇ injected env (3) from .env // tip: ◈ secrets for agents [www.dotenvx.com]
2026-05-09 03:53:33: ◇ injected env (3) from .env // tip: ⌘ custom filepath { path: '/custom/path/.env' }
2026-05-09 03:53:34: ◇ injected env (3) from .env // tip: ⌘ override existing { override: true }
2026-05-09 03:53:35: ◇ injected env (3) from .env // tip: ◈ encrypted .env [www.dotenvx.com]
2026-05-09 03:53:36: ◇ injected env (3) from .env // tip: ⌘ custom filepath { path: '/custom/path/.env' }
2026-05-09 03:53:37: ◇ injected env (3) from .env // tip: ⌘ custom filepath { path: '/custom/path/.env' }
2026-05-09 03:53:38: ◇ injected env (3) from .env // tip: ⌘ suppress logs { quiet: true }
2026-05-09 03:53:40: ◇ injected env (3) from .env // tip: ⌘ multiple files { path: ['.env.local', '.env'] }
2026-05-09 03:53:41: ◇ injected env (3) from .env // tip: ⌘ multiple files { path: ['.env.local', '.env'] }
2026-05-09 03:53:42: ◇ injected env (3) from .env // tip: ◈ secrets for agents [www.dotenvx.com]
2026-05-09 03:53:43: ◇ injected env (3) from .env // tip: ⌘ custom filepath { path: '/custom/path/.env' }
2026-05-09 03:53:44: ◇ injected env (3) from .env // tip: ⌁ auth for agents [www.vestauth.com]
2026-05-09 03:53:45: ◇ injected env (3) from .env // tip: ⌘ custom filepath { path: '/custom/path/.env' }
2026-05-09 03:53:46: ◇ injected env (3) from .env // tip: ⌘ suppress logs { quiet: true }
2026-05-09 03:53:47: ◇ injected env (3) from .env // tip: ⌘ override existing { override: true }
2026-05-09 03:53:48: ◇ injected env (3) from .env // tip: ◈ secrets for agents [www.dotenvx.com]
2026-05-09 03:53:49: ◇ injected env (3) from .env // tip: ⌘ custom filepath { path: '/custom/path/.env' }
2026-05-09 03:53:50: ◇ injected env (3) from .env // tip: ⌘ custom filepath { path: '/custom/path/.env' }
2026-05-09 03:53:51: ◇ injected env (3) from .env // tip: ⌘ enable debugging { debug: true }
2026-05-09 03:53:52: ◇ injected env (3) from .env // tip: ⌘ custom filepath { path: '/custom/path/.env' }
2026-05-09 03:53:53: ◇ injected env (3) from .env // tip: ⌘ suppress logs { quiet: true }
2026-05-09 03:53:54: ◇ injected env (3) from .env // tip: ◈ encrypted .env [www.dotenvx.com]
2026-05-09 03:53:56: ◇ injected env (3) from .env // tip: ◈ secrets for agents [www.dotenvx.com]
2026-05-09 03:53:57: ◇ injected env (3) from .env // tip: ⌘ suppress logs { quiet: true }
2026-05-09 03:53:59: ◇ injected env (3) from .env // tip: ⌁ auth for agents [www.vestauth.com]
2026-05-09 03:54:00: ◇ injected env (3) from .env // tip: ◈ secrets for agents [www.dotenvx.com]
2026-05-09 03:54:01: ◇ injected env (3) from .env // tip: ◈ secrets for agents [www.dotenvx.com]
2026-05-09 03:54:02: ◇ injected env (3) from .env // tip: ⌁ auth for agents [www.vestauth.com]
2026-05-09 03:54:04: ◇ injected env (3) from .env // tip: ⌁ auth for agents [www.vestauth.com]
2026-05-09 03:54:05: ◇ injected env (3) from .env // tip: ⌁ auth for agents [www.vestauth.com]
2026-05-09 03:54:06: ◇ injected env (3) from .env // tip: ⌁ auth for agents [www.vestauth.com]
2026-05-09 03:54:07: ◇ injected env (3) from .env // tip: ◈ secrets for agents [www.dotenvx.com]
2026-05-09 03:54:08: ◇ injected env (3) from .env // tip: ⌘ custom filepath { path: '/custom/path/.env' }
2026-05-09 03:54:09: ◇ injected env (3) from .env // tip: ◈ secrets for agents [www.dotenvx.com]
2026-05-09 03:54:11: ◇ injected env (3) from .env // tip: ⌁ auth for agents [www.vestauth.com]
2026-05-09 03:54:12: ◇ injected env (3) from .env // tip: ⌁ auth for agents [www.vestauth.com]
2026-05-09 03:54:13: ◇ injected env (3) from .env // tip: ⌘ suppress logs { quiet: true }
2026-05-09 03:54:15: ◇ injected env (3) from .env // tip: ⌁ auth for agents [www.vestauth.com]
2026-05-09 03:54:16: ◇ injected env (3) from .env // tip: ⌁ auth for agents [www.vestauth.com]
2026-05-09 03:54:17: ◇ injected env (3) from .env // tip: ⌘ custom filepath { path: '/custom/path/.env' }
2026-05-09 03:54:18: ◇ injected env (3) from .env // tip: ⌘ override existing { override: true }
2026-05-09 03:54:19: ◇ injected env (3) from .env // tip: ⌘ enable debugging { debug: true }
2026-05-09 03:54:20: ◇ injected env (3) from .env // tip: ⌘ custom filepath { path: '/custom/path/.env' }
2026-05-09 03:54:21: ◇ injected env (3) from .env // tip: ◈ secrets for agents [www.dotenvx.com]
2026-05-09 03:54:22: ◇ injected env (3) from .env // tip: ⌘ custom filepath { path: '/custom/path/.env' }
2026-05-09 03:54:23: ◇ injected env (3) from .env // tip: ⌘ suppress logs { quiet: true }
2026-05-09 03:54:25: ◇ injected env (3) from .env // tip: ⌘ suppress logs { quiet: true }
2026-05-09 03:54:26: ◇ injected env (3) from .env // tip: ⌘ suppress logs { quiet: true }
2026-05-09 03:54:27: ◇ injected env (3) from .env // tip: ◈ encrypted .env [www.dotenvx.com]
2026-05-09 03:54:28: ◇ injected env (3) from .env // tip: ⌘ override existing { override: true }
2026-05-09 03:54:29: ◇ injected env (3) from .env // tip: ⌁ auth for agents [www.vestauth.com]
2026-05-09 03:54:30: ◇ injected env (3) from .env // tip: ◈ encrypted .env [www.dotenvx.com]
2026-05-09 03:54:31: ◇ injected env (3) from .env // tip: ⌘ multiple files { path: ['.env.local', '.env'] }
2026-05-09 03:54:33: ◇ injected env (3) from .env // tip: ⌘ multiple files { path: ['.env.local', '.env'] }
2026-05-09 03:54:34: ◇ injected env (3) from .env // tip: ⌁ auth for agents [www.vestauth.com]
2026-05-09 03:54:35: ◇ injected env (3) from .env // tip: ⌘ enable debugging { debug: true }
2026-05-09 03:54:36: ◇ injected env (3) from .env // tip: ⌁ auth for agents [www.vestauth.com]
2026-05-09 03:54:37: ◇ injected env (3) from .env // tip: ⌘ custom filepath { path: '/custom/path/.env' }
2026-05-09 03:54:39: ◇ injected env (3) from .env // tip: ⌘ multiple files { path: ['.env.local', '.env'] }
2026-05-09 03:54:40: ◇ injected env (3) from .env // tip: ⌘ override existing { override: true }
2026-05-09 03:54:41: ◇ injected env (3) from .env // tip: ⌘ override existing { override: true }
2026-05-09 03:54:42: ◇ injected env (3) from .env // tip: ⌘ custom filepath { path: '/custom/path/.env' }
2026-05-09 03:54:43: ◇ injected env (3) from .env // tip: ⌁ auth for agents [www.vestauth.com]
2026-05-09 03:54:45: ◇ injected env (3) from .env // tip: ◈ secrets for agents [www.dotenvx.com]
2026-05-09 03:54:46: ◇ injected env (3) from .env // tip: ◈ secrets for agents [www.dotenvx.com]
2026-05-09 03:54:47: ◇ injected env (3) from .env // tip: ◈ encrypted .env [www.dotenvx.com]
2026-05-09 03:54:48: ◇ injected env (3) from .env // tip: ⌘ custom filepath { path: '/custom/path/.env' }
2026-05-09 03:54:49: ◇ injected env (3) from .env // tip: ⌘ custom filepath { path: '/custom/path/.env' }
2026-05-09 03:54:50: ◇ injected env (3) from .env // tip: ⌁ auth for agents [www.vestauth.com]
2026-05-09 03:54:51: ◇ injected env (3) from .env // tip: ⌘ override existing { override: true }
2026-05-09 03:54:52: ◇ injected env (3) from .env // tip: ⌘ custom filepath { path: '/custom/path/.env' }
2026-05-09 03:54:53: ◇ injected env (3) from .env // tip: ⌘ suppress logs { quiet: true }
2026-05-09 03:54:55: ◇ injected env (3) from .env // tip: ⌘ override existing { override: true }
2026-05-09 03:54:56: ◇ injected env (3) from .env // tip: ⌘ custom filepath { path: '/custom/path/.env' }
2026-05-09 03:54:57: ◇ injected env (3) from .env // tip: ⌘ suppress logs { quiet: true }
2026-05-09 03:54:58: ◇ injected env (3) from .env // tip: ◈ encrypted .env [www.dotenvx.com]
2026-05-09 03:54:59: ◇ injected env (3) from .env // tip: ⌘ suppress logs { quiet: true }
2026-05-09 03:55:00: ◇ injected env (3) from .env // tip: ◈ encrypted .env [www.dotenvx.com]
2026-05-09 03:55:02: ◇ injected env (3) from .env // tip: ⌘ override existing { override: true }
2026-05-09 03:55:03: ◇ injected env (3) from .env // tip: ⌁ auth for agents [www.vestauth.com]
2026-05-09 03:55:04: ◇ injected env (3) from .env // tip: ⌘ override existing { override: true }
2026-05-09 03:55:05: ◇ injected env (3) from .env // tip: ⌘ override existing { override: true }
2026-05-09 03:55:06: ◇ injected env (3) from .env // tip: ⌘ multiple files { path: ['.env.local', '.env'] }
2026-05-09 03:55:07: ◇ injected env (3) from .env // tip: ⌘ multiple files { path: ['.env.local', '.env'] }
2026-05-09 03:55:08: ◇ injected env (3) from .env // tip: ⌘ suppress logs { quiet: true }
2026-05-09 03:55:09: ◇ injected env (3) from .env // tip: ⌘ suppress logs { quiet: true }
2026-05-09 03:55:11: ◇ injected env (3) from .env // tip: ◈ secrets for agents [www.dotenvx.com]
2026-05-09 03:55:11: Server running on port 5000
2026-05-09 03:55:28: ◇ injected env (3) from .env // tip: ⌘ custom filepath { path: '/custom/path/.env' }
2026-05-09 03:55:29: Server running on port 5000
2026-05-09 04:04:26: ◇ injected env (3) from .env // tip: ⌘ enable debugging { debug: true }
2026-05-09 04:04:27: Server running on port 5000
2026-05-09 05:10:16: ◇ injected env (3) from .env // tip: ◈ secrets for agents [www.dotenvx.com]
2026-05-09 05:10:17: Server running on port 5000
2026-05-09 05:16:40: ◇ injected env (3) from .env // tip: ⌘ enable debugging { debug: true }
2026-05-09 05:16:41: Server running on port 5000
2026-05-09 05:22:03: ◇ injected env (3) from .env // tip: ◈ secrets for agents [www.dotenvx.com]
2026-05-09 05:22:04: Server running on port 5000
2026-05-10 11:43:00: ◇ injected env (3) from .env // tip: ⌁ auth for agents [www.vestauth.com]
2026-05-10 11:43:02: Server running on port 5000
